algorithm,dataset,status,n_features,n_rows,r2,rmse,complexity,seconds,error,expression
sbp,1027_ESL,ok,4,200,0.640231,0.915515,623,2018.44,,0.271749+0.513368*((((0.679646*((0.002655*((((x3*x2)+(x1*x0))*36.088000)-(533.326195+(-19.763950*(((x0aqx3)-(11.199000aqx1))*((0.000000aqx3)-(x1*x2)))))))+((-0.009615*(((((x2*x0)aq(x0+29.517000))-((x1+x1)aq(x1aqx3)))-(((1.129000-x0)+(-0.491000*x3))+((x3-x2)*(x1aq-44.681000))))*((((0.000000aqx3)aq(x1*x0))+((9.756540*x0)+-58.606224))*(((x1-x0)*(x0aqx3))*((24.723000aq-37.422000)-(x0aqx0))))))+(1.252589+(((5.311247+(0.880213*(x1*x2)))aq(((-14.297000aqx1)-(x1*x3))+((x1*x3)*(x2-1.334000))))*-0.124549)))))+(((-0.048712+((x0-x1)*0.287047))+((((((x0+x0)aq(x0-x3))*-5470.170901)+((((x0+x0)aq(x0-x3))*5446.278897)+303.492949))*((((x1aqx3)aq(x1*x0))+((x3aqx1)+(x3*x3)))*(((x1-x0)*(x0aqx3))*((24.723000aq-37.422000)-(x0aqx0)))))*-0.000192))+((((((((x3aqx3)aq(x0aqx1))-(-5811756.561234*(x1-x1)))+(((x3-x1)*(x3+-13.263000))*((x3+x3)-(x0-17.421000))))aq((((x1+x3)+(x0+x0))*((x1aqx0)-(x1*x0)))*(((x2*14.793000)*(x1-x3))+((37.876000*x0)+(x3*x1)))))*-0.110462)+((-0.134900+(0.065243*(((x1*x1)aq(x1+x3))aq((x2-x3)+(x1aqx0)))))+(-0.043899+(0.000646*(((x0-x1)*(2.956000+x0))*((x0+x0)aq(x0-x3)))))))*3.812190)))+((0.133009*((((((x3*x2)+(x1*x0))*36.088000)-(533.326195+(-19.763950*(((x0aqx3)-(11.199000aqx1))*((0.000000aqx3)-(x1*x2))))))*0.016033)+(((((((x2*x0)aq(x0+29.517000))-((x1+x1)aq(x1aqx3)))-(((1.129000-x0)+(-0.491000*x3))+((x3-x2)*(x1aq-44.681000))))*((((x1aqx3)aq(x1*x0))+((x3aqx1)+(x3*x3)))*(((x1-x0)*(x0aqx3))*((24.723000aq-37.422000)-(x0aqx0)))))*-0.117230)+(((((x0+0.000000)aq(x0-x3))*-0.895873)+5.941789)+(((5.311247+(0.880213*(x1*x2)))aq(((-14.297000aqx1)-(x1*x3))+((x2*314.591063)+-1280.113877)))*19.817295)))))+((-0.026031*(((300199.273982+(((720.517912+(x3*-103.358609))*((x3-x1)*(x3+-4.883000)))*6979.194830))+(((((x3-x2)*143788.385288)+-392352.256349)*((x2-x0)*(x0-x3)))*0.565651))aq(371648.437677+(190231.408178*((((x1aqx3)aq(x1*x0))+(-46.449534+(7.720829*x0)))*(((x1-x0)*(x0aqx3))*((24.723000aq-37.422000)-(x0aqx0))))))))+((((((((49.399222*x2)+-230.504515)+x0)aq(18025439.837071+(-18245477.510335*(x3aqx3))))*((-3288802853.434664*(x3*x2))+124149819624.121429))*0.000000)+(-0.056829+(-0.000010*((((75391.612644*x0)+-345338.893207)+((x2*x0)*1.708573))aq(((-14.297000aqx1)-(x1*0.000000))+((x1*x3)*(x2-1.334000)))))))+((((7771.791331*((-3288802853.434664*(x3*x2))+(3288802853.434664*(x3*x2))))+0.195950)+(-0.098055*((((x1*2704479623695897600.000000)+-36807188434759999488.000000)+372464738.206690)aq((-403871801334496886784.000000+(152468649411395321856.000000*x1))+(455189890609325801472.000000+(-159667544044831277056.000000*5.040089))))))+(((((-8226967913445275648.000000*(x3aqx2))+9798553546380929024.000000)aq((-403871801334496886784.000000+(152468649411395321856.000000*x1))+(455189890609325801472.000000+(-159667544044831277056.000000*x1))))*-0.147431)+0.108692)))))))
sbp,1028_SWD,ok,10,200,-0.137716,0.813461,457,2027.83,,-6.171417+0.115793*(((1.652048*((((x1+x0)+(x2*(3.306425+(-65.615734*(((x6aqx4)aq(x9*x7))aq((x6+x7)*(x2*x6)))))))*0.675586)+((0.615570*((-2.494807+(-4.220608*((x9-x8)aq(x0*x6))))+((((x9aqx0)aqx4)-((x6aqx1)*(x9aqx0)))*-3.324273)))+((-0.751657*(((((x5*x7)-(x7-x9))*-0.574882)+-19.121288)+((-0.959452*((x3-x1)*(x1-x0)))+(((x0-x5)*1.039402)+55.101650))))+(((((1.450415*(x4+x2))+-7.565296)*((x9-x8)aq(x0*x6)))*0.833304)+(((x6aq(85.886473+(x2*-20.423652)))*-3.033978)+((((0.000000--7.470000)aq(x6-x2))*0.225811)+((0.249963*(x9-x8))+((-0.198788*0.000000)+46.252976)))))))))+((((((899132.659412*(((x2*0.643997)+0.260871)-((x6aq18.524000)*(x4*x9))))+-1215762.150770)*((125.597490+((((x9aqx6)aq(x2*x2))-((x6aq18.524000)*(x4*x9)))*475.129144))*((394.884723+(-455.018736+(-55.451052*(x6-x2))))*((-26.989455+((x5+x1)*6.708742))*((x9-x8)aq(x0*x6))))))*-0.000000)+21.468611)+(((((1.787668+((-22405778.016366*((x2--7.470000)aq(x6-x2)))*0.000000))*(((x9aqx0)aqx4)-((x6aqx1)*(x9aqx0))))*2.733752)+((-0.030220*(((((x9+x1)+(x9*6.701000))+((x9+0.000000)+(x4*x2)))+(22.237256+((x2*x0)*56.444690)))aq((((x2aqx8)*(x8*x0))+((x0*x5)*(x1-x7)))aq(((x1-x8)-(x7aqx1))aq((8.423000*x9)-(-1.875000aqx0))))))+(((1.983744*(((x9aqx6)aq(x2*x2))-((x6aq18.524000)*(x4*x9))))+-5.811008)+((30.976411+(-4.640671*((x9aqx0)aqx4)))+(0.791017*(((x6+0.000000)*(x7aqx4))*((x7aqx6)aq(x2-x7))))))))*(((((((x9-x8)aq(x0*x6))*75576858957501.078125)+-26040707774251.292969)*((((-938.900255*(x5aqx2))*((43786654127.614510*x2)+35816125563.018982))+-7553898.704014)aq((((x2aqx8)*(0.000000*x0))+(176.079999*(x1-x7)))aq(((x1-x8)-(x7aqx1))aq((8.423000*x9)-(-1.875000aqx0))))))*-0.000000)+(((((-35.501350+(7.662686*(x0*x5)))+(35.884843+(-7.879457*(x0*x5))))aq((-4784.901285*(x1-x7))+9698.462603))*100.527419)+(1.032230+(((-17.895708*(x7aqx4))*((-41.044667*(x7aqx4))+75.711504))*(((x9aqx6)*-0.000071)+(0.000266+(-0.000037*x8)))))))))))
sbp,1029_LEV,ok,4,200,0.506569,0.650535,511,2012.63,,-72.668114+0.124594*((((((0.048913*(x1+((0.072156*(((x1+x3)*(x2+x3))-((-7.755000*x0)-(x0+x0))))+((((x3*x2)aq(x2*x1))*0.164124)+-0.895396))))+(9.852692+(0.000622*(((((x3*x1)+(x0aq-12.634000))aq((x2-x3)*(-9.332000-x3)))*(((x1aq13.223000)+(-14.397000+x3))-((x0-x3)+(x1aqx1))))aq((((x0aqx1)aq(-12.154000-x0))+((x3aq5.525000)*(x1aqx2)))aq(((7.773000--9.411000)*(x0+x3))aq((-8.881000aqx1)+(19.050000aqx1))))))))*((-0.000031*(((((x2aqx1)*(x3*x0))*-12.171262)+11.755088)*(((((x1+x0)*(x2aqx3))aq((x2aqx2)-(x0aq9.053000)))aq(((x2+x2)aq(x2*x1))*((x3+x0)aq(x0+x0))))*((((-10.954000aqx3)*(x3+x0))-((x3aq14.432000)-(x2-x1)))aq(((x3aqx2)*(-17.828000-15.781000))*((x2+9.240000)-(5.256000*x0)))))))+(35.488944+(((((0.000000+x1)aq(x2*x0))*0.133095)+0.064837)*0.248044))))*1.670308)+(((1593.943533+(47969591314.153229*((-16814.004803*((x2+-0.870215)-(5.256000*x0)))+(((((x2+9.240000)-(5.256000*x0))*-654.129797)*-25.704386)+-169993.201678))))+(0.159445*(((((((x3*x2)*0.016167)+-0.159331)*((x2aqx1)*(x3*x0)))*-3.197498)+(1.983710+(0.000725*((-115.437818+(106.781197*x2))*((x2aqx1)*(x3*x0))))))*((0.192230+((((x3*x2)*0.016167)+-0.159331)*((x2aqx1)*(x3*x0))))*x0))))+((((((x0aq((x1-x3)+x2))*x0)*-596.051418)+((0.468430*((-1367.503014+(3874.375783*(x0aqx0)))+(1495.427867+(-944.596841*(x2-x0)))))+(((((x2aqx0)-(2.475000-x2))*((x2*2.887000)+(-6.914000+0.000000)))*32.363867)+(-600.862127+(((x2aqx1)*(x3*x0))*67.654761)))))*-0.000912)+((-0.000001*(((-124.855905*(((x2*-1.181493)+5.053589)*(x2-x0)))+-174.076570)*(((((x1-x1)aq(x0*x0))*((x3-x3)aq(x2*14.095000)))-(((14.553000aqx3)aq(x0*x2))*((x0aqx0)aq(x3*15.547000))))*((((x2aqx0)-(2.475000-x2))*((x2*2.887000)+(-6.914000+x2)))*(((x0*x1)+(x2aqx3))+((-17.831000aqx1)aq(x1*x0)))))))+((26596489868833468.000000*(((((x3aq5.525000)*(x1aqx2))*-0.000000)+0.000000)*(((-153283.644593*(x0*x1))+321704.857818)*(((x3aqx2)*0.000000)+-0.000000))))+((((((x2aqx0)-(0.000000-x2))*((x2*2.887000)+(-6.914000+0.000000)))*(-9.731146+(2.135160*(x3*x1))))*0.003342)+((((6.224767+(-2.432682*x0))*(x3*x1))*-0.013868)+(((-0.088449*(x1+x0))+0.996323)+(-69.298052*((-5592896945.122894+5592896945.106977)aq(x3-x2))))))))))))
sbp,1030_ERA,ok,4,200,0.19633,1.738411,531,2005.98,,477.668735+0.314586*((((((-4.540435+(-0.175100*((0.530851*((x1+45.185000)*(x3aqx3)))+(-74.462710+((x3*x3)*-0.104843)))))+(45.328722*(((8.912575aq(x3-x3))aq((x1*x1)-(-61.381000+x1)))aq(((x0-14.003000)*(x0aqx1))aq((x2*x1)-(x0*x1))))))-(((((((x0+x3)+(x3*x2))+(((x3*-5.946170)+-14.682739)-(-60.378000*x1)))*(((-14.035000aq-65.418000)+(-10.737000aqx0))+((x0+x2)+(2.356000+x1))))*((((15.640000+x3)-(x0+x0))+((-58.105000+x0)*(x3+x0)))-(((-52.990000+x1)aq(x2*x3))-((x3+x1)*(x0+x3)))))*-0.000003)+((0.320414*((x1-53.421000)aq(x2-x1)))+(4.916212+(((((x2*x1)aq(x3-x3))-((x2-x3)aq(29.969000aqx3)))aq(((x0aqx3)-(17.420000aqx1))*((x3aqx3)-(x1*x2))))*0.266892)))))*-0.419301)+((((((201.672337+(-0.000504*(((x3*-1154.463358)+2987.379914)aq((55.164435*x1)+-100.315674))))+(((((x1+1.964000)aq(x3-x3))aq((x1*x1)-(-61.381000+x1)))aq(((x0-14.003000)*-192068810.794459)aq((x2*x1)-(x0*x1))))*188790.481779))+(-0.000028*(((((-11.876000aqx1)aq(x2-x0))*-201973.890325)+-15420.615849)*((((x1+1.964000)aq(x3-x3))aq((x1*x1)-(-61.381000+0.000000)))aq(((x0-14.003000)*(x0aqx1))aq((x2*x1)-(x0*x1)))))))+((((-2.552670*((x1aq-11.175000)aq(x3+x0)))+-412.322068)+(((((x0aqx0)+(0.000000aqx3))*((x0aqx0)-(x3*x1)))aq(((x1-x0)-(x3*x1))*((x2*x2)-(6.030000*x0))))*-2.146358))+((((((x1aqx2)*-2.286853)+-18.260457)aq(x3-x3))aq((13.307148+((x1*x1)*-0.974173))-(-61.381000+x1)))*-0.129654)))*5.382541)+((1.454325*(((((((x2-x3)aq(29.969000aqx3))*-0.093968)+0.142649)+((((0.407896*x2)+-3.718790)aq((x0-x2)+(x1+x0)))*0.976883))+(((403840.491150+(-20252.093540*(x3*x1)))aq((x3-x2)-(x1*x1)))*0.000008))+((((((x3aqx1)*66928240877.108208)+-57513302961.278870)aq(((x0-14.003000)*-12410.017381)aq((x2*x1)-(x0*x1))))*0.000000)+((((1.169674+(x0*-0.377814))aq((x0-x2)+(x1+x0)))*-0.169453)+((((13.508000aqx3)*0.032928)+(-0.664181+(0.049603*x3)))+(((x2*x1)-(x0*x1))*0.004596))))))+((-0.048725+((((6.862680*(-97.863190-(x3*x1)))+668.879393)aq(-32887731584.134056+(1599553749.236577*(x3*x3))))*22798758.464018))+(((-3764606338341.630859*((((x3aqx1)*66928240877.108208)+-57513302961.278870)aq(((-80118824440997768469676032.000000*x0)+970409131837603614220615680.000000)aq((x2*x1)-(x0*x1)))))+0.000948)+((((((x3aqx1)*2772922520818862979535996237813645312.000000)+-2688713598391884300896425851519762432.000000)aq(((x3*x2)*8706478.094932)+-170543328.692884))*-0.000000)+((-0.000000*(((x3*19212654176.575146)+-80672931826.978210)aq((x3-0.000000)-(x1+x2))))+-371.543627))))))))
sbp,1089_USCrime,ok,13,47,0.713765,20.637942,371,2005.45,,-3630106565380181.500000+-0.000000*(((((((0.086520*(((((x7*x5)aq(x8-x10))-((0.000000-0.000000)aq(-1537.287000aqx8)))aq(((x0aqx9)-(x12aqx3))*((x9aqx11)-(x2*x7))))*0.793960))+-312.500037)+(x12-(-140.133499+(-39.702183*(((x7aqx9)-(x4+x12))aq(-394783.421687+((x4aqx4)*394957.193678)))))))*((-0.004065*((((((x2aqx7)aq(x3*x0))aq((x4-x5)*(x7*-217.397000)))*652930688864801.000000)*-0.328333)+(-112.523180+(((6610120.333405+(x0*-85089.806512))aq((x7+0.000000)-(x0*x8)))*0.006594))))+8.583772))*21040303175220.980469)+((((43414998701762.835938*((((((x2aqx7)aq(x3*x0))aq((x4-x5)*(x7*-217.397000)))*652930688864801.000000)*-0.328333)+((-0.000000*(((x7*x5)aq(x10-x3))*((28687890079831935865061376.000000*x7)+-27303625570812565733530140672.000000)))+-2063.650872)))+(((((((x10-x3)*-21474.394143)+-56782.986814)+(((x10-x3)*-455014.335381)+4582761.755168))aq(-624860.561194+(742.543121*((x7*x5)aq(x8-x10)))))*7039198607949.858398)+((((-77207315091874.984375+((x4aqx4)*77213144981419.046875))aq((-644326160408.514771*(x12aqx12))+644325248746.109985))*-22889590756.425911)+(-92067349951099264.000000+((((0.000000+x7)*(x10-0.000000))aq((x7+0.000000)-(x0*11.920050)))*-732271497837.990967)))))*1.060531)+((1.061375*(((((((4642805673998300.000000*x2)+-6260918165316081.000000)*(x10-0.000000))aq(((x1aqx2)*4.869221)+-466.117696))*0.134296)+227214323202096.375000)+((((x0-x9)*(-6446614908677950745346048.000000+((x10-2029942054948740864.000000)*-3175763.018930)))*-152225.697853)+((-172641570878934976.000000+((27667601180198.089844*(x5-x0))*1.807708))+(((2334674597318347.500000+(x0*-20365869241353.539062))aq(-48053253351265.898438+(x10*610873926300.771484)))*-1948371808542.509033)))))+(((((((52486313858.709015*(x6-x7))+23513997749449.464844)aq(((x12aqx12)*-939924889.846351)+939923496.943910))*7818.766218)+(((((15445169379614822400.000000+0.000000)-15445169465071966208.000000)*85457154829.164841)+-1319900231036082283014453723136.000000)+(42604798116958.335938*(((x4*100152526038490.703125)+-402750146995364736.000000)+((x4*-100152526038490.390625)+402750146995364736.000000)))))*1.416296)+((-728248060391438720.000000*(((x0*-19530896102586192.000000)+1207779104787272448.000000)aq(((x4-x8)*96645814921027977216.000000)+-1144923052357861244928.000000)))+(((((x11aqx9)*(-29814522512736129024.000000+(517003053654382016.000000*x0)))*-0.000059)+69475346967187.000000)+((-40081845604126400512.000000+((x8-x10)*-22711892401375.101562))+(611735537452214272.000000*((15339.242974+(x11*8.238321))*(-0.004270+(0.000002*x11))))))))))))
sbp,1096_FacultySalaries,ok,4,50,-2.413639,11.37515,503,2009.23,,-9245177.739622+7.804500*(((0.000005*(((((529666716081.562988+((((25067.866740aqx1)aq(x3*350.884000))-((x1aqx2)aq(x3aqx2)))*849717613749.202759))aq(((x3*x1)aq(x0+x2))+((-834.887028+(3.136591*342.818041))+(x1aqx3))))aq((((x3+x0)-(144.017000-x2))+((x2aqx2)+(x3*x0)))+(((((x2+x0)aq(x1-x3))*-59.852076)+747.039696)-((x2aqx1)*(x3*x0)))))*-0.486700)+((-25595641.637084*(((-0.137715+(-0.251691*((x2-x3)*(x2+x0))))-(((x1aqx1)aq(x3*350.884000))-((x1aqx2)aq(x3aqx2))))aq(-0.036588+((((x2-x3)*(x2+x0))*(-0.283000+(15.115000aq-59.570000)))*-0.805466))))+(((((((x2-x3)*(x2+x0))*((0.000000-x0)+(15.115000aq-59.570000)))-(((x1aqx1)aq(x3*350.884000))-((x1aqx2)aq(x3aqx2))))aq((((x2aqx0)*(-130.844000--467.084000))*((x2aqx0)aq(x2+x2)))-(((x1aq392.835000)*(x2-x1))*((x1*x2)*1.133965))))*-46423.749979)+((((((x2+0.000000)aq(x1-x3))*((23946283.241432*x2)+-76862187.508179))*-0.000009)+100106.220955)+(0.150910*((((x1*x1)*-0.836995)+2018.038874)*((x3*x3)aq(-54.859000+x1)))))))))+((-0.000003*((-373.899506+((((((x2-x3)*(x2+x0))*((x0-0.000000)+(15.115000aq-59.570000)))-(((0.000000aqx1)aq(x3*350.884000))-((0.000000aqx2)aq(x3aqx2))))aq((((x2aqx0)*(-130.844000--467.084000))*((x2aqx0)aq(x2+x2)))-(((x1aqx0)*292.250861)+-4980.156469)))*95.142999))*(((529666716081.562988+(((-1678443600893176971264.000000aq(x3*350.884000))-((x1aqx2)aq(x3aqx2)))*849717613749.202759))aq(-104620841809004969984.000000+(-47747106492.118484*((437777899.635217aq(x1-x3))*-59.852076))))aq((196441357.265487*((((290.395000aqx3)*(x2-x1))aq((442.017000aqx2)aq(328.473000aqx1)))aq(-81.780386+(76.713892*(x2aqx1)))))+-762195051.783610))))+(((((((2112837079263779546502551628467970584300113073197968476916421140125314990473216.000000*((x3*x3)aq(-54.859000+x1)))+-32167789879669480841605505263335961792006041430838407598245901633282694497435648.000000)+((-2892047612274906565939026973047925271411504704769877533387194248915320832.000000*((x3*x3)aq(-54.859000+x1)))+-666840506665578177351659325453783262104198835368842667800059919664584589312.000000))aq((((-119151.957855+(131.738492*x2))*701370557361845556648372707995263129028578990992583630177451687018496.000000)+75604774604621399932123956966311452425549438345017194429153373445066588160.000000)+(((154379461889909831142686494862203691276581203687591144956709302173696.000000*(0.000000-0.000000))+-3385904109604088179855215644604886215222480224220329783851774489133056.000000)+(x1aqx3))))aq((196441357.265487*((((290.395000aqx3)*(x2-x1))aq((442.017000aqx2)aq(328.473000aqx1)))aq((0.199432*(x2--72062709.222028))+-14371599.931123)))+-762195051.783610))*-0.002349)+((((1.164611*(-1.572304*(((x2aqx1)*0.351998)+-149795168899111.906250)))+((-0.003773*((611269390158.151245+(x2aqx1))*-245.055897))+((-0.000000*((x0*389062452.219181)+207788155.297076))+-274858514316123.906250)))*6.015625)+((2.923465*(((306809457243143.437500+((x3+0.000000)*-0.000679))*2.641667)+(-319356614908754.812500+((149795168899107.531250+(x2*-0.001316))*-3.278689))))+((-3.290310*((-0.802834*(x1aqx2))+(149795169652952.062500+(-0.001613*x2))))+(57117184918367.937500+(797026018129774.750000+(((0.001935*x3)+149795168900185.875000)*-2.411765))))))))))
sbp,1191_BNG_pbc,ok,18,200,-0.281485,1192.4825,387,2003.51,,6588.595532+0.005680*((((-597.959823+(0.446567*(((((((x9*x5)-(0.000000aqx14))aq((x3-x7)*(x7aqx3)))-(((x6aqx3)aq(x13+x5))-((x0+0.000000)aq(x7-x13))))*(-34.628249+(0.000871*(x8*x12))))+-459.711567)aq((x11+x0)-(x1aqx13)))))*((-164.011745*(x0+x10))+(((((24091.419388*((x6+x3)*(x3-x5)))+-21719.760501)+(1.212611*(-234.718015*((x14aqx8)*(x5+x7)))))*0.003581)+((((((x12aqx17)+(x0*x15))*((-897.484000*x16)*(x8aqx14)))*-0.000005)*-5.075820)+(1924.994388+(0.099628*((-10960.999000+x11)aq(x8aqx11))))))))+((-0.634256*(((-671.495638*((((x9*x5)-(x10aqx14))aq((x3-x7)*(x7aqx3)))-(((x5*211.418461)+27.412564)-((x0+x16)aq(x7-x13)))))+((644087.160841+(70.616126*(((x10*20338.899109)+-70000.394998)*((x16*-0.049836)+0.565509))))+(((4483.134951+(x9*-7.246291))aq(x7-x13))*-2858.104549)))+((300.220026*((-695.411974+(-0.000151*(-4198281.285311aqx17)))+(-1.840969*((x0+x8)+(x15aqx8)))))+((-109268039.325892*((82572.876223+(x17*-40850.748994))*(0.000000+(x17*0.000000))))+216085.888963))))+(((((((((x10*x1)*(x8+x4))-(-4841112.735326+(18095354.465669*x1)))*(((x17-x13)*(x7*37596.327000))+((x9*x13)*(x9*x1))))*-0.000000)+((-4456594.722439*(((x9*x13)*0.000000)+-0.012707))+((146644.365697+((x9*x1)*-98.542165))+(218452.469529+((x14*x17)*-117.426883)))))*(((0.000000+((0.038842*(x15*x17))+-12.325157))*-0.000000)+((-0.000368*(((x12aqx17)+-1188.034028)*((x16*-0.049836)+0.532425)))+-0.409410)))*2.699316)+(((-1.364332*((-246.987833+((x1aqx13)*71171.894236))*((((x9*x5)-(x10aqx14))aq((x3-x7)*(x7aqx3)))-(((x5*211.418461)+27.412564)-(127.889406+(-0.690581*x14))))))+-1505.642951)+((5566.833005+((((82572.876223+(x17*-40850.748994))*((2324834886917777260544.000000*x17)+-219171222696290680832.000000))*(1369616540524339904582988224060775944052461797376.000000+(-2154290694250083548356478505968407077303751802880.000000*(x5+x0))))*-0.000000))+(10479.178730+((((0.000000*(601034267400.863159aqx11))+111.869190)+(-111.869190+(0.000000*(x11+x0))))*8614808965345.135742))))))))
sbp,1193_BNG_lowbwt,ok,9,200,-0.94768,1269.511943,427,2005.75,,-559013.540562+0.322021*(((-40.593678*((18407.616284*(((x0*x2)+(x1*x0))aq((380.165000aqx0)*(x4-x2))))+(((-0.019467*(0.000004*((((x2*-268.541804)+22172.986109)*((0.000000-x2)*(x4-x2)))+((11562223.077408*(0.000000+x2))+-1525136061.303245))))+(-97.396144+(4648.765052*((((0.000000+x0)+(-1002.423000*x3))aq((x8-x0)*(x3+x4)))*(((75.036449*x3)+-131.580631)aq(25082453.817173+(-7609606.674600*x8)))))))+((((((x1+88.654174)+(-1002.423000*x3))aq((x8-x0)*(x3+x4)))*(((x1+-38.137000)-(1.420587aq749.008000))aq((x7-x5)*(166.134000-x4))))*0.001081)+((-0.382414*(((x7+x2)aq(x0aqx7))aq((x5-x2)-(-152.514000+x4))))+((4.157044*((x5*x8)+(x4*x4)))+(((x6*x1)*0.844021)+(((x1*x8)*-0.235662)+-68.370631))))))))+((1.380225*((((-1525.295133+(((115.599684+(x3*-115.469472))*(x8*x0))*2.402752))+((((x1+-50.857433)+((x1*-506332873160788428193792.000000)+8650945607841506951954432.000000))aq(((x1-x8)*15216229131056344709831501807616.000000)+-302664791490571362933394339004416.000000))*842171844.123366))+(1.059350*(((x1+-50.857433)+((x1*-506332873160788428193792.000000)+8650945607841506951954432.000000))aq(((-2082759819701291057152.000000*x1)+36141386640784342646784.000000)+((x3aqx6)*766306.594980)))))+(((4.092394*((((x4*x6)*89674475176880081861607424.000000)+46317224916706033972281344.000000)aq((2155599489754953932603392.000000+(x1*-108439695246071479402496.000000))+((x3aqx6)*766306.594980))))*0.013281)+((0.032989*((((-174684740.987634*x2)+25538780759.921711)+(-1002.423000*x3))aq(((0.000000-x1)*375029.125931)+10571545.069907)))+(((((x3*278877516.753421)+-119450932.556327)aq((x8*-600876334.410125)+1853522237.381663))*-64.869609)+((3.154687*((x7+x2)aq(x0aqx7)))+((-114.433461*(-66251.194688-x5))+-7582145.297756)))))))+((((((-0.000046+((0.000000*(x3aqx2))*665500236.426773))*((-917908592207556247552.000000+((x3aqx2)*404849638935027368591360.000000))aq((286468445.466767*(x1-x8))+-5154286014.171256)))*-0.000001)+((-1153402.098401*(((135995784926286741504.000000+(204799366292926595072.000000*x3))+((x1*-506332873160788428193792.000000)+8650945607841506951954432.000000))aq(((625230175537638342557404999188480.000000*0.000000)+999347378824024180904528401399808.000000)+((x1*105845547220820247192906235904.000000)+-1001476844222129589659561202024448.000000))))+((((x1+x0)+(0.054805*43.788428))*33.828684)+(1483965.256554+(146.751032*(x4-x3))))))*1.169977)+((0.957317*(((0.027067*((-8198727599.327997+(x5*11244346376.208832))aq((-1189323.687968*x8)+1576972.352866)))+217.907645)+(((((-174684740.987634*x2)+25538780759.921711)+(2179209.442871*x3))aq(((x2*x1)*1585.415431)+-3450439.296997))*0.007607)))+(5884.761088+((((-51836682972794793771401216.000000+(-38401788514569814016.000000*(x1-x8)))aq(((625230175537638342557404999188480.000000*0.000000)+999347378824024180904528401399808.000000)+((x1*105845547220820247192906235904.000000)+-1001840610752253891040024721358848.000000)))*479781.352192)*0.972776)))))))
sbp,1196_BNG_pharynx,ok,10,200,-0.314378,345.54299,505,2017.54,,-805365.641679+10770.181157*((((-0.003144*(((-21375.931894+(0.023467*((((21.818576*x7)+-1.954285)+(-20.766693*(x9aqx7)))*(((x2aqx9)*(x8-x5))*((x2aqx1)+(x8aqx7))))))+(-11.245775*((((x2aq-216.733000)aq(x1aqx5))+((x9*x5)aq(x6aq307.091000)))aq(((x8*x9)*(x8*-334.345000))-((x3aqx8)*(x8aqx9))))))+((((-0.453593*(((x2aqx9)*(x8-x5))*((x2aqx1)+(x8aqx7))))+-1.307848)+(((x9aqx2)*(x9aqx7))*-10.280321))+-272.726000)))+(((((((-1824363969.646545+(-19127.136313*x6))+(37499750.264026*(-47.362435aq(x6aq307.091000))))*(0.000000+(0.000000*((-88.223000+x5)aq(x8-x6)))))*-1540309.884707)+-3613.807461)+((((80490504.209858+(24629.361697*(x5*x3)))+((((x8*x7)aq(x1-x7))*((x3*x4)*(x5*x3)))*-651.440404))+(((-28230221.260489+(1632.310784*(0.000000aqx2)))+(((x5aqx4)*(x7aq-8.103000))*16814509.450422))+(-8182.152377*(((0.000000+x3)-(-328.696000+x3))-(3280.558885+(3.872824*x3))))))*-0.000000))+(0.000001*(((((((x0+x3)-(-328.696000+x3))-((x5-x8)aq(x8aq459.740000)))*(((x0*x2)*-2.724620)+1267.257326))*0.026956)+-11206.079656)*((x5*-81.835000)+(122.536612+((((x8*x7)aq(x1-x7))*((x3*x4)*(x5*x3)))*1.588764)))))))+((((((-27138.098729+(((334.528262*(x9aqx7))+229.915169)*((-722.290318*(x9aqx7))+((x9*634.536370)+-32.822213))))+((-4040.122919*(((x9aqx1)aq(x9-x8))*35.831516))+20246.282481))-(-245300429.996243+((((-1.702603*(x9aqx7))+0.045505)*(((x5+x9)+(x9aqx5))*((x9aqx9)aq(x7*x8))))*108832.792080)))*(((-0.000000*((((0.000000*x7)+-22.156443)+(-20.766693*(0.000000aqx7)))*(((x2aqx9)*(x8-x5))*((x2aqx1)+(x8aqx7)))))+(0.000000+((x5+x9)*-0.000000)))+0.000000))*0.696963)+((((((38299.714378+(-33237.916261*(x2aqx9)))+(-38299.714378+(((x2aqx9)*33237.916261)*1.000000)))*(0.000685+(21130675871684146908198011716438002505875456.000000*((-0.000000+(x7*-0.000000))*((578717.470408aqx7)aq(x4*x0))))))*(183270522667.563629+(((x4aqx2)aq(0.000000+x7))*-4153086869.182908)))*0.378606)+((((607151490963439527813521736973268249722486784.000000*((-0.000000+(-0.074581*(x3-x7)))*((-0.000000+(x7*-0.000000))*((578717.470408aqx7)aq(x4*x0)))))+0.000114)+(0.000000*(((177289583769027368326266880.000000+((x2*-15.052020)*29832403217763976104378368.000000))+18776581780832325206016.000000)*((((21.818576*x7)+-22.156443)+(-20.766693*(x9aqx7)))*((-3243869294994903793664.000000*(x2aqx0))+((x6*36433982414864261316608.000000)+-30246723496950546563072.000000))))))+((303224524.189937*((-0.000000*((x3+x8)-(x3*x3)))+((1.679011*(-0.000000*(x3-x7)))+-0.000000)))+(-0.013981+(5132296780132541853341843456.000000*((((x0*17151357463253.457031)+-14337345395316.136719)+20830741789390.906250)*((0.000000*(x8*x7))+0.000000))))))))))
sbp,1199_BNG_echoMonths,ok,9,200,-0.685788,20.114355,617,2008.58,,2954.424442+-0.000000*(((2.894977*((((0.000000*(((((x0*-4752579515.889599)+2613107209.870123)+((x2aqx5)*(x7*x5)))*(((x6-0.000000)*(x7+291.166000))aq((x2-x3)-(x8+x5))))aq((3.364594+(1.682296*(x6-x0)))-(2329571.231110+((x6aqx4)*-1786117.527164)))))+0.000024)*(((((-4736.474465aq(x6-x4))*((x6-x5)-(x0+x0)))*-0.000000)+0.003345)*(((x0+x8)-(-76.037368+(0.001812*((0.000000-x6)*(x4-x6)))))*(0.000044+(-0.000000*(((x6*-10004.786715)+438199.323539)aq((3126.846667*x6)+-33629.632784)))))))*((-999083840428957892608.000000*((379994472478406.000000+(((5339328.157750*(-423671448732213.000000+291.166000))aq(-16882.236885+(x6*2235.264610)))*-0.001971))aq((((x7--321747.252610)+(x0-x5))+(-108664515.900444+(1938422.406869*(x1aqx3))))-(((x4aqx2)-(-174357.383386*x2))*((x8*x1)+(x4-x5))))))+(((((((x6*x6)*4350.807459)+-885144.263086)aq((x2-x3)-((x4*120.961635)+-2596.727282)))*((138020209.219282*(x2aqx4))+-4387091.587256))*-25183056817667608576.000000)+(1308856597111431889957967708028928.000000+(((((x2*x0)*-65966.107253)+123556631.450543)+((x4aqx4)*-81031.881634))*((-7181734744705661952.000000*((x6*x6)-(x1aqx2)))+(-9843478530778563996549120.000000+(94383718661079072768.000000*(x1aqx8))))))))))+((((-78356862873.207428*((379994472478406.000000+(((5339328.157750*(-423671448732213.000000+291.166000))aq(-16882.236885+(x6*2235.264610)))*-0.001971))aq((((x7--321747.252610)+(x0-x5))+(-108664515.900444+(1938422.406869*(x1aqx3))))-(((x4aqx2)-(-174357.383386*x2))*(-9484272.882254+((x1aqx3)*166328.370606))))))+(((((1933176522342076715267652231102464.000000*(0.000000*(x2*x0)))+405275661658601289678848.000000)aq(4028838.967767+(-124884.346138*((x1aqx7)+(x6-29.965818)))))*-7.393808)+((919888969451295054233600.000000+(-638818412076227.375000*(((x6*x6)-(x1aqx2))*((6194.475547*x3)+-1110.710228))))+(5773533.113481*(((16.691425*(-8239873662.188988aqx3))+134833569852.931213)*(((x6*x6)-(x1aqx2))*((x1aqx7)+(x6-29.965818))))))))+(((0.002004*(((((x2*x0)-(0.000000+x4))+((x2aqx5)*(x7*x5)))*(33042316520731958629629952.000000+(-19750813053951108135780352.000000*(x6*x8))))aq((49.397724+((x6*x6)*0.991762))-(((x6*-31827.994271)+326103.938733)*((x8*x1)+(x4-x5))))))+-329305746991505477730304.000000)+-460014352048122492878848.000000))+(((-147711312065134126432256.000000+((((1958361596873075703305732096.000000*((x4-0.000000)*(x6*x1)))+-26852391776279318681325819396096.000000)aq((((x7-x6)+(x0-x5))+((x1*-250447.564855)+17302426.553678))-((285412.114632-(x5*x2))*((x8*x1)+(x4-x5)))))*-0.000006))+(((((18766136106068621858657766966284716189795046735740928.000000*(x7--321747.252610))+-6037979387797226305036363055392692945050634867507061587968.000000)*(((-0.000000*(x8*x1))+0.000000)aq((x2-x3)-(x8+0.000000))))aq((((x7-x6)+(x0-x5))+((x1*-250447.564855)+17302426.553678))-(((2.137467+(x4*-0.737598))-((x1*33248.281384)+-2325673.523303))*((x8*x1)+(x4-x5)))))*0.000010))+((((((181822.496350+((x6*x3)*-67860.882639))*(((x6*x6)-(x1aqx2))*((6194.475547*x3)+-1110.710228)))*-1334943331.966955)+-68666631792755826688.000000)+(147597121969635744284672.000000+(-0.000000*((((x2aqx4)*-125093682298109252137033820632108587745804288.000000)+2511428774828352364781399976227318865592320.000000)*(((x6*-10004.786715)+438199.323539)aq((3126.846667*x6)+-33629.632784))))))+((-24668744050137522176.000000+(-94781449726888726755278848.000000*((((x6*x6)*4350.807459)+-885144.263086)aq((-15952324283093.599609+(x6*1554974944188.896484))-((x4*120.961635)+-2596.727282)))))+((((((x2*x0)-(0.000000+x4))+((x2aqx5)*(x7*x5)))*(((x6-x3)*(x7+291.166000))aq((x2-x3)-(x8+x5))))aq((49.397724+((x6*x6)*0.991762))-(((x6*-31827.994271)+326103.938733)*((x8*x1)+(x4-x5)))))*34698626575436972032.000000)))))))
sbp,1201_BNG_breastTumor,ok,9,200,-0.218178,12.728763,447,2033.26,,-644490.908383+5.380566*(((((1.070794+(0.049126*((((((x0*x6)aq(x6aqx6))aq((x8aqx0)aq(x8-x7)))*(((x2-x6)aq(-191.734000+x0))aq((x2*x4)aq(112.539000+x7))))aq((((x6+x4)aq(x8*x5))-((x2aqx2)+(x0-x3)))+(((x6aqx2)+(x3-x5))-((-193.880000+x5)aq(x8-x5)))))-(((((x1+x2)-(x1*x6))-((x1*x2)-(-179.525000aqx8)))-(((x5*61.848000)-(-307.769000*x8))*((x2aqx1)*(x1*x4))))*((((x5aqx6)+(x5aqx5))-((x2aqx2)+(x4-x7)))aq(((-221.012000*x6)-(x7*x7))-((x0aqx5)aq(x8-x5))))))))*((x2aqx2)+(x3+x3)))*0.317309)+(((((-151609.845863+(0.030801*((((0.000000*0.000000)+(x0aqx5))*((x5-x3)+(x1aqx5)))aq(((x3*x5)+(x6-x1))-((182.336000-x8)*(x3+x4))))))+((((((x8+x3)aq(x2+x4))*6655.961510)+760.230662)aqx4)*-0.000404))-((((0.143965+(((x7aqx2)*(x0+x1))*-0.026396))+((-0.015657*(x0aqx4))+20234.404235))*-1.581771)+((((-262.201424*((x3*x8)aq(x2-x6)))*0.010684)+0.292259)+(0.000000*(((10470511065402.558594*(x1aqx2))+828910852473.178711)aq(((x5-x0)+(x8+x8))*((x5+x5)+(x6*x1))))))))*-1.001507)+((((-265232.828151+((((x5aqx6)+(x5aqx5))-((x2aqx2)+5.254012))*-59228.289823))*(((((x8+x3)aq(x2+x4))*6655.961510)+(((x8aqx2)*-4442.388471)+(-23.656114+((x3*-1234.446130)+-0.669906))))*(5.077376+((x8+x3)*-3.356502))))*0.000000)+(((2.892903*(((-1.324147*((x3*x5)*(x5-x4)))+-0.510420)+(0.046153*(((x3*x5)*(x5-x4))*((x0-x1)-(x4*x2))))))+((((((x5-0.000000)+(x1aqx5))*0.000000)+(-0.000000+(-0.000000*(x7aqx2))))*47715189105574.453125)+153889.260927))+((-1328927601758520946518552215552.000000*(((26331462798420498990341495455744.000000+(-158811232806038689320646708559872.000000*(x1aqx1)))aq((228950584684904106753975623090176.000000+(x1*-741565817918893671559637613150208.000000))*((-113824981669392179875454910464.000000*x0)+4920581134219586898296475484160.000000)))*(-0.534311+(0.723052*(x5aqx7)))))+(((((0.036183*(x5-x4))+0.024917)aq(((-221.012000*x6)-(x7*x7))-((x0aqx5)aq(x8-x5))))*560.857095)+((((34.113104+(-13.444285*x6))*(x5aqx7))*0.013413)+((-0.006486+(-0.430771*(x8aqx2)))+(-0.000004*(81183.486697aq(x0*x4))))))))))))
sbp,1203_BNG_pwLinear,ok,10,200,0.24352,3.709612,429,2016.24,,16.441289+1.067887*((((((-0.822099*((0.033728+(1.736659*(x9*x5)))+(((((x6+x4)aq(x4-x0))+((x7*x9)*(x8aqx4)))aq(((x1*x4)+(x1+x1))+((x8-x1)*(x3*x8))))*1.856607)))+7.126074)*((((((x4+x2)aq(x6-x5))*-2.081187)+6.154666)+(((x2*x0)+(x0aqx9))*3.245773))-((((-0.250729+(-7.393223*((x5*x3)-(x1*x0))))-(0.284235+((x0-x6)*-3.551440)))*-0.149466)+(((((4.156000+-41.083621)aq(x9+x0))aq((x4+x9)*(x8-x6)))*-0.136118)+((0.846882*((x7aqx1)*(x0-x5)))+((((-1.838000*x5)aq(x8-x4))*-0.705413)+((1.187799*(x6*x6))+-3.761940)))))))*-0.085033)+((0.000003*(((54500.221199+((((x8*x9)*(x7*x5))-((x0*x5)+(x8aqx1)))*-143532.849274))+1.385886)+((((1853.055114*((-0.049489+(-1.749429*x5))*x5))+810.402678)+((x3*x8)*10768.328192))*((13.086432+(((17.260283aq(x9+x0))aq((x4+x9)*(x8-x6)))*-1.563214))*(((((-0.155000aqx7)*(x1*3.236000))+((x1+x9)+(x2-x4)))+(((x4+x8)+(x2*x0))*((x7*x9)-(x7aqx7))))*((((x5*x0)-(2.548000*0.960000))+((x8+x9)+(x5-x7)))aq(((x5+x8)-(x2aqx4))aq((x5-x3)-(x4*x2)))))))))+((((-247.691056+((13.991163+(3.712230+((10.188656+x0)*0.000000)))*(((x9*-0.771501)+-0.625719)*((x5*x3)-(x1*x0)))))*((((((x0*-197.858602)+-192.148526)aq(x9+x0))aq((x4+x9)*(x8-x6)))*-0.143309)+((((1.187799*(x6*x6))+((-15.022895*x3)+-265.065985))*1.083523)+21.583951)))*0.000098)+(((((-8324987040.896764+(2219479109.828958*((0.000000+x2)+(4.744000aqx8))))+((((x8*x9)*(x7*x5))-((x0*x5)+(x8aqx1)))*-1.261342))*((6599548.693581*((-17.136408+(46.823669*x4))*(0.087500-(x1*x0))))+-62568880.618270))*-0.000000)+((-0.000000*((4307327.749365+(((x1+x2)+(4.744000aqx8))*-1364873.058992))*((x0aqx9)*(-982329.229232+(-3143932.720641*x8)))))+(((((-29.993917+(1.519302*x1))+((x2*x0)*1.430416))*-0.000000)*-15108330.255707)+((-0.039787*((17.049672+(46.823669*x4))*((x0*-0.174812)+-0.057491)))+-13.283332))))))))
sbp,1595_poker,ok,10,200,-59.385857,10.413758,405,2012.54,,0.754083+-0.000000*((((((0.000000*((((((-850746023979765921152742677943114429995015951220691659294507008.000000*x3)+8749526794131919738378718366722782709163205477700688172858474496.000000)*9856684215276.023438)+-210805785719141.687500)aq(x8-x0))*(6133.646288+(((10169137676911937750827008.000000-(x4aq9.055000))aq((x8-x6)*(-44.994000-x4)))*6414.485824))))+-10266583.977050)+((((((-9856684215276.025391*((x7*x3)aq(x8-x0)))+0.062500)+-210805785719141.687500)aq(x8-x0))*((14794.501493+(0.000000*-4362638115605576583391215616.000000))+(((10169137676911937750827008.000000-(x4aq9.055000))aq((x8-x6)*(-44.994000-x4)))*6414.485824)))*(0.000000+((((172.138012*(530165059677690696205924351803916288.000000aq(x8-x0)))+-3030.310656)aq(x4-x0))*-0.000000))))*(((((0.000000*(((-182722106851467329536.000000*(x0aqx3))+79939245484997197824.000000)aq(x8-x0)))+-0.000000)+((((172.138012*(530165059677690696205924351803916288.000000aq(x8-x0)))+-3030.310656)aq(x4-x0))*-0.000000))*3892529641911197011623407873110012799224075255808.000000)+60947589601038.570312))+(((-1504537544926011392.000000+(((((-9856684215276.025391*((x7*x3)aq(x8-x0)))+0.062500)+((-19742998181936856215158708655864732820172768343505416291876864.000000*((x7*x3)aq(x8-x0)))+242416649545792824012823090777081105329355237277994279371800576.000000))aq((-0.000000*((-3033575325871342622866082025926503391118251700192335359121756782592.000000+(351116713418476777454773399303407778236685620029996934016285016064.000000*x5))*((x7*x3)aq(x8-x0))))+33581719414832691613934076850972751491089714455011263512576.000000))*26507454544715428.000000))+(213988938.244281*(((((x8+x3)aq(x7*x8))-(-3017380341.505327+(33641053.471408*((x3+x0)*12.823140))))aq(((x3+x0)*(x5+x4))*((x8*x7)*(x4*x2))))*(856630.117707+(((-0.586848+((x3+0.000000)*0.012928))aq(((x2+x4)+(x3*x2))-((x9-x5)+(x1+x9))))*21347682.367072)))))+((1.184790*(((((172.138012*(530165059677690696205924351803916288.000000aq(x8-x0)))+-3030.310656)aq((((x1aqx9)*20926265464063759705625649988835283165097737273309288552900941373854458358554230621521681684651266896035840.000000)+-20351262717509809868728851213103305094499095973885173847939458170101675950245272162961909713338114261385216.000000)-x0))*-12059952969129468937309258310887413957222046071211318798932894410164972708228952137662464.000000)+((((((0.000000*11787304602094378.000000)+145688631423164704.000000)aq(110857522868708010038842015093787152291484950713253448109785088.000000+(-7413411807761956764016955453185193060764457024146919865188352.000000*x7)))*-39218056691036156494709820227584.000000)*0.000000)+((((-0.219096+(0.038624*x3))aq(-1657.682939+(x3*561.939446)))*-179349936687763330957312.000000)+717221057329612455936.000000))))+((((((112604384031277468920840192.000000*(x0aqx3))+(17179869184.000000+(-112604384031277503280578560.000000*(x0aqx3))))*(((-2.173748+(0.175899*x7))-(935698679961.965820+(x3*-128554063761.378769)))aq((-1440492988241732443990730473472.000000*(x2+x7))+18875002911464400489124552769536.000000)))*-9517412665690045618856132608.000000)+((590958962573500612608.000000+(-640323142599804583936.000000+(2385214956771670016.000000*((x3*x6)*(x4-x9)))))+((((-185672807651429104421724032139443062625159012817006458098923154388434288640.000000*(x0*x2))+((524003608213244269571089713668876097063082597881073122317440396141388627968.000000*x0)+-130780349354404627905600255442518524986472260750526546655417534766387298304.000000))*((-3033575325871342622866082025926503391118251700192335359121756782592.000000+(351116713418476777454773399303407778236685620029996934016285016064.000000*x5))*((x7*x3)aq(x8-x0))))*0.000000)))+((((((0.000000+(x1*-0.000000))aq((x7-x9)+(0.000000-0.000000)))*375477919449225573081590429647268508179093258240.000000)+((-61100259989616230400.000000*((x0aqx4)-(x1+x6)))+-427423194340365893632.000000))*1.170204)+263008426286362329088.000000))))))
sbp,192_vineyard,ok,2,52,0.309891,3.808533,513,2011.87,,-1442.840945+-0.000298*(((((((0.787589*((0.002353*(1.643947*((107.926706*x1)+-1336244655740351488.000000)))+5169965031034600.000000))+(-6425913163413712.000000+(-6.486674*(((x0+x1)*-0.021289)+(-990632918555154.125000+(-0.047706*(24.468000+x0)))))))+(2.076662*(((((-0.001273*(x0*x1))+-4.088481)+-990632918554749.625000)*4.088481)+(((-244649829607490176.000000+(9.831650*x0))*-0.021094)+((-0.008241*(x1*x1))+-1110398881958079.250000)))))+-4656.371286)*(((-8716117536770558.000000+(2.266444*(((-0.001439*((x0+65.709000)+(x0*x1)))+1922862106684112.750000)+(-1.941044*(((x0+x1)*-0.021289)+-990632918554696.750000)))))+(0.624530*(((-0.364297*(((x0+10.554000)aq(x1-x1))aq((x0*x0)-(24.468000+x0))))+-234.334423)+(((((-16.122000aqx0)-(17.853000+0.000000))-((-26.160000*-61.930000)+(x0+51.304000)))aq(((-48.409000aqx0)*-413099.032844)+-4509318.870585))*-397.013774))))+(((x1*-43.431000)+(((((x0*x1)aq(x1*x1))*((14.506000-x1)*(x0--52.454000)))*-1.654033)+127.927996))*(-0.023816+((((((0.000000+65.709000)+(x0*x1))aq((x0+-68.108000)+(x0*65.332000)))aq(((x0+x1)aq(x0+x0))+((-5.739000-x0)+(x0+-30.783000))))*((((-16.122000aqx0)-(17.853000+x0))-((-26.160000*-61.930000)+(0.000000+51.304000)))aq(((-52.637000aqx0)-(x0*-61.643000))+((x0*x1)*(x1-13.541000)))))*0.000089)))))+((-1.329286*((((((((x0*x1)*0.001273)+-990632918554749.625000)*0.602918)+597270496101658.875000)*((x0+14.963000)-((0.004049*(244649829607493216.000000+(243.003367*x0)))+(-990632918554697.125000+((x0aqx1)*0.376285)))))*29825.613658)+((((108627246001149941121024.000000+(109654387.580452*((x0*-0.099400)+-990632918554690.750000)))*((14990584777.391724+(-202065711.301314*(x1*x1)))aq(-3530.997642+(1593.297643*(x1aqx0)))))*-0.000000)+((((((-16.122000aqx0)-(0.000000+x0))-((-26.160000*-61.930000)+(x0+51.304000)))aq((240.796308*(x0*x0))+-832.714432))*247.148969)+(-9725025017382002688.000000+(-9816.981482*(-990632918554697.750000+(0.001330*(x0*x1)))))))))+(((((-0.000386*((((-16.122000aqx0)-(17.853000+0.000000))-((-26.160000*-61.930000)+(x0+51.304000)))aq(((x0aqx1)*23012.113413)+(-598.436916+(-1928.498392*x0)))))+(((((0.000000+65.709000)+(x0*x1))aq((x1*-2549.375039)+30248.932452))*0.074411)+6.144565))+((-0.000229*((((x1aqx0)*-6429.229566)+11235.301129)aq(-1013.267743+((x1aqx0)*562.020103))))+((-0.001883+(((x0*x0)aq(x1+-10.146000))*-0.000324))+(-0.083203*((0.679387+(x0*-0.057961))aq(97.355093+(x1*-8.518302)))))))*392156.269995)+(((((0.000001*(((0.000000+2526588111909.999023)+(x0*x1))aq((x1*-2549.375039)+24500.659801)))+-9285929.108107)+(235091.806227*((0.000043*(1336244655740436992.000000+(x1*-15.248290)))+(-64134552544944.679688+((-28247298874116984.000000-x1)*-0.000230)))))+(-0.005392*(6507811365581025705984.000000+((((x0+x1)*-0.021289)+(990632918554623.625000+(0.042538*x1)))*((70864.130081*87.452807)+-12766614.071672)))))+(-2409172004431068160.000000+(((-3509.919038*(-990632918554941.250000+((x0aqx0)*-5.091009)))+-10205114270402668544.000000)*((-0.000000*(((x0*-353046.333744)+3115003.310509)aq((x1*-2549.375039)+30248.932452)))+-0.358078))))))))
sbp,197_cpu_act,ok,21,200,0.467922,15.773898,475,2006.45,,105.151327+-0.022178*(((0.000057*(((1417.430627*((((x1*x11)+(x3+x10))+((x17+x2)+(x17-x17)))-((((x19+x19)aq(x19+x18))*13165.977036)+(-24426.317988+(-15699.185774*(x17aqx2))))))+((4842047.002537+(-0.000019*(((x20aqx0)+((63266816.799314+919436127079655680.000000)aqx19))aq((x7+x17)+(x19-x10)))))+3979630.788892))+((-0.005001*((-188927648.935178+((((x16-x10)*(x13+x9))-((-11943293.835000-0.000000)aq(x2+x20)))*-624782.038832))-(((((x15-0.000000)+(x13+x4))*((3196943.159000-x8)-(x0aq5152303.818000)))+(((0.000000*x13)+(0.000000*x3))-((x9-0.000000)-(x3*0.000000))))-(-125577189.775571+(((x18-x16)aq(x16*x16))*-6317616293.412209)))))+((-13954.300231*((((13583722064154025424262248592834560.000000-x15)aq(x2+x19))*-0.000000)+170.909352))+((645973.093512*(((x14-x10)aq(x14+x14))+((x9aqx18)aq(x3-x7))))+(((((x2*3054685.763271)+-10823199228.261728)*x6)*0.000066)+(((-73276506749129589791668064747520.000000aq(x2aqx8))*-0.000000)+-50703706.736035)))))))+((((-0.000000*((((-6133085087826893900611584.000000+((3735599869311302514842831195483619841508638720.000000aqx19)*-0.000000))*(((x20aqx0)+(8132086502430299161362432.000000aqx19))aq((x7+x17)+(-219379.146083-x10))))+22806823.133356)aq((-14343071.390028+(((x0aqx4)aq(x18-x12))*516093041.567670))+x20)))+((111500646126551264.000000*((((-40601005659.195709+(x0*1049313789.419202))+59421242139.592216)+(((x17aqx5)aq(x11-x0))*-25257912945.233829))*((((x20*0.735790)+-1215476.081132)+((63266816.799314+1076219946946757632.000000)aqx19))aq((x7+x17)+(4472638608963491206131930890825702542671872.000000+(-7172078094616728183436857075864436736.000000*x7))))))+(((-153.899786+(-0.000000*(-2030544415305.368652aq(x11-x0))))+((((x20aqx0)+(0.000000aqx19))aq((x7+0.000000)+(x19-x10)))*-0.348307))+(123.791902+(((543145.789574+(x20*-0.735790))+(-543145.789574+(0.735790*x20)))*-284892560855.406189)))))*1.976672)+(((((-508776280.865511+(((-0.000000*(x19*-773727580.491345))+-53.051073)*((-1540357219.285969*(x16aqx5))+95075532011.986084)))aq((26790202.271995+(((x0aqx4)aq(x18-x12))*-542174968.779941))+x20))*-0.000032)+((((((0.049829*x7)+-5575.302400)aq(x3-197.828514))*-0.106661)+8.824986)+(-0.002342*((195.219866+(-22.209869*((x15-0.000000)+(x13+0.000000))))*(((29135295234114842367685273749489335631085568.000000+(x16*-859543295159660538594132299487592392425472.000000))+((x17*-519332407.951696)+267937316402.862701))aq(-1914149358115814289811487762611305447424000.000000+(45390749808071924128913388327766656934739968.000000*(x17aqx2))))))))+(((((-0.000000*(((410594354058816461433873566062947291914596880548453811714555128935667427551739904.000000*x18)+15519971813147764642223644481470225165976681299741143666688031873708720268190416896.000000)aq((24.498682*x18)+1687.311058)))+0.000000)*((6009698.079038+(5351999150788011867722489547133271789566689280.000000aq(-177955276142237035084931779264512.000000+(1094065622325534602947075244032.000000*x19))))aq((200049558345952294825541144812639491425603272096182923013277422371718823936.000000+(-102720477416307836450243549385563239240493372501131264.000000*(8132086502430299161362432.000000aqx19)))+(x19-x10))))*-438598319445617803301117678684490958087613753367467086245962949707915210888145035128884676168570037246314028690836478230528.000000)+(1.751457+(-42543303301506941497376768.000000*((((-40601005659.195709+(1049313789.419202*x0))+59421242139.592216)+(((x17aqx5)aq(x11-x0))*-25257912945.233829))*((((x20*0.735790)+-1215476.081132)+((63266816.799314+1076219946946757632.000000)aq8702191783356.804688))aq((9186940280148288042427068243671150416101376.000000+(x8*-14957082803072155789125136877805895680.000000))+(4472638608963491206131930890825702542671872.000000+-11892514725466389738111189211012914600738816.000000)))))))))))
sbp,201_pol,ok,48,200,-17.587181,166.487893,349,2031.57,,-896.203917+0.000000*(((((((89.221610*(((x8*x20)+(-9353.207702+((x7+x4)*54.380122)))*((8.535722+((x18aqx7)*-52.787332))+((x18aqx7)*-0.377878))))+6384437.434288)*-523315.732628)+(2064367667971142.500000+((((x8*x20)+(-9353.207702+((x7+x4)*56.533058)))*((8.535722+((x18aqx7)*-52.787332))+((x18aqx7)*-0.377878)))*-17062699965.930166)))*((119842648.384369+(((((((x8-x11)*(0.000000+x8))*((x6+0.000000)aq(x2-x36)))+((111.549946+(x14*61.496839))*((x25*x11)aq(x24-x3))))-((((x18+x14)-(x4aqx32))*((x42-x43)*(x22*x46)))*(((x28*x43)*(x16-x11))-((x43+x17)*(x2*x27)))))-((7695.048124+(((0.000000+x4)*-366540.669730)*(-0.000473+(x4*0.000003))))-((3.024593*(26593.892944aqx4))+6736.282028)))*-6329.848090))*((-7376.500562+(-10827.236395*((((x5+x4)*0.003985)+-1.913231)+((x7aqx4)*0.123837))))*(((((x8*(7.839345+0.001047))+(-9353.207702+((x7+x4)*59.831769)))*0.011854)+-64.925000)*((x5+x6)+(-240.925000+x29))))))+((268957269818259800064.000000*((18727572473.419460+(12189.885221*(-1536320.657603+(-0.000000*((82.519106+(x25*81.399822))*(4.811530+(x12*2.403682)))))))*(((-66.550407*(-714830.366343+(2170.429093*((x2*x17)aq(x18+x13)))))+(-3025353580.262273+(4651759.825451*(((x4+x11)+(x46aqx35))aq((x18-x43)+(0.000000+x26))))))-(((x7aq(-134.856070+((x7aqx4)*217.179194)))*-21269443.398924)+(((-259502915.989877*(x31aqx16))+-16655152453.509748)+(-2925.367270*((29825.727918+(3411.817437*0.000000))+(1671.151392+(x32*-518460.205601)))))))))+(((((-1875982970696050933760.000000*(23993415619876566864556294823103004280122644827041794510290944.000000+(-129675158513140759312351092341017202082157864254988861046784.000000*(x7+x4))))+9618922311098265247450709681926848569671680.000000)aq(-429886468960966672491236350197545300687074916418442911757451156366555725992820736.000000+(-34152574171722630976661589858414520833861105145632846038573854572066243608576.000000*(((x6+x8)*-46.063269)+(868.539165+(x5*-73.089060))))))*10232975212182357780987904.000000)+((61928848674506438885148114488667572814252305938976321749123072.000000*(((((37909920600411048928134218758956191308139276273364454342656.000000+(3533694129556768659166595001485837031654967793751237916243212402585239552.000000*-0.000000))+(15298091351267145024543297877207762385540475483653043275169792.000000*(x18aqx7)))*(0.000000+(-0.000000*x25)))+9618922311098265247450709681926848569671680.000000)aq(-429886468960966672491236350197545300687074916418442911757451156366555725992820736.000000+(-34152574171722630976661589858414520833861105145632846038573854572066243608576.000000*(-12585.910033+((x4aqx5)*-7.970125))))))+88234281994332196016194444066816.000000)))))
sbp,210_cloud,ok,5,108,-21.807156,5.710235,449,2005.8,,5.776552+0.000268*((((((((x4*x1)-(x3-((0.812901*((x2aqx3)*(x3*15.483000)))+-60.905611)))+((((-122.776681+((x3aqx4)*388.498562))*((0.185095+(0.000000+x3))aq((x0+x1)*(x1+16.479000))))*0.033133)+(-53.885846+(-0.499937*(((0.000000-x3)aq(x4aqx3))*20.613561)))))*0.013115)+((0.000002*((((((38.228000-x4)aq(x0*x2))*-14083306.087040)+516981981.686718)*((((x1+0.000000)*(x1*x2))*-0.000000)+0.000000))*(2033134616677900800.000000+(439784657212701.250000*(((x2-x3)aq(x4aqx3))*((x1*-21127.210911)+18344.893903))))))+((0.002616*((4.284748*(((x2*x3)*(-0.363000+x3))aq((40.245000+x4)aq(x3+x4))))+((((38.228000-0.000000)aq(x0*x2))*0.364673)+-9.633596)))+((-0.001913*(((122.593750+(x4*0.000000))+((x3aqx4)*973.196157))*((-0.087676*(x4aqx4))+0.071217)))+(0.008306+((((x3-0.000000)-(x2+x4))aq((x0-x2)+(x1+x0)))*0.011497))))))*13369.598708)+(((-0.000000*(((24383251857.874138+(((x1*-21127.210911)+-281985841.106669)*(86.461587+((x2aqx4)*0.003648))))+(((((x3+x0)aq(x1-x4))*-0.016682)+(((0.000000aqx2)*0.000478)+0.012598))*((-246174161.484662+((x4-x2)*-350614977.895875))+(-450.585938*(557037.985021*(x4*x1))))))*((((((38.228000-x4)aq(x0*x2))*-14083306.087040)+516981981.686718)*((0.000000+(-0.000000*(x1*x2)))+0.000000))*(2033134616677900800.000000+(439784657212701.250000*(((x2-x3)aq(x4aqx3))*((x1*-21127.210911)+18344.893903)))))))+-667.523001)+((((((((x2-x3)aq(-115492745839735971250176.000000+(x2*96786822539507797065728.000000)))*((-26677886044.474564+(8789144522.345161*x4))+125423030.596556))*-7579345290095.597656)+((((-0.670290-(-52329831087560690307353230291192661573208731337080050022180489110784508175736552951388479460944759488512.000000+-840126901.307790))aq(-250.017898+(472.330588*x2)))*0.000000)+-40.684564))*((((2143561125375.916992+(-4992588495385.445312*(x2aqx4)))+(((x2aqx4)*4992588495385.446289)+-2143561125375.917480))*73528.493774)+(((((x2aqx4)*-153654873560232672.000000)+23716245400381317120.000000)*0.000000)+((-23.507787*(x3aqx3))+(-8881.931390+(-2.510381*(x1-x3)))))))*-0.568799)+(((((24383251857.874138+(((x1*-21127.210911)+-281985841.106669)*86.463646))+(-4123989.239082+((-277.177897+(x1*-211.305013))*-8645.018274)))*(143085501.158824+(-375215699.424609*(x4-x2))))*0.702404)+((-0.000000*(((((38.228000-0.000000)aq(x0*x2))*-14083306.087040)+(509863399.560496+((-199557658.770771*x0)+28513225.534870)))*((((x3+x0)aq(x1-x4))*-502001064731089088.000000)+((203344628492374048.000000*(x3+x0))+((-64621866167697488.000000*x4)+257417337445871296.000000)))))+((-25.195039*((-1313.094041+(x3*1000.147549))aq(-250.017898+(472.330588*x2))))+(359.785666+(-1330078114.462692*((x3+x0)aq(10130569.526056-x4)))))))))))
sbp,215_2dplanes,ok,10,200,0.854664,1.258012,369,2119.78,,-1.528132+-0.455901*(((-0.819623*((0.313410+(((x5+x0)+(x1+x0))*4.012134))+(((((x0*x2)+(x4+x6))aq((x6+x2)aq(x1-x4)))*3.500938)+((-1.589934*((-0.078950+((x6-x2)*1.146586))-((((x4*x0)aq(x4+x1))*-3.236395)+-0.119156)))+((0.939297*(x0*((2.411278*(x1-x5))+(0.280962+(-1.575192*x6)))))+(((1.488470*((x7-x5)aq(x4+x3)))+0.356348)+(0.860975*(((x3-0.000000)-(x9-x4))+(-4.264849+(x2*0.735490))))))))))+(((((((-5.218104+((0.149016+(x8*-0.484258))*(x0*x3)))*7.550722)+((9.863782*((-0.083524+(x7*-0.195934))+((x0*x3)*0.185800)))+11.564959))+((0.000040*((22.301512+((x6*-86.635939)+-63.996243))*(((x6*505.541035)+78.635059)*(x0*x5))))+-28.071493))*((0.007180*(x0*(((0.600664+(x2*-1.251608))*(x1--0.517959))+(0.040350+(-0.540512*x1)))))+((0.000073*(((0.149016+(x8*-0.484258))*(-12.164137+(x8*19.580331)))*(((x7*-9.749293)+-4.336554)+(x7*-0.004213))))+(-0.259385+((((x4*1.021653)+0.036435)*((x0*x2)+(0.000000+x6)))*0.004834)))))*1.102731)+((-160.902934+((((((1127.666417+(3518.657108*x2))*(-0.003238+(0.088422*x4)))*0.001403)+150.870797)+(-0.000000*((22.301512+((x6-x8)*-246.029077))*(-5508.859483+((x0*x7)*5377.840572)))))*0.994529))+(((-0.000231*(((14.837107+(-0.677600*(0.000000+x1)))+252.752482)*(((4.986484-34.963083)-(0.000000-x4))+(-4.264849+(x2*0.735490)))))+((12.920531+(0.436417*(((x0*x7)*-1.340498)+-56.500025)))+(-0.000003*((22.301512+((x6-x8)*-246.029077))*(((505.213700*x6)+111.647015)*(x0*x5))))))*(((((-154140172.598942*((x0*x7)*-0.000000))+-0.291600)*(((4.986484-0.000000)-(0.000000-x4))+(-4.264849+(x2*0.735490))))*-0.002213)+((((211.266176+((x0*x3)*9.704189))*((-0.740722+(x8*-11.997872))*(x0*x3)))*-0.000023)+(1.138513+(0.159896*(((x3*-0.184588)+-0.042556)*(x0*x7)))))))))))
sbp,218_house_8L,ok,8,200,0.167359,41973.08099,421,2007.84,,-75597974380577568.000000+106424.821467*(((-0.000010*((((1.366914+(-3.901857*(((x2aq91438.876000)aq(x7+x3))*(((x2aqx7)*-249603.853326)+176365.726703))))-(-0.589402+(((-542.288348*((x6aqx7)aq(x0+-16872.311000)))+0.156284)+(-0.000208*(((x3+0.000000)+(x0-0.000000))aq((x6aqx7)-(x4*x0)))))))+((((x1--61178.750000)+(-64649.079926+(((x1*x1)aq(x6aqx6))*-10.603784)))*17.872170)+62022.733350))*((-5583.854168*(((1511791940585281615298560.000000+(((x0-0.000000)*(x0aq0.000000))*-102943621048303552.000000))aq((((x2aqx7)*-1107997434.733522)+647470657.782378)-(-12080823088.636066+((x2aqx7)*20851913472.389343))))aq(x0*(-2735339611540.421875+(1028426902080869.250000*((0.000000+x6)aq(x0-x7)))))))+((-1.381606*((((-14268.551684*x3)+10543.377567)-(((x5*x4)*-81405.120092)+538.039949))-(((x4-x6)*1690.715910)+9652.110350)))+(((((-23750857350474027312806363136.000000+(x0*11069508786313934191722496.000000))aq((x6aqx7)-(x4*x0)))*(0.000000+((x4*x0)*0.000000)))*0.000000)+((0.198292*(-1266807.034764aq((x3*-5180.322166)+4249.400663)))+-99046.537519))))))+(((((-0.000176+(-0.000001*(((0.000000+x1)+(-1895.197131-x4))aq(5.625394+(x4*0.002619)))))aq(((487297304882741.500000*(0.016235aq(x0-x7)))+-2441603642.072449)*((516299214556978.625000*(0.016235aq(x0-x7)))+-18605535675.743301)))*1120967853821475441082368.000000)+((((((((x3*0.006524)+-0.006210)aq((x2*-2153.202285)+1125.346008))*-876.568660)+-0.052400)+710341566357.898682)+(-0.000000*((-5790522648473622970105856.000000+((0.016235aq(x0-434.481814))*-84156091361211601599382683648.000000))aq(x4-(158469.740999+((-1422582110698.327637*x7)+166981994150.104248))))))+((((-23465642035456160.000000+((378118861083028094976.000000*(x2aqx3))+-146852736130103984128.000000))aq(x4-(((x6*470720753208.775635)+-3195333206275.410645)+(-8093426.591613*(x6aqx0)))))aq((((0.016235aq(x0-x7))*3624703803664643.500000)+((175505608.983800*(-355538.936000aqx0))+13026260455.522278))*(-2735339611540.421875+(((-355538.936000aqx0)*-174108885.332185)+2726606730362.585938))))*767441387.736841)))+((((-4584645.940517*((-128267985849642413576112440344576.000000+((x2aqx3)*327740707366704469665760759775232.000000))aq((-12127617268320626475672641795699593183232.000000*(x4-x6))+-64161001946715876696572999444693715517440.000000)))+0.000101)+(((((((0.000000+x1)+(0.000000-0.000000))aq((x6aqx7)-(x4*x0)))*-5124661.992299)+1696.991700)*((((-14268.551684*x3)+10543.377567)-(((x5*x4)*-81405.120092)+538.039949))-(((x4-x6)*1690.715910)+9652.110350)))*-0.000000))+((-0.002564+(2730320886.614766*((-20632042401136813165776709091328.000000+((x2aqx3)*49070109371791239475251382321152.000000))aq(39787787593854289444864.000000+((x2*-57158475433461859350056978653818756807000064.000000)+31852333547547062661293951138748608075005952.000000)))))+((((-20632042401136813165776709091328.000000+((x2aqx3)*49070109371791239475251382321152.000000))aq(39787787593854289444864.000000+(-40223927085251847782400.000000*(x6aqx6))))*(0.000000+(-0.000000*((x3-x1)*363595001623929.062500))))*0.045659))))))
sbp,225_puma8NH,ok,8,200,0.415206,4.335629,323,2029.69,,-90.539226+0.702748*(((-0.002016*(((11383803681.543280*(((5206.920401*((0.000000+x1)+(x2aqx6)))+((-5206.920401*((-0.300322+x1)+(x2aqx6)))+-1563.751713))*(((x1+x2)aq(-6.441000aq8.091000))*(-8.041742+(2.755923*(x2*x1))))))+-132.825539)*((((0.027190*((((-2.721666*x1)+4.998045)*(x1aqx2))*((-26.365300*(x1*x1))+41.878703)))+((1.863006*(((-2.721666*x1)+4.998045)*(x1aqx2)))+-134.703752))+(-0.031762*(((((x4*x1)-(x4aqx5))*99.577072)+-397.951116)aq(x2-x5))))+((0.006783*((65.327274+((x1aqx2)*-20.123546))*(((x1+x2)aq(-6.441000aq8.091000))*((-8.593538*(x2*x1))+9.386896))))+((((x2aqx0)*4.549004)+0.085228)+((((1.958244+(x7*-48.995625))*((x4*-119.274474)+-90.613424))*-0.001152)+((-6.900442*((x1-x7)*(x1aqx1)))+(-35.197844+(-87.328494*(-0.487962aqx6))))))))))+((((((x1*((2005654.486722*((0.000000+x0)aq(-7.397000*x1)))+-134823.558811))*0.001047)+(((((x1-x2)*(x5*x6))*((-4420013401392.646484*(x2*x1))+-1236065576456.240967))*-0.000000)+16759.136088))*(39220.438254+((-71717416.901628+((((0.000000aqx2)aq(8.415000*x0))*(903.986593+(x1*-1094.598652)))*0.001444))*(((((x4*26978517.372473)+-306006004.326979)aq(-7353.973049*x1))*-0.000000)+0.000547))))*0.123530)+(((((-18.145133+(-36.052696*(-0.487962aqx6)))*(((-9708.542997*(x3aqx3))+(-0.163942+(0.680424*x3)))*(((-61246395.111156+(x3*243452907.069024))aq(x3*x3))aq((x1aqx5)aq(x3aqx3)))))*-0.000000)*102.186355)+(197.144342+(0.000221*(((22475.835760+(((x1-0.000000)*(x5*76475917.171688))*0.000036))+(10.624908*(((x5aqx2)aq(8.415000*x0))*(903.986593+(x1*-1094.598652)))))+(0.000751*((((x4*8.594403)+2272869.603323)+(-4026350.643627*x1))*(x5*x6))))))))))
sbp,227_cpu_small,ok,12,200,0.648632,12.952155,435,2010.06,,16182657.628242+-0.000000*((((((((((x5+x2)aq((3.959151*x2)+-2176.687683))*-340372851175751.187500)+417761148090408.437500)+(-417761148090408.437500+((((x5+x2)aq((3.959151*x2)+-2176.687683))*0.000000)*1103652893204028850176.000000)))*((-0.199670+(((-35425.510708+(45.508954*(x2-x5)))aq(x2+((x2*228.242179)+-183112.706923)))*0.338816))*((6.356740*((((x6aqx0)*14.354284)+3.148841)aq(x2+((x2*228.242179)+-183112.706923))))+((0.002123+(0.000000*(-6247010380333603356672.000000aqx8)))+((((0.000000aqx7)+(x5aqx4))*((x11aqx2)-(x10+0.000000)))*-0.000111)))))+-11084813169160.439453)*(((((-7276004.330331*((0.173466+((x7aqx3)*0.000040))+(((x0*x7)aq(x8*x4))*-0.004326)))+((-0.021470*(((7483461.335000aqx7)+(0.000000aqx4))*((x11aqx2)-(x10+x6))))+-767959.953255))*0.302937)+1925509.601923)*(((x2-((-25621.282989*((x5+x2)aq(x2+x11)))+((-0.000323*((x9-x5)*(x2-x11)))+364.606798)))*-206.993020)+(((((0.000003+((x2aqx7)*-0.000150))+x7)*(-135274523.868670+(((x10+x9)aq(x1-x5))*403150.368547)))*0.000000)+((-3074413.185499*((((x2aqx3)*-0.002627)+((0.000000*x0)+0.058504))+((0.000000*(x11*x6))+0.006035)))+(1400783.428526+(((x5+-2530.170471)aq((-13.287766*x2)+71568.022422))*-58344.804890)))))))+((27492534266745585664.000000*((((((23218672.394975aq(-549630584338856576.000000+(x10*283263852162897.375000)))*171277057617451995256634743872053837824.000000)*0.000000)+2310553.977628)+((-574825.580991*((((-16.654857*x4)+1890.540769)aq(-2175.900016+(x2*3.958723)))*(-1.513689+((323583774914324574450543571573169616866488360557886835808388231800752886870857907961856.000000aqx5)*0.000000))))*0.022797))+((-510924042.108426*((((x2-x11)*-0.000006)+-10.537154)aq(x2+((x2*228.242179)+-183112.706923))))+(((x0+((x0*-1.000000)+(-0.000000+(x9*0.000000))))*-43232137889367031808.000000)+((18006675797568953642112410762598154240.000000*((-344448860953071040285293785423200353761307394048.000000aq(11079825.553000*x1))aq(15901327276933543412871916854830077127780275008800531660781494757380780212560978771968.000000aq(x7+x10))))+-2831508.228858)))))+((1.024313*((((-1938721198027788548833280.000000*((-4081.062953+(31.761183*x4))aq(-52972.613198+(485.207588*x4))))+-184628816466685043632888610816.000000)+538851098009666802679808.000000)+(-0.000000*((0.000000*(3199972937602824326693851251148678195079745235845120.000000aq(x2+-1699.507964)))*(((x2aqx5)*-4048247187019754578340497113915326464.000000)+(1208925819614629174706176.000000+((x2aqx5)*4048247187019753988044686755209674752.000000)))))))+((-222830280987051833688064.000000+(((-7525669019906701914156302336.000000+(1.281334*(x4*83282935764600339558301696.000000)))+((-0.065259*((1635222492635380797197516800.000000*x4)+-219508325529558339604617101312.000000))+-6799256604262541573329256448.000000))*962289091715.969849))+(((-516368002165661134479096283136.000000*(((11342199860741281631235188195328.000000+(-99492067907470334195773997056.000000*x4))+((x4*1438968059589917504406814720.000000)+-203450715228533648351465308160.000000))aq(((x4*20027800805520508.000000)*24046430729474551808.000000)+-19322500692363761763193845523010289664.000000)))+6494735059524539187740327018496.000000)+(1.264291*((1020423138980487233536000.000000*((x5+x2)aq(199055.441570+(x2*-43.983706))))+((20481518151084038684672.000000*((0.000000+x2)aq(x2+-1699.507964)))+(5137055428470954409222071123968.000000+(5664889463454866.000000*(x8*x4))))))))))))
sbp,228_elusage,ok,2,55,-0.132345,14.875901,473,2007.03,,-1246816106273.904541+-0.000545*(((-1437.569021*(((((x0aq-349.684000)aq(178.739000-x0))*((x1--109.515000)-(x0-x1)))-(((((((x0+x1)aq(x0*x0))aq((80.312000+x0)aq(33.292000+x0)))*(((x0+x1)aq(x1*x1))+((-345.235000+-55.428000)aq(x0+-192.273000))))*((((x0-x0)-(x1*x0))*((x0+x1)aq(x0aqx0)))-(((0.000000aq1.719000)-(0.000000-0.000000))+((0.000000+x1)+(0.000000-x1)))))*0.000019)+((-0.000019*(((x0*x1)+(x0aqx1))aq((x1-x0)+(273.434000aqx1))))+(-0.001281+(0.003154+(0.000062*((x0+-267.101000)aq(-20.757000+x0))))))))*(((((((x1aqx1)-(x1*x1))-(-1124154672.627664+(-30094383.656017*(x1-x0))))+(((x1*x0)*1.116249)+20.295740))aq((-215747.488456+(128.179717*(x0*x0)))+(((x1aq-375.200000)-(x0+87.925000))aq((x0+x0)aq(x0aqx1)))))*0.000602)+((0.001320*(((((x1*3128.409220)+-4774.883839)+(x0aqx1))aq(-21080.706570+((x1aqx0)*379468.797650)))*((-210.699796*((x0+x1)aq(x1*x1)))+1490.147188)))+(-2180.789056+(-3813434.027743*(((x0*x1)+(x0aqx1))aq((x1-x0)+((6938556.910390*x0)+-235441212.574286)))))))))+((0.540915*(((5035.898979+(10534.689722*(((x0*x1)+(x0aqx1))aq((x1-x0)+((6938556.910390*x0)+-381304470.872043)))))*(((((-345.235000+-55.428000)aq((x1*47.437211)+-220.985639))*-0.159248)+5034.977136)+(-0.000001*(((x0*549143989308981837824.000000)+-20595085890603708317696.000000)+((0.500000*(x0*-1098287978617964331008.000000))+20595085890603708317696.000000)))))*((-0.000013*(((26.801596*(-117.857000aqx0))+128298.421432)+(-0.000011*(((x0*-549143989308981641216.000000)+20595085890603695734784.000000)+((x0*549143989308981837824.000000)+-20595085890615418814464.000000)))))+((((568076294735079669760.000000+(11779683653895266304.000000*(x1*x0)))aq(((-549143989308944875520.000000*x0)+20302653524266931191808.000000)+((x0*x1)*(x1-76.411000))))*-0.000026)+(3.818914+((((x0*0.000000)+-0.000001)*-258920023505373856.000000)+(-144118371329.015717+(0.000000*(x1-x0)))))))))+((((-247858646434581.718750*(0.000000*(((x0*549143989308981837824.000000)+-20595085890603708317696.000000)+(20595085890612054982656.000000+((x0*0.000785)*-699769966719799889231872.000000)))))+236206599.770427)+(((((((x0*-549143989308981641216.000000)+20595085890603695734784.000000)+((x0*549143989308981837824.000000)+-20595085890603712512000.000000))*-0.000001)+((((x1*x1)*0.016787)+4293165838934.637695)+(((0.000000+x1)aq(x0*x0))*-648.272395)))*-1180.244809)+3923645876880351.000000))+(((0.934534*(((((x1-x0)*-894846882879601583987793032380416.000000)+-21000607669885037695183562666409984.000000)aq((-1626215638010304000.000000*(x1-x0))+-43316525859257704448.000000))*((((x0-0.000000)aq(277.241000*x1))*-0.000000)+-0.000000)))+(-1234609575782086.500000+((((-12341109577.366478+(x1*10195580286.789309))+((0.000000--238885698.298816)*1.796888))aq((283.263994+(x1*168.743449))+((6938556.910390*x0)+-316264567.092769)))*0.582489)))*((((568076294735079669760.000000+(11779683653895266304.000000*(x1*x0)))aq(26478986837070956199936.000000+(394892047320404721664.000000*(x1-x0))))*0.000000)+0.926075))))))
sbp,229_pwLinear,ok,10,200,0.77406,1.834247,393,2018.61,,7.094349+1.176609*(((0.846751*((0.759152*((((((x1+x0)+(x9*x6))*((x5+x0)*(x5aqx5)))*0.028641)+-3.588403)*(x0+((((x1+x4)+(x2+x5))*-0.625026)+(-3.678366+(0.532415*((x0*x2)+(x1*x0))))))))+((((9.308610+(-2.047944*(x4*x0)))*(x0*(-3.359286+(((x5+-2.124000)+(x6*x0))*-1.976832))))*-0.044794)+(-18.993858+(-0.183491*((-2.176725+(((0.000000*0.000000)+-5.930062)*(x4*x0)))+((((x0*x2)+(x1*x0))aq((4.963000aqx0)*(x5-x2)))*-2.717380)))))))+((((((-0.209926+(-3.272162*((x8+x0)-(x5+0.069173))))*((((9.128073*(x2+x1))+0.678371)*(((x4aqx0)-(x2+x1))aq((x3*x0)-(x8-x1))))+5.257267))*-0.006311)+0.167887)+((((-1.285674*(0.046947*(((x5+-2.124000)+(x6*x0))*(-4.642973+(-4.738426*x5)))))+0.588565)+((x3+(((x4*x0)*3.067176)+((-3.003199*(x4*x0))+0.582959)))*(0.317431+(((x7--3.575000)*(x9+x0))*0.146260))))*0.484193))+(((((((((x0*x2)+6.948190)*-0.095999)+0.692506)*(-3.359286+(((x5+-2.124000)+(x6*x0))*-1.976832)))*-1.408176)+((((((x4aqx0)-(x2+0.000000))*0.099466)+-1.495078)+(-0.040371*((1.016764+(3.107000*x1))*((x0*x2)+(x1*x0)))))+(((x2+x5)*1.519629)*-0.214524)))*1.134379)+(((((((-0.741878-(x2+0.000000))aq((x3*x0)-(x8-x1)))*0.266556)+1.472775)+(0.151901*((-0.047726+((x7*x5)*-0.880571))*((x8+x0)-(x5+x4)))))+((((((x0*x5)+(0.491267*x6))*-23.254599)+6.416522)*((((-0.237589aqx3)*-230.175223)+-43.697360)*(((x4aqx0)-(x2+x1))aq((x3*x0)-(x8-x1)))))*-0.001555))+(((((((x0*288.697507)+(3.926000*0.000000))*2.327128)+2.713379)*((((4.546451+0.000000)-(x3*x5))*17.065856)+-77.467380))*0.000026)+((((-0.131625+((x9+x4)*-0.364668))*((-395.851626+(x5*-965.717747))-(x5+x4)))*0.000317)+(1.312737+((((x6*-0.692524)+0.040841)*(x7*x5))*0.256503)))))))))
sbp,230_machine_cpu,ok,6,200,0.854924,74.906725,417,2014.65,,112899720.049634+0.000000*((((309616139127.087524+(((-13.229723*(((((x5aqx0)*(x3+x3))*40.672114)+1152.046151)+(x0+(((x5*x5)*-1.604078)+-2163.303060))))+((-15.599983*((((-0.129069*0.000000)+-308.981045)*(x3aqx0))+-4430556.954892))+(-442615463842.716858+(-3.750792*(-65183660192.333649+((x5aqx4)*843.889294))))))*1.563283))*(((x1-x2)+((((x1-296647.423000)+((40.672114*((x5aqx0)*(x3+x3)))+1152.046151))*-25.516438)+-7509136.550517))-(((((((x1+x3)*(x5+x4))*-0.085193)+-248885.033543)-(((x3aqx4)-(x1aqx0))+((x2+x3)+(242587.968000+x1))))*-7.080762)+(-3552006.434928+((((((0.000000-252493.663000)+(x5aqx4))aq((x0aqx0)-(x4aqx0)))aq(((147836.428000-x0)*(x4*x0))-((x1+x0)aq(x3*x4))))aq((((x2+x0)aq(x4+x2))*((x2*x0)+(x2-x1)))*(((x0+x0)-(x5+x5))*((x5-x2)aq(x3+x4)))))*-391116626833089.437500)))))+((((((((((x5aqx0)*(x3+x3))*40.672114)+1152.046151)+(x0+((-8537.194118*(x5aqx0))+((x2*0.000000)+-8525355201.704676))))*656240.606287)+(-4297523996462867.000000+(-11.123352*((((x5-x3)*-152.168218)+108.817872)*((x5-x3)*(0.000000-x3))))))*((-1.255688*((((x0+x0)+(126037.454000*x2))aq((x5-x0)*(x2+x3)))*(((x1+182790.612000)-(x2aq-283982.089000))aq((x5-x3)*(-288465.926000-x3)))))+(((((822.842867*(x2*0.000000))+-9892208463145760.000000)+(((0.000000-x2)aq(x3+x4))*878520.161545))+((3766.165824+(-6379.131315*(x1aqx2)))*934752.275455))+(19698168987.102325*(((-150958094.011427+(87246.601964*x1))+(126037.454000*x2))aq((x5-x0)*-3193154860.487599))))))*-0.000000)+(((((-0.000000*((-12929018074031332396809922603896729089514028300653161349120.000000+(-3227215289362941116672438422775474259636845162547642368.000000*(x1-x2)))aq(((147836.428000-x0)*(x4*x0))-((x4*5395443.041777)+37078066.930445))))+0.000001)*(((((x5-x0)*(x2+x3))*-48171970736167080.000000)+-1591049445179392.000000)aq((x5-x0)*((((x5+x4)*8221042927691695468314624.000000)+-975927176211084051558170624.000000)+x3))))*-0.000295)+(((((((x5-x0)*(15721406510110960728504465883136.000000+x3))*-48171970736167080.000000)+-1591049445179392.000000)aq((x5-x0)*((-810705826750842387658964992.000000+(1424444351721799680000.000000*(x5*x2)))+x3)))*0.000000)+(-203596117078245600.000000+(3987182055751095296.000000*(((-71356342854077590274048.000000+(85643991061522945146880.000000*(x5aqx0)))+-1591049445179392.000000)aq((-2581046477572612370957598720.000000+((x1aqx0)*51455768885857062609747968.000000))*((30.674130*(x5*x4))+-14147.259466))))))))))
sbp,294_satellite_image,ok,36,200,-44.878548,6.669522,463,2008.27,,-34.578691+-0.000199*(((1.097288*((((((55.418477+(0.327888*((-107.306060+x35)aq(x22-x24))))+-24.903687)*0.336247)+137.980561)*((-5372.852762*((((x8+x35)aq(x22-x24))aq((x11*x9)-(x32+x12)))aq(((x4-x30)*(x7aqx7))aq((x22*x7)-(x2*x13)))))+(44.908587+(-0.000009*((((x18aqx20)*-33206104.294694)+51333991.960702)aq(-23.577709+((x27*x35)*0.005298)))))))+((4239.819618+((((-0.000000*((x28-x21)*(x35-x16)))+0.000003)*((x22*x23)aq(-23.577709+((x27*x35)*0.005298))))*-315597.264410))+(((((x15+x33)aq(x8-x2))aq((x6*x16)aq(x25*x17)))*((-2.016023*((0.000000+x33)aq(x8-x2)))+21.736059))*((((((5.131752*x24)+-218.642410)aq(x22-x24))aq((x11*x9)-(x32+4666.708974)))*-190.968230)+48.403562)))))+((48.182934*((0.050461*(((((x28-x21)*(x35-x16))*0.000060)+(-0.014445+((x32-x21)*-0.000837)))*(((x16aqx11)*-118317.714536)+(118338.270486+(2227.530869*((0.000000+x33)aq(x8-68.539983)))))))+(((-2258.871153+(-255.755783*((-7.362618+(0.138395*x18))aq(-14.346564+(0.531259*x2)))))+((((x15+x33)aq(x8-x2))aq((-61871424.490420+(x8*1017216.831577))aq(x25*x17)))*1765.268905))+(((-0.000000*(((x27*-83164429731.098068)+5472708775444.566406)aq((1820.535454*x27)+-124152.128992)))+((((0.000000+x33)aq(x8-x2))*-5.515895)+-11.292630))+((-0.384767*(((x19*-134.268485)+12835.471885)aq(-5594.513351+(93.088280*x12))))+(-19.718175+(-0.328290*((x15+x33)aq(x8-53.931512)))))))))+(((((-61.907165*((x2aqx20)aq(x32-x21)))+(((((x11*0.000000)+-1007294.004637)aq((x11*x9)--6843119.235593))*-0.016966)+((0.365152*((10881.937421*x16)aq(x25*x17)))+(((0.000000*x27)*0.000000)+1123.598320))))*((0.056286*(((x8+x35)aq(x22-x24))aq((x11*x9)-(-3365.708250+(116.759686*x9)))))+(0.200272+(-0.000000*((32096744.158887+(x11*-508516.185159))aq((x11*x9)-7343.907212))))))*78.061540)+((1954.492471*((-53.342773+((((x27*52573134.542052)+-2380951058.184566)aq(x8-x2))*-0.000000))+(((((x8+x35)aq(x22-70.673599))*-0.010300)+-0.479277)*((-260843.893342+(204595.664823*(x16aqx11)))aq((487776.468306*(x18aqx20))+-516257.938734)))))+((((-0.000000*(((x27*-83164429731.098068)+5472708775444.566406)aq((x31*249.815383)+-18953.040592)))+((-906.351630+((x8-x2)*1.499165))+-11.292630))*-0.746380)+((-2371.203869+(-0.000008*(((x27*-83164429731.098068)+5472708775444.566406)aq(-393750.515246+(x8*6099.684834)))))+(2.933880*((((x35-x16)*-1757.970075)+-33822.206801)aq(45.681141+(2.822704*(x35-x16))))))))))))
sbp,344_mv,ok,10,200,0.767197,4.227913,457,2007.62,,-1037262.048205+-1.856701*((((((((((x5+x0)-(1280.216049+((x5*x7)*1.113694)))*((-49540.186537*(-53561.085897aq22.713375))+((215544.578215*(x5*x4))+-2626282322.458865)))*-0.000000)+(3321.006828+(((118.056483+(15.528979*(x5*x3)))aq(x7*x5))*-0.006733)))*((-0.000000*(((x1*x5)aq(x7*x5))*((((x0aqx5)*-306.136337)+0.487962)+(-0.021755*(-1564.451423aq(x5*x9))))))+0.099401))*((2516254.074177*(((x5+x0)-(1280.216049+(-1280.216049+(x5+x0))))*(((((x2aqx4)*-3234715.252872)+(-2623595227.640954+(-4110192.427513*x6)))*-3.376761)+((((521848853314735727470123679744.000000*x8)+22424991611179918518178560327286784.000000)*-0.000000)+((-2849985184.729237*(x4aqx8))+-9499252346.729990)))))+(((0.000662*((((-116861359296520192000.000000*x5)aq(x7*x5))*-0.107771)+(0.107771*((-116861359296520192000.000000*x5)aq(x7*x5)))))+818.677879)+((-468.647828+(0.662749*((-1.729833+(-1.384458*x5))aq(x7*x5))))+((-0.000000*(((0.000000*1459922796195479.750000)+2018843960157604608.000000)aq((335915984.083342*0.000000)+2350697366.937260)))+-25432.293331)))))*0.000117)+(((87.614833*(((((75612.854525+(x8*-762.415066))*(x5*x4))*-0.000000)+0.001790)*(((x5+x0)-(-0.000000+((x5+x0)*1.000000)))*((-49540.186537*((x9+0.000000)aq(x5+x1)))+(5167938.277156+(1184511.566362*(x5aqx3)))))))+((((0.071790*(((39558.270363+(x8*-100.480803))*(0.462882+(x9*-0.000426)))*(0.002082+(0.000676*(x5aqx7)))))+-278445.230070)+((((0.000000*((0.000000+x0)aq(x5+x1)))+-0.000000)*((16672943558.001719+(284471.111563*(x5*x3)))+(((x5*x3)*-284471.111563)+-16672943558.001719)))*-30995687255227.113281))+(0.015695*((-49652860.977915*((((521848853314735727470123679744.000000*x8)+22424991611179918518178560327286784.000000)*0.000000)+((1.000000*(-27402.933936*x8))+-1177564269.308437)))+((-0.000000*(((x4*0.000000)+2018843960157604608.000000)aq((335915984.083342*x3)+2350697366.937260)))+((0.000001*((58518024.598428+0.000000)aq(x5+32.853197)))+((0.000000*2316115226829.761719)+-25431.785136)))))))+((0.000000*(((((-2255503.280647+(2255503.280652+(x1*0.000000)))*((39558.270363+(x8*-100.480803))*(x5*x4)))*373767798534.053650)+(((((x0*-240140.021191)+117535.905802)*(x5*x4))*-3451.743538)+10811273740.334850))+(((((39558.270363+(x8*-100.480803))*((-0.032262*x1)+-0.430201))*(-108846018789950.765625+(129.351982*(x5+841471595898.660156))))*28575.291592)+54237647703022552.000000)))+((((((((0.000000*x5)aq(x7*x5))*(3401046253131238400.000000+(x2*-2704376009220751872.000000)))*0.021977)+-25430.990343)+((-0.000000*(((x4*0.000000)+2018843960157604608.000000)aq((335915984.083342*x3)+2350697366.937260)))+((0.000001*((58518024.598428+x0)aq(x5+32.853197)))+((0.000000*(-408308236.769321aqx5))+-25431.785136))))*0.014617)+(-558048.557160+(((-0.000004+(-49.179213*(0.020334*(x0-x7))))+(((231.648745*(x0-x7))*0.004317)+0.000004))*-354648654060859.062500)))))))
sbp,4544_GeographicalOriginalofMusic,ok,117,200,0.730614,0.451631,473,2006.52,,3347647.026507+0.000001*(((((-8.119146*((((((x102-x39)-(x47-x65))*3.529581)+-9.051102)+(-0.143570*((101.905904+(30.113340*(x67aqx94)))aqx94)))-((((((-2.634807aqx8)+(x41+x101))*-6.471928)+-18.492910)+(-8.245647*(((x74*-0.976066)+0.507586)+((0.000000*0.000000)+0.232363))))+(((((-0.600245*-0.825010)+(x70aqx71))aq((x110+x110)+(x7-x5)))*-24.687559)+6.648137))))+-1396.455333)*(((((((x74-x44)*2.780043)+-0.428984)-(1.028567+(-3.259620*((x98aqx8)+(x41+x101)))))-(((((x14aqx99)*(x17*x92))*-3.704079)+0.184831)-(x67aqx94)))*-79.203859)+((25.811360+(-89.277050*(((((x99+x101)aq(x47+x83))*1.476460)+(0.379470+(x73*-1.877609)))+(-0.060888+(1.194455*((x90aqx94)+(0.000000aqx36)))))))+((((2.300940*(((x40*-2.100858)+16.407660)+(x41+x101)))+(((x14+x41)*2.672614)+-7.308765))*-38.721752)+(((-10.421245+(((x45*x76)aq(x79aqx94))*-126.533450))+(-0.002739*(((x14aqx99)*(x17*x92))*((x32*-58197.882843)+-23024.954728))))+(((0.181760*(-2847.724440+(x41*0.000000)))+-5.104225)*((((x70aqx71)*0.675349)+-0.041732)*(((x69*x53)+(x70aqx71))aq((x110+x110)+(x7-x5))))))))))+((((-2569.339054+(((9305812893569966.000000+((33151633020742.031250+(0.000000-x5))*-280.704510))-(((x5*1220.523985)+11178.589644)+(10567.535935+((x23*x6)*-946.370289))))*0.337980))*(((4.465266*(x73*(-363.444013+(-153.441042*(-2.780479aqx94)))))+((3893.913235+(526.331758*(x44aqx60)))+(74.952323+((x36+x44)*314.070055))))+((((((x40*-0.002574)+-37143.804080)*132270.219725)+4913029686.157191)+(-0.010655*(((x14aqx99)*(x17*x92))*((x32*0.000000)+-23024.954728))))+((((x74-x44)*(468.521018+(780.339720*x5)))*0.656094)+(-17878.151489+((x64*x90)*-170.220927))))))*0.036605)+((-98.572977*(((-1754.552358+(-779.515279*(((x69*x53)+3.507984)aq((x110+x110)+(x7-x5)))))+(968.962514+(((x40*-342.633610)+769.938371)+((-444139.275366+x44)*314.070055))))+(((((0.088399*x8)+0.002112)*(-363.444013+(-153.441042*(-2.780479aqx94))))*46.431469)+(((((x14aqx99)*(x17*x92))*((220355.798750+-484578.343858)+(x42*-948989.598384)))*-0.000570)+((686.089653*(25191884626985.691406+(x7-x5)))+-17283847997244918.000000)))))+((1472708.053350+((((x5*-57.526847)+-4.670014)+((((x111*-1005.442181)+-361.106679)*((0.000000+x101)aq(x47+x83)))*((-169462.507732*x4)+-173166.701730)))*0.000736))+(0.605409*((2433027.731803+(-0.508819*((x74-x44)*((128789.273015*x16)+-37721.330784))))+(((x14aqx99)*((-3464860.697660+(41.666241*x90))+((x105*x32)*10603314.953933)))*-0.009419))))))))
sbp,485_analcatdata_vehicle,ok,4,48,0.942248,70.089215,449,2012.04,,33051.728540+-0.010358*(((((0.000000*(((58344386765112758276980736.000000*(((-0.000003*(x2+x0))+0.000004)aq(((x2+x0)*-3239940162.303618)+(7226191640.715131+(x0*308429957.675014)))))+-3530441868.112536)*(((1758.062229*((x0+0.000000)+(-5.471000aqx3)))+4531.112113)*(-26381.940199+(-1234028818550703104.000000*((-0.000000+(-0.000000*x2))aq((0.000000+x0)-(x2*11.131000))))))))+-1987.831564)*(((((x2+x0)+((0.303631*(((x2+x2)*(x0-x2))*((x0+x0)+(x1*x3))))+0.606982))*0.837630)+-8.552333)*((-1.011953+(0.003719*((-25.321980+(-25.920448*((x2-x0)*(x3*x0))))+(5.090974*(((x1*x1)*(0.789000-x0))*((x3*x3)aq(x0aq11.689000)))))))+(((((x0+x0)+(12.592000-20.982000))+((x2-x0)aq(x1+x1)))*(((((x1+x1)+(x2*x3))aq((x0+x0)-(x1+x3)))*5.610325)+(121.725086+(((x1aqx1)aq(x3*18.181000))*8.868803))))*((-0.000144*((((x1*x0)*-0.573578)+-5.602803)aq(((x1aq-1.931000)*(x2-x2))+((x0+x3)+(-5.471000aqx3)))))+0.008266)))))+(((3203159.872727+((((80058853.749638*(x2*x3))+-133621086.170786)aq(((283.240928*((x3*x3)aq(x0aq11.689000)))*348366809015074029568.000000)+-362304823233563154448384.000000))*4644519839389298688.000000))+(((((((x1*x0)*-0.573578)+(-271.223302+((x3*x3)*-13.152311)))*0.031599)+4.636758)aq(((-1.385261*((1.798054aqx1)aq(x3*18.181000)))+2.993087)+((x0+x3)+(-5.471000aqx3))))*((((-3639.782012+(2380.448346*(x2*x3)))aq(((x1aq-1.931000)*(x2-x2))+(562994198668.267090+((x2*x3)*938464501334.106201))))*878319464924.463501)+-2505.006307)))+((-899147477.851776*((((80058853.749638*(x2*x3))+-133621086.170786)aq(((283.240928*((x3*x3)aq(x0aq11.689000)))*348366809015074029568.000000)+-362304823233563154448384.000000))*(-161826810.344628+(856632.812118*(((11029.062791*(x0-x2))+-7128.210422)+(((x0+x2)-(x2*x1))*45.519472))))))+((39498.430162+(((((2380.448346*(x2*x3))*0.374476)+(71832399302342437344050034383334574879546540032.000000+(-14769102437106389504832105378019316182808526848.000000*(x3*x3))))*((((x0+x3)*0.000000)+-0.000000)aq((-8457548757099921664688942002973933066780672.000000*(x2aqx0))+8559485859462351572919644835041875672956928.000000)))*-104408.297986))+((((((x2*x0)*(x0*x1))*1211945009268614.250000)+14779463881347408.000000)*((-25.321980+(((x2*-1.585156)+-22.182821)*(-28.498366+(1.204403*x1))))+(5.090974*(((x1*x1)*(0.789000-x0))*((x3*x3)aq(x0aq11.689000))))))*((1.133083*((((x1*x2)aq(x0*-9.651000))*-0.000000)+(((x1-x3)*-0.000000)+-0.000000)))+((0.000000*((28541777799675592490803011815315633835322310288567325386371975950106624.000000+(-350305065232215343850680043612806260597472615315026244518532421255168.000000*x2))*((x1aqx1)aq(x3*18.181000))))+0.000000))))))))
sbp,503_wind,ok,14,200,-24.991187,24.915864,499,2009.78,,885.130649+0.092096*((((((0.566890*(-49.117091+((((796307083942874.625000+(x1*-541786199149912.187500))+(x7+x7))aq(((-53426374423365580715196416.000000*x1)*-0.000000)+-1805024375267687936.000000))*8351.815898)))+((-8.902447+(-0.005038*((((x9*x11)+-99.949553)aq((x13-18.447000)aq(x6+190.819000)))*(((0.000000aqx12)-(0.000000+x11))aq((x3-x6)*(x11-x12))))))+(-10.707204+(((((x12aqx13)aq(x12-x11))*((0.331740*x13)+1.645505))*0.622983)*(2.060376+(((0.000000+0.000000)aq(x13*x11))*-6.520728))))))*((351.597433*((0.979330*(((x4+x0)*((x13*-0.642861)+8.900505))-((54.328641*x12)+(x6*x3))))+(((((x11-x4)-(0.000000+x6))aq((x10aqx2)-(x6+x4)))*-820.087474)+((24.845379*(x3-x5))+-419.624319))))+((8054.478585*(((((x1*540658133061570.500000)+-795259640130921.750000)+(x7+x7))aq(((-53426374423365580715196416.000000*x1)*-0.000000)+-1805024375267687936.000000))*-5026.427928))+((((41689948750072881610752.000000+(-11346853806935388454912.000000*(x3-x9)))aq(((-53426374423365580715196416.000000*x1)*-0.000000)+-1805024375267687936.000000))*0.177933)+(1640649.646585+(-811.480924*(((x11aqx12)-(x0+x11))aq((0.000000-x6)*(x11-x12)))))))))*0.000004)+(((((-156.079330+((x12*(-158.656097+(145.749459*(x13aqx7))))*-0.048890))+(-6.550365+(-0.000904*((((x11-x4)*18384091.744186)+42992302.138498)aq((1328941.827848+(x13*-47338.556186))aq(x6+190.819000))))))+((-5.486132+((((-1803.077787*(x10aqx2))+2735.807960)aq(-2912.868460+((x13aqx7)*2341.470523)))*-1.207383))+((-0.000517+((((-7620153.699117*x8)+111318513.761283)aq((-810855653.781609*x8)+10412108606.474739))*-0.002785))*((((-540659861639032.687500*1939699.844868)+-20317183715095556.000000)+(x7+((-535564538162016.437500*x1)+785577831412781.250000)))aq(((79842457083972708691618253159657704457012111424806172447044060376189445519324479488.000000*x1)*-0.000000)+(((x12*x1)*-61328815733782560.000000)+(-4820814132776970826625886277023487807566608981348378505904128.000000+(1235538490914470404037819346922258366381771620858306820672256769150133731328.000000*x1))))))))*((((((x1*((x8*-165168491169177395801218596648376127221930951755287677550357524743404395832550449318199296.000000)+1116445338339662955881385257808118345995744955335769727821954354226809129819145193616572416.000000))+-795259640130921.750000)+((-10828225465395893899048779346413116883063437000704.000000+(1215003453735248300977074218246155378690948595712.000000*x3))+((-234461670901361340311530842882048.000000*x3)+2228894421194571726587133551443968.000000)))aq(((-53426374423365580715196416.000000*x1)*-0.000000)+(((x12*x1)*-61328815733782560.000000)+-520141914445967360.000000)))*0.000000)+(-0.143090+((((((x1*0.000000)+849833775224366643019776.000000)+(-49494293191103158835172058595328.000000+(1481799561364464697514808836096.000000*0.000000)))+(x7+x7))aq((-976298892361758806966744777125961531278355499245938203345916264448.000000+(1007350811322330030711885650565888610643388162211209641025567981568.000000*(x13aqx7)))+(((x12*x1)*-61328815733782560.000000)+-520141914445967360.000000)))*-29474466929873455969050025787392.000000))))+((-4597.367933+(0.000000*((((x13+(-4740132731.030712+(273617963.849460*x4)))*261607473.224807)+-11128704091.100891)aq(-1325278939.016160+(4332318.327418*((184.208302+(x11*-9.004517))*((0.331740*x13)+1.645505)))))))+(((((-0.138091*((24.845379*(x3-x5))*((x2*-0.351689)+6.102801)))+-960.741325)+((((x9*x11)+(x7+x7))aq(-2912.868460+((x11*101524.546929)+-655607.670553)))*-5411.954863))+((-4.384114*(((-0.028638*(12103208711987960.000000aqx12))+33314904279595.750000)aq(((12103208711987960.000000aqx12)*0.000677)+((-1162009373031.950684*x12)+14985007175884.898438))))+(56565.029530+(1614.199491*(((-7620153.699117*x8)+111318513.761283)aq((-810855653.781609*x8)+10412108606.474739))))))*(-0.082827+(((41689948750072881610752.000000+(46.818762*(x3-x9)))aq((-6825316557847189782528.000000*(x12-x4))+20462015067412525744128.000000))*0.000016)))))))
sbp,505_tecator,ok,124,200,0.970039,1.766269,425,2029.16,,537.487569+-0.002529*((((((((((872994.920467-(0.000000-0.000000))aq((4.825906*x123)+-73.073328))*-0.000033)+3.443453)-((-75.257969+((((x123*-1032034583.598725)+11669946873.589418)aq((x123*11.737557)+-142.021206))*-0.000001))aq(x56+((((x79+x25)*(-11.606334aqx93))*-718.685879)+-15855.851049))))*-0.080300)+-466.449112)*((((((x107aqx80)-(x122+x13))*0.104920)+((0.064368*((-8.079856+(3.028028*(x122aqx123)))+x2))+(9.583854+(-0.023523*((409.991757-(x109*x25))+((x79+x25)*(x108aqx93)))))))*10.618160)+((((-0.104168*(((x50-x74)*-29.339336)+(-113.045245+(x123*0.545186))))+(((((25107.131372*x111)+17531.540384)aq(11620851.416309+(x108*5165384.632370)))*0.000005)+-25.011844))*(3.260002+(((((x50-x74)*-29.339336)+(-113.045245+(x123*0.545186)))*-0.061693)+3.155094)))+((-92.058577+(((((x122*-10.339859)+650.280302)*(x108aqx93))*(-688.801781+(12.106005*(x123*x74))))*0.000156))+(((((x107aqx80)-((0.267170*x107)+0.031650))*(((x27+x122)*-0.002521)+0.211954))*-179.449392)+(-92.214107+(0.073565*(((x9-x122)-(0.000000-0.000000))aq((4.825906*x123)+-55.027433)))))))))+(((-32.975367+(-67.368501*(((-187730811.823140+(165548268.600152*((x56+0.000000)aq(x24+0.000000))))+(((-0.749499+(0.559571*x107))*((x113*-43121.098958)+-27520.297791))*2.826697))aq(x56+((((x122aqx123)*26259464.758342)+-84304098.779202)+-15855.851049)))))+(((217.365977+(0.000000*((((x109-6.418997)*-242359998776289876283397106296684544.000000)+((x109*53942860865138431314974519505382960791552.000000)+9933775399034541549889623637864862449664.000000))aq(-336213414681190889114447739092992.000000+((x123*x74)*6855354200259171741683645677568.000000)))))+(((22.494591*(((x111*-51.904409)+-79.640073)aq(x56+x111)))+735.105413)+(((((0.000000-6.418997)*-242359998776289876283397106296684544.000000)+((x109*53942860865138431314974519505382960791552.000000)+9933775399034541549889623637864862449664.000000))aq(-336213414681190889114447739092992.000000+((x123*x74)*6855354200259171741683645677568.000000)))*-0.000000)))+(66.622985*((-0.001972*((((x122*-10.339859)+695.710947)*(x108aqx93))*(-688.801781+((x108*-24.243890)+730.504928))))+(((((79420.788779*x108)+27558.576325)*(x108aqx93))*-0.000062)+2.414220)))))+((21.072097+((0.000000*((((x109-6.418997)*-242359998776289876283397106296684544.000000)+((x109*53942860865138431314974519505382960791552.000000)+9933775399034541549889623637864862449664.000000))aq(-336213414681190889114447739092992.000000+((x123*x74)*6855354200259171741683645677568.000000))))+-56.616631))+(((-37435.832496+((((0.872107*x123)+154559822700943.343750)+((-0.871982*x123)+-154559822700942.562500))*47868.139029))+-31.498922)+((0.000000*(((((2553247510148640407542317889584365568.000000*x107)+-1101393775543010476818763638584115200.000000)*-4214205303957167.000000)+(-1880057860576983410754268954624.000000+(x109*258556982450017115974685146742784.000000)))aq(-336213414681190889114447739092992.000000+(-32336103623113817182478197737855647744.000000+((x123*x74)*680603867080856691670255235923705856.000000)))))+(-84.531081+(((872994.920467-(0.000000-0.000000))aq((-13906613768.963219+(-9460502708.116337*x107))+-73.073328))*541905.325319))))))))
sbp,519_vinnie,error,,,,,,,TypeError: predict error: wrong data type,
sbp,522_pm10,ok,7,200,-0.727318,1.222235,491,2006.18,,7.824108+-0.000000*((((-15475.969450+((((1075587262.279778+(-549379.003465*((-0.012077*-324676.889552)+((x6*-0.040294)+15.365147))))+(((-0.000174*((x6+0.000000)aq(0.000000+x0)))+1.864116)*((((x5*-1163571777.691763)+786802.277916)*x5)aq(140073264.947166+(-253982.387814*x6)))))+(((((-261507.873700*(x1*x3))+122.730527)aq(x3-x1))*(6848.997901+(((x2aqx2)*-12837.687130)*0.547944)))*0.045187))*-0.000010))*(((136.798600+(-155.619171*((-0.002700*((-2312.460000aqx3)-((-290.929021*x0)+8066.930723)))+(-5.839944+(((x6*x3)*(x3*x2))*0.000157)))))+(-0.000062*(((-13038489.101337*(((x6*x3)*(x3aqx5))aq((x3-x6)-(x1*x6))))+1640106.392480)aqx1)))+(((-5582.112458+(-5.314000*((((x2aqx0)aq(x3-x1))*181.046014)+(((x2aqx3)*-16.973213)+-992.030846))))+(-3.655840*((88.181542+(-149.967114*((x3aqx6)*-383.411622)))aq(x3*x0))))+((((((x1*1202.675457)+-2742.820380)+7800.701760)*(((-2352.524000*x5)aq(x2--848.456000))aq((x5+x6)+(-901.115000aqx0))))*0.005743)+((((((x5*550911407941.399414)+51504411654738.804688)+-6780803.031534)aq((x2*x5)aq(2417.915000aqx5)))*0.000000)+(((((-2352.524000*x5)aq(x2--848.456000))aq((0.000000+x6)+(-901.115000aqx0)))*-21.356037)+((-54.060311*(x1aqx5))+-1705.236202)))))))+(((((-129746012.940713*(((-2352.524000*x5)aq(x2--848.456000))aq((x5+x6)+((x6*-11760.580865)+6172582.347460))))+-252548.794371)+((((((-2352.524000*x5)aq(x2--848.456000))aq((0.000000+x6)+(0.000000aqx0)))*(((2417.915000aqx5)*7.173079)+(-5485.535204+(x5*258.074408))))*((((x6+0.000000)aq(x2+x0))*-1638902994.805406)+(((x6-x2)*159785502.548705)+862379611.496788)))*-0.000000))+(0.062546*((-0.037395*((17388591.986238*((-0.012077*(x1*x4))+((x6*-0.040294)+15.365147)))+(-24426930.763497+(2704375.343210*(10.765935*x1)))))+((-29.876079*((15.310092+(4.340154*(x2-x0)))*(((-209899.715800*x0)+2004368.480058)aq((0.000000+x6)+(-901.115000aqx0)))))+((((8156509614345.062500+(x6*-65762374616.856453))aq((0.000000+x6)+(-901.115000aqx0)))*0.000115)+3527656.779890)))))+(((856154.859625+(0.004907*((25514.262427+((1224.862981+(x4*0.648588))*((x5--1752.407000)-(x5aqx3))))*((-9541052601.517466+(x6*16710825.382775))aq(202937235.429088+(-364594.915512*(x6+x1)))))))+(((-14355.455016+((((-2283.318883*x1)+-61.386551)aqx1)*6060.179905))+(((((x0*3.210653)+-42.391299)*(x1aqx5))*-400290.468953)+(2619433.879277+(172879771.735377*(x1aqx6)))))*0.043161))+((0.028887*(((1360.232681*(((-56934.298782*x0)+337189.662204)aq((0.000000+x6)+-176.555068)))+3698982.769353)+(24659382.531511+(299151.317682*((13.699526*(x2aqx3))+-91.231783)))))+(209190.534313+(0.000000*((89926713357.382217+(-15762519322.145517*(x5aqx3)))*((-637456935467303.750000+(-808074265345007.875000*(x3*x0)))aq((0.088684*(-2898740.819794aqx3))+250056.222640))))))))))
sbp,523_analcatdata_neavote,ok,2,100,0.927519,0.976925,229,2008.89,,9.868827+0.032979*(((((-0.018569*((((x1*x1)+(x1aqx0))aq((x1*18.514000)*(x0aqx1)))-((4.014038*(((48.142000aq-3.588000)-(x1+-5.404000))aq((x0*x1)-(x1+x0))))+-3.091384)))+((((((x1+47.698000)aq(x0+x0))aq((x1*x0)aq(x0+5.736000)))-((-59.939248*((x0aqx0)aq(x0aqx1)))+56.970824))*0.022467)+((0.000001*(((((x1-4.304000)aq(x0*x0))*42334.361719)+(((x1aqx0)*-32944.795279)+88356.891968))aq(((x0aqx0)aq(x1+x0))*((x0-x0)-(x0*43.854000)))))+1.997766)))*-117.625651)+(((((803970058.987159*(((x1-9.858000)aq(x0-x1))aq((x1*x1)*(x1aqx0))))+-30709.710032)-((-38.377075+(2.693116*((((x1-4.304000)aq(x0*x0))*42334.361719)+(((x1aqx0)*-32944.795279)+(82650.192031+(0.000000*x1))))))+(-41120134.582457+(((((x1+47.698000)aq(x0+x0))aq((x1*x0)aq(x0+5.736000)))-(((x0aqx0)*-58.802768)+9571.159147))*(-4322.298618+(((x1-9.858000)aq(x0-0.000000))*0.005773))))))*0.000001)+(-0.009068+(0.000000*(((((x1-4.304000)aq(x0*x0))*42334.361719)+(88355.416635+(-32944.662057*(x1aqx0))))*((-4.251417*(((4713.436665*x0)+-9862.599044)aq(x1*x0)))+14.518432)))))))
sbp,527_analcatdata_election2000,ok,14,67,0.959356,21717.824166,257,2004.45,,-1661378255432241920.000000+0.439631*(((-1.018486*(((-0.000000*((((x8+x1)-(x7*x11))*((x7*x2)*(x5*x3)))+(4897131400716262400.000000+(1320291668442139.500000*(((x5*x2)*0.000528)+-7556.681680)))))+47595.325298)-((1.719901*((x9-x0)+(x7*x6)))+((0.000000*((((x8+x1)-(x7*x11))*((x7*x2)*(x5*x3)))+(((x4*x2)*(-1794261.619000-x13))*((x7aqx8)+(x13-x12)))))+9770.756366))))+((((x0-x9)+(-49.339486+(((1045456430787142528.000000*(0.990404*(x0-x9)))*-0.000000)+49.339486)))*475737026887770.812500)+((1.353863*((0.148373*((((177403498.038801+(x10*-17538.176315))aq(x1+87102.077000))*-6.890306)+10859.868780))+(((((x10aqx12)aq(x1+87102.077000))*(-11545311.558461+(-2461.317859*(-0.552328*x9))))*0.996055)+(1139.484843+(((x13aqx7)*(x8aqx5))*-0.051858)))))+((((-14822897954772273152.000000+(((x0*-0.000000)+(-345844.721886+(0.000000*x8)))*-42859980264985.664062))+(-419572520213129723904000.000000*(0.000000+(0.000000*((x0-x10)*(x1aqx9))))))*2.367392)+((((((-345844.721886+(x7*0.000000))+((x0*-0.000000)+-345844.721886))*-22089616732746.437500)+(((6374891736.409760+(x10*-17538.176315))*-0.000004)+((x10*-0.066790)+(445082179057813504.000000+(-0.364338*43158420096980836352.000000)))))*1.525618)+(((((x8+-152221030657258848.000000)*-2.688388)+((x8*2.689692)+-409229199028113344.000000))*-28.010482)+((((755.161763*(x7aqx8))+(1343980394940276736.000000+(13.805988*x6)))*((-0.000000*x7)+0.910647))+((1277570545803056128.000000+(-0.600434*x1))+(1.043860*(1223891111105448960.000000+(-4.204364*x7))))))))))))
sbp,529_pollen,ok,4,200,0.503233,2.441094,639,2018.75,,2117.571915+-0.000007*(((((1.762532*(((((7105371351.503027+((x0*1.393565)+-7105371351.096996))*(-0.059538+((x2-x3)*1.001123)))+((-7181442.121576*(-57550.922025aqx3))+-103948791494.385376))*0.000000)+((-1565.219951*(((x0-81.827000)+(x3*x2))*(-0.000003+(x3*-0.000000))))+((((-0.012856*(x3*x1))+-0.052060)+(((79.888734-81.827000)+-62.962326)*0.005261))+(0.000000*(((-2704697035.861142*x2)+19656998009.085518)aq((x1aqx0)-(16.276000+x2))))))))+-29769.408506)*(x1-((0.019815*((((x0+x3)+(-102.471000+x0))*119.309478)+((-11.757248*(((x3-x2)-(x3aq115.139000))-((x1+x1)aq(x2*x0))))+(12154.113515+(((x1aqx1)aq(x3*111.168000))*1125.538125)))))+((21.722459*(((((x0+x0)-(x3*x1))aq((x3aqx2)-(x2-x3)))aq(((x0-81.827000)+(x3*x2))-((x2aqx3)+(x3*59.378000))))*((((0.086000+x3)aq(-117.804000+x0))aq((x1+92.142000)*(x3-x3)))*(((-32.420000+0.000000)*(x0+-16.212000))aq((x1aqx0)-(16.276000+x2))))))+(((((x3*14.431964)+-15.659809)aq(x2*x0))*0.083419)+(12510.624935+(((x2aqx0)aq(x2+x2))*-6.418384)))))))+((((((((((x0+x0)-(x3*x1))aq((x3aqx2)-(x2-x3)))aq(((x0-81.827000)+(x3*x2))-((x2aqx3)+(x3*59.378000))))*((((0.086000+x3)aq(-117.804000+x0))aq((x1+92.142000)*(x3-x3)))*(((-32.420000+x3)*(x0+-16.212000))aq((x1aqx0)-(16.276000+x2)))))*-0.000009)+((-0.004100+(0.000000*((2521.364883+(0.000000*x2))aq((x3aqx2)-(x2-x3)))))+((((145.832492*(x2aqx1))+-215.886757)aq(((x0-81.827000)+(x3*x2))-((x2aqx3)+(x3*59.378000))))*0.000000)))*(((((7105371351.503027+((x0aqx1)*-4141363412.868151))*(((x3-x2)-(x3aq115.139000))-((x1+x1)aq(x2*x0))))+((-7181442.121576*(-57550.922025aqx3))+-103948791494.385376))*0.000000)+((-0.067710*(((81.781848+-162.419602)+(x3*x2))*(((x3aqx0)*-0.061356)+-0.146756)))+(-9984.677111+(-425.605598+(-0.282131*((x1+x1)aq(x2*x0))))))))*8525386.399162)+((-40998.711100*(((((((x2*-3.697727)+9229.553076)+(x3*x2))*0.004948)+10077.441871)+(((-228.698440+((x0aqx3)*2326.671054))aq((x1aqx0)-(-1178152930.205986+(-91862106.314883*x3))))*14101.503985))+(((((-5500185.880016*(x2aq4.107997))+294948.699951)aq(((x0-81.827000)+(x3*x2))-((x2aqx3)+(x3*0.000000))))*((((0.086000+x3)aq(-117.804000+x0))aq((x1+92.142000)*(x3-x3)))*(((-32.420000+x3)*(x0+-16.212000))aq((x1aqx0)-(16.276000+x2)))))*0.000000)))+((((((((6203323549.587399aqx1)*5683.275106)+4075103467222.023438)+294948.699951)aq((-293583448477049820173468054728921348246696640931714500263959823646720.000000+(303906207561913457805802799032801500873491310371084624199680.000000*(6203323549.587399aqx1)))-(-4640817.201559+((-32.976318+x2)*-107284.022205))))*-28076301471831642030222084253677815707127730057217226833920.000000)+((-0.000000*((7105371351.503027+((x0aqx1)*-4141363412.868151))*(((x3-x2)--5.459067)-(26.630486aq(x2*x0)))))+(((((317396.910392+-26952.487775)aq(13.007578+x2))*0.890304)+-28417.044812)+(-0.000000*((32002698800722923242417542589193556605067653587070770908172003771295164594791368346187112454394501660672.000000+(x3*-397273528402489482142739473668482089431188379393215759799400998295971568702602368906965385317216944128.000000))aq(47538320.139439+(4382959.133855*x0)))))))+(((((340.207939+(x2*1904.493837))aq(((x0-81.827000)+(x3*x2))-((x2aqx3)+(x3*0.000000))))*((((0.086000+x3)aq(-117.804000+x0))aq((x1+92.142000)*(x3-x3)))*(((-32.420000+x3)*(x0+-16.212000))aq((408251152.187464*x3)+5751814719.613500))))*-1888614733.080753)+(-237.562602+(((-376783014068292115496960.000000+(13420437384265274.000000*(59407009.765451aqx3)))aq(((x0-81.827000)+(x3*x2))-((x1*1455545313893953280.000000)+-7352945277855293440.000000)))*-0.089008))))))))
sbp,1027_ESL,ok,4,200,0.661679,0.887806,589,2006.31,,0.520711+0.504780*((((0.679646*((0.002655*((((x3*x2)+(x1*x0))*36.088000)-(533.326195+(-19.763950*(((x0aqx3)-(11.199000aqx1))*((0.000000aqx3)-(x1*x2)))))))+((-0.009615*(((((x2*x0)aq(x0+29.517000))-((x1+x1)aq(x1aqx3)))-(((1.129000-x0)+(-0.491000*x3))+((x3-x2)*(x1aq-44.681000))))*((((x1aqx3)aq(x1*x0))+((9.756540*x0)+-58.606224))*(((x1-x0)*(x0aqx3))*((24.723000aq-37.422000)-(x0aqx0))))))+(1.252589+(((5.311247+(0.880213*(x1*x2)))aq(((-14.297000aqx1)-(x1*x3))+((x1*x3)*(x2-1.334000))))*-0.124549)))))+(((-0.048712+((x0-x1)*0.287047))+((((((x0+x0)aq(x0-x3))*-5470.170901)+((((x0+x0)aq(x0-x3))*5446.278897)+303.492949))*((((x1aqx3)aq(x1*x0))+((x3aqx1)+(x3*x3)))*(((x1-x0)*(x0aqx3))*((24.723000aq-37.422000)-(x0aqx0)))))*-0.000192))+((((((((x3aqx3)aq(x0aqx1))-(-5811756.561234*(x1-x1)))+(((x3-x1)*(x3+-13.263000))*((x3+x3)-(x0-17.421000))))aq((((x1+x3)+(x0+x0))*((x1aqx0)-(x1*x0)))*(((x2*14.793000)*(x1-x3))+((37.876000*x0)+(x3*x1)))))*-0.110462)+((-0.134900+(0.065243*(((x1*x1)aq(x1+x3))aq((x2-x3)+(x1aqx0)))))+(-0.043899+(0.000646*(((x0-x1)*(2.956000+x0))*((x0+x0)aq(x0-x3)))))))*3.812190)))+((0.133009*((((((x3*x2)+(x1*x0))*36.088000)-(533.326195+(-19.763950*(((x0aqx3)-(11.199000aqx1))*((0.000000aqx3)-(x1*x2))))))*0.016033)+(((((((x2*x0)aq(x0+29.517000))-((x1+x1)aq(x1aqx3)))-(((1.129000-x0)+(-0.491000*x3))+((x3-x2)*(x1aq-44.681000))))*((((x1aqx3)aq(x1*x0))+((x3aqx1)+(x3*x3)))*(((x1-x0)*(x0aqx3))*((24.723000aq-37.422000)-(x0aqx0)))))*-0.117230)+(((((x0+0.000000)aq(x0-x3))*-0.895873)+5.941789)+(((5.311247+(0.880213*(x1*x2)))aq(((-14.297000aqx1)-(x1*x3))+((x2*314.591063)+-1280.113877)))*19.817295)))))+((-0.026031*(((300199.273982+(((720.517912+(x3*-103.358609))*((x3-x1)*(x3+-4.883000)))*6979.194830))+(((((x3-x2)*143788.385288)+-392352.256349)*((x2-x0)*(x0-x3)))*0.565651))aq(371648.437677+(190231.408178*((((x1aqx3)aq(x1*x0))+(-46.449534+(7.720829*x0)))*(((x1-x0)*(x0aqx3))*((24.723000aq-37.422000)-(x0aqx0))))))))+((((((((49.399222*x2)+-230.504515)+x0)aq(18025439.837071+(-18245477.510335*(x3aqx3))))*((-3288802853.434664*(x3*x2))+124149819624.121429))*0.000000)+-0.044665)+(((((((x3-x1)*(x3+-4.883000))*-764534066010926.250000)+126831055356743.312500)aq(-288797523670614.875000+(1884764524663746.750000*((x3-x1)*(x3+-4.883000)))))*-0.412775)+(-0.090258+(-0.000008*((((75391.612644*x0)+-345338.893207)+((x2*x0)*1.708573))aq(((-14.297000aqx1)-(x1*0.000000))+((x1*x3)*(x2-1.334000))))))))))))
sbp,1028_SWD,ok,10,200,-0.141317,0.814747,447,2014.12,,-6.302845+0.117087*(((1.652048*((((x1+x0)+(x2*(3.306425+(-65.615734*(((x6aqx4)aq(x9*x7))aq((x6+x7)*(x2*x6)))))))*0.675586)+((0.615570*((-2.494807+(-4.220608*((x9-x8)aq(x0*x6))))+((((x9aqx0)aqx4)-((x6aqx1)*(x9aqx0)))*-3.324273)))+((-0.751657*(((((x5*x7)-(x7-x9))*-0.574882)+-19.121288)+((-0.959452*((x3-x1)*(x1-x0)))+(((x0-x5)*1.039402)+55.101650))))+(((((1.450415*(x4+x2))+-7.565296)*((x9-x8)aq(x0*x6)))*0.833304)+(((x6aq(85.886473+(x2*-20.423652)))*-3.033978)+((((0.000000--7.470000)aq(x6-x2))*0.225811)+((0.249963*(x9-x8))+((-0.198788*0.000000)+46.252976)))))))))+((((((899132.659412*(((x2*0.643997)+0.260871)-((x6aq18.524000)*(x4*x9))))+-1215762.150770)*((125.597490+((((x9aqx6)aq(x2*x2))-((x6aq18.524000)*(x4*x9)))*475.129144))*((394.884723+(-455.018736+(-55.451052*(x6-x2))))*((-26.989455+((x5+x1)*6.708742))*((x9-x8)aq(x0*x6))))))*-0.000000)+21.468611)+(((((1.787668+((-22405778.016366*((x2--7.470000)aq(x6-x2)))*0.000000))*(((x9aqx0)aqx4)-((x6aqx1)*(x9aqx0))))*2.733752)+((-0.030220*(((((x9+x1)+(x9*6.701000))+((x9+0.000000)+(x4*x2)))+(22.237256+((x2*x0)*56.444690)))aq((((x2aqx8)*(x8*x0))+((x0*x5)*(x1-x7)))aq(((x1-x8)-(x7aqx1))aq((8.423000*x9)-(-1.875000aqx0))))))+(((1.983744*(((x9aqx6)aq(x2*x2))-((x6aq18.524000)*(x4*x9))))+-5.811008)+((30.976411+(-4.640671*((x9aqx0)aqx4)))+(0.791017*(((x6+0.000000)*(x7aqx4))*((x7aqx6)aq(x2-x7))))))))*(((((((x9-x8)aq(x0*x6))*75576858957501.078125)+-26040707774251.292969)*((((-938.900255*(x5aqx2))*((43786654127.614510*x2)+35816125563.018982))+-7553898.704014)aq((((x2aqx8)*(0.000000*x0))+(176.079999*(x1-x7)))aq(((x1-x8)-(x7aqx1))aq((8.423000*x9)-(-1.875000aqx0))))))*-0.000000)+(((((-35.501350+(7.662686*(x0*x5)))+(35.884843+(-7.879457*(x0*x5))))aq((-4784.901285*(x1-x7))+9698.462603))*100.527419)+(1.038845+(0.000072*((-17.917667*(x7aqx4))*(113.437583+(-59.480188*(x7aqx4))))))))))))
sbp,1029_LEV,ok,4,200,0.513133,0.646194,505,2005.29,,-71.176314+0.122303*((((((0.048913*(x1+((0.072156*(((x1+x3)*(x2+x3))-((-7.755000*x0)-(x0+x0))))+((((x3*x2)aq(x2*x1))*0.164124)+-0.895396))))+(9.852692+(0.000622*(((((x3*x1)+(x0aq-12.634000))aq((x2-x3)*(-9.332000-x3)))*(((x1aq13.223000)+(-14.397000+x3))-((x0-x3)+(x1aqx1))))aq((((x0aqx1)aq(-12.154000-x0))+((x3aq5.525000)*(x1aqx2)))aq(((7.773000--9.411000)*(x0+x3))aq((-8.881000aqx1)+(19.050000aqx1))))))))*((-0.000031*(((((x2aqx1)*(x3*x0))*-12.171262)+11.755088)*(((((x1+x0)*(x2aqx3))aq((x2aqx2)-(x0aq9.053000)))aq(((x2+x2)aq(x2*x1))*((x3+x0)aq(x0+x0))))*((((-10.954000aqx3)*(x3+x0))-((x3aq14.432000)-(x2-x1)))aq(((x3aqx2)*(-17.828000-15.781000))*((x2+9.240000)-(5.256000*x0)))))))+(35.488944+(((((0.000000+x1)aq(x2*x0))*0.133095)+0.064837)*0.248044))))*1.670308)+(((1593.943533+(47969591314.153229*((-16814.004803*((x2+-0.870215)-(5.256000*x0)))+(((((x2+9.240000)-(5.256000*x0))*-654.129797)*-25.704386)+-169993.201678))))+(0.159445*(((((((x3*x2)*0.016167)+-0.159331)*((x2aqx1)*(x3*x0)))*-3.197498)+(1.983710+(0.000725*((-115.437818+(106.781197*x2))*((x2aqx1)*(x3*x0))))))*((0.192230+((((x3*x2)*0.016167)+-0.159331)*((x2aqx1)*(x3*x0))))*x0))))+((((((x0aq((x1-x3)+x2))*x0)*-596.051418)+((0.468430*((-1367.503014+(3874.375783*(x0aqx0)))+(1495.427867+(-944.596841*(x2-x0)))))+(((((x2aqx0)-(2.475000-x2))*((x2*2.887000)+(-6.914000+0.000000)))*32.363867)+(-600.862127+(((x2aqx1)*(x3*x0))*67.654761)))))*-0.000912)+((-0.000001*(((-124.855905*(((x2*-1.181493)+5.053589)*(x2-x0)))+-174.076570)*(((((x1-x1)aq(x0*x0))*((x3-x3)aq(x2*14.095000)))-(((14.553000aqx3)aq(x0*x2))*((x0aqx0)aq(x3*15.547000))))*((((x2aqx0)-(2.475000-x2))*((x2*2.887000)+(-6.914000+x2)))*(((x0*x1)+(x2aqx3))+((-17.831000aqx1)aq(x1*x0)))))))+((26596489868833468.000000*(((((x3aq5.525000)*(x1aqx2))*-0.000000)+0.000000)*(((-153283.644593*(x0*x1))+321704.857818)*(((x3aqx2)*0.000000)+-0.000000))))+((((((x2aqx0)-(0.000000-x2))*((x2*2.887000)+(-6.914000+0.000000)))*(-9.731146+(2.135160*(x3*x1))))*0.003342)+((((6.224767+(-2.432682*x0))*(x3*x1))*-0.013868)+(-0.351819+(-69.298052*((-5592896945.122894+5592896945.106977)aq(x3-x2))))))))))))
sbp,1030_ERA,ok,4,200,0.192646,1.742391,521,2005.6,,366.607700+0.319846*((((((-4.540435+(-0.175100*((0.530851*((x1+45.185000)*(x3aqx3)))+(-74.462710+((x3*x3)*-0.104843)))))+(45.328722*(((8.912575aq(x3-x3))aq((x1*x1)-(-61.381000+x1)))aq(((x0-14.003000)*(x0aqx1))aq((x2*x1)-(x0*x1))))))-(((((((x0+x3)+(x3*x2))+(((x3*-5.946170)+-14.682739)-(-60.378000*x1)))*(((-14.035000aq-65.418000)+(-10.737000aqx0))+((x0+x2)+(2.356000+x1))))*((((15.640000+x3)-(x0+x0))+((-58.105000+x0)*(x3+x0)))-(((-52.990000+x1)aq(x2*x3))-((x3+x1)*(x0+x3)))))*-0.000003)+((0.320414*((x1-53.421000)aq(x2-x1)))+(4.916212+(((((x2*x1)aq(x3-x3))-((x2-x3)aq(29.969000aqx3)))aq(((x0aqx3)-(17.420000aqx1))*((x3aqx3)-(x1*x2))))*0.266892)))))*-0.419301)+((((((201.672337+(-0.000504*(((x3*-1154.463358)+2987.379914)aq((55.164435*x1)+-100.315674))))+(((((x1+1.964000)aq(x3-x3))aq((x1*x1)-(-61.381000+x1)))aq(((x0-14.003000)*-192068810.794459)aq((x2*x1)-(x0*x1))))*188790.481779))+(-0.000028*(((((-11.876000aqx1)aq(x2-x0))*-201973.890325)+-15420.615849)*((((x1+1.964000)aq(x3-x3))aq((x1*x1)-(-61.381000+0.000000)))aq(((x0-14.003000)*(x0aqx1))aq((x2*x1)-(x0*x1)))))))+((((-2.552670*((x1aq-11.175000)aq(x3+x0)))+-412.322068)+(((((x0aqx0)+(0.000000aqx3))*((x0aqx0)-(x3*x1)))aq(((x1-x0)-(x3*x1))*((x2*x2)-(6.030000*x0))))*-2.146358))+((((((x1aqx2)*-2.286853)+-18.260457)aq(x3-x3))aq((13.307148+((x1*x1)*-0.974173))-(-61.381000+x1)))*-0.129654)))*5.382541)+((1.454325*(((((((x2-x3)aq(29.969000aqx3))*-0.093968)+0.142649)+((((0.407896*x2)+-3.718790)aq((x0-x2)+(x1+x0)))*0.976883))+(((403840.491150+(-20252.093540*(x3*x1)))aq((x3-x2)-(x1*x1)))*0.000008))+((((((x3aqx1)*66928240877.108208)+-57513302961.278870)aq(((x0-14.003000)*-12410.017381)aq((x2*x1)-(x0*x1))))*0.000000)+((((1.169674+(x0*-0.377814))aq((x0-x2)+(x1+x0)))*-0.169453)+((((13.508000aqx3)*0.032928)+-0.182012)+(((x2*x1)-(x0*x1))*0.004596))))))+(((5415.495507*(((((x3*x1)*1.106707)+-403863.520372)+(-20252.093540*(x3*x1)))aq(-32887731584.134056+(1599553749.236577*(x3*x3)))))+0.142439)+(((-3764606338341.630859*((((x3aqx1)*66928240877.108208)+-57513302961.278870)aq(((-80118824440997768469676032.000000*x0)+970409131837603614220615680.000000)aq((x2*x1)-(x0*x1)))))+((-0.028760*(x1-x3))+0.026473))+(-0.096288+(-0.000000*((((x3aqx1)*2772922520818862979535996237813645312.000000)+-2688713598391884300896425851519762432.000000)aq(((x3*x2)*8706478.094932)+-170543328.692884))))))))))
sbp,1089_USCrime,ok,13,47,0.717246,20.512055,373,2012.39,,-155329.400928+-0.000000*(((((((0.086520*(((((x7*x5)aq(x8-x10))-((0.000000-0.000000)aq(-1537.287000aqx8)))aq(((x0aqx9)-(x12aqx3))*((x9aqx11)-(x2*x7))))*0.793960))+-312.500037)+(x12-(-140.133499+(-39.702183*(((x7aqx9)-(x4+x12))aq(-394783.421687+((x4aqx4)*394957.193678)))))))*((-0.004065*((((((x2aqx7)aq(x3*x0))aq((x4-x5)*(x7*-217.397000)))*652930688864801.000000)*-0.328333)+(-112.523180+(((6610120.333405+(x0*-85089.806512))aq((x7+0.000000)-(x0*x8)))*0.006594))))+8.583772))*21040303175220.980469)+((((43414998701762.835938*((((((x2aqx7)aq(x3*x0))aq((x4-x5)*(x7*-217.397000)))*652930688864801.000000)*-0.328333)+((-0.000000*(((x7*x5)aq(x10-x3))*((28687890079831935865061376.000000*x7)+-27303625570812565733530140672.000000)))+-2063.650872)))+(((((((x10-x3)*-21474.394143)+-56782.986814)+(((x10-x3)*-455014.335381)+4582761.755168))aq(-624860.561194+(742.543121*((x7*x5)aq(x8-x10)))))*7039198607949.858398)+((((-77207315091874.984375+((x4aqx4)*77213144981419.046875))aq((-644326160408.514771*(x12aqx12))+644325248746.109985))*-22889590756.425911)+(-92067349951099264.000000+((((0.000000+x7)*(x10-0.000000))aq((x7+0.000000)-(x0*11.920050)))*-732271497837.990967)))))*1.060531)+((1.061375*(((((((4642805673998300.000000*x2)+-6260918165316081.000000)*(x10-0.000000))aq(((x1aqx2)*4.869221)+-466.117696))*0.134296)+227214323202096.375000)+((((x0-x9)*(-6446614908677950745346048.000000+((x10-2029942054948740864.000000)*-3175763.018930)))*-152225.697853)+((-172641570878934976.000000+((27667601180198.089844*(x5-x0))*1.807708))+(((2334674597318347.500000+(x0*-20365869241353.539062))aq(-48053253351265.898438+(x10*610873926300.771484)))*-1948371808542.509033)))))+(((((((52486313858.709015*(x6-x7))+23513997749449.464844)aq(((x12aqx12)*-939924889.846351)+939923496.943910))*7818.766218)+(((((15445169379614822400.000000+0.000000)-(0.000000*x8))*85457154829.164841)+-1319900231036082283014453723136.000000)+(42604798116958.335938*(((x4*100152526038490.703125)+-402750146995364736.000000)+((x4*-100152526038490.390625)+402750146995364736.000000)))))*1.416296)+((-728248060391438720.000000*(((x0*-19530896102586192.000000)+1207779104787272448.000000)aq(((x4-x8)*96645814921027977216.000000)+-1144923052357861244928.000000)))+(((((x11aqx9)*(-29814522512736129024.000000+(517003053654382016.000000*x0)))*-0.000059)+69475346967187.000000)+((-40081845604126400512.000000+((x8-x10)*-22711892401375.101562))+(611735537452214272.000000*((15339.242974+(x11*8.238321))*(-0.004270+(0.000002*x11))))))))))))
sbp,1096_FacultySalaries,ok,4,50,-2.370125,11.302417,501,2010.34,,-9261582.344323+7.818348*(((0.000005*(((((529666716081.562988+((((25067.866740aqx1)aq(x3*350.884000))-((x1aqx2)aq(x3aqx2)))*849717613749.202759))aq(((x3*x1)aq(x0+x2))+((-834.887028+(3.136591*342.818041))+(x1aqx3))))aq((((x3+x0)-(144.017000-x2))+((x2aqx2)+(x3*x0)))+(((((x2+x0)aq(x1-x3))*-59.852076)+747.039696)-((x2aqx1)*(x3*x0)))))*-0.486700)+((-25595641.637084*(((-0.137715+(-0.251691*((x2-x3)*(x2+x0))))-(((x1aqx1)aq(x3*350.884000))-((x1aqx2)aq(x3aqx2))))aq(-0.036588+((((x2-x3)*(x2+x0))*(-0.283000+(15.115000aq-59.570000)))*-0.805466))))+(((((((x2-x3)*(x2+x0))*((0.000000-x0)+(15.115000aq-59.570000)))-(((x1aqx1)aq(x3*350.884000))-((x1aqx2)aq(x3aqx2))))aq((((x2aqx0)*(-130.844000--467.084000))*((x2aqx0)aq(x2+x2)))-(((x1aq392.835000)*(x2-x1))*((x1*x2)*1.133965))))*-46423.749979)+((((((x2+0.000000)aq(x1-x3))*((23946283.241432*x2)+-76862187.508179))*-0.000009)+100106.220955)+(0.150910*((((x1*x1)*-0.836995)+2018.038874)*((x3*x3)aq(-54.859000+x1)))))))))+((-0.000003*((-373.899506+((((((x2-x3)*(x2+x0))*((x0-0.000000)+(15.115000aq-59.570000)))-(((0.000000aqx1)aq(x3*350.884000))-((0.000000aqx2)aq(x3aqx2))))aq((((x2aqx0)*(-130.844000--467.084000))*((x2aqx0)aq(x2+x2)))-(((x1aqx0)*292.250861)+-4980.156469)))*95.142999))*(((529666716081.562988+(((-1678443600893176971264.000000aq(x3*350.884000))-((x1aqx2)aq(x3aqx2)))*849717613749.202759))aq(-104620841809004969984.000000+(-47747106492.118484*((437777899.635217aq(x1-x3))*-59.852076))))aq((196441357.265487*((((290.395000aqx3)*(x2-x1))aq((442.017000aqx2)aq(328.473000aqx1)))aq(-81.780386+(76.713892*(x2aqx1)))))+-762195051.783610))))+(((((((2112837079263779546502551628467970584300113073197968476916421140125314990473216.000000*((x3*x3)aq(-54.859000+x1)))+-32167789879669480841605505263335961792006041430838407598245901633282694497435648.000000)+((-2892047612274906565939026973047925271411504704769877533387194248915320832.000000*((x3*x3)aq(-54.859000+x1)))+-666840506665578177351659325453783262104198835368842667800059919664584589312.000000))aq((((-119151.957855+(131.738492*x2))*701370557361845556648372707995263129028578990992583630177451687018496.000000)+75604774604621399932123956966311452425549438345017194429153373445066588160.000000)+(((154379461889909831142686494862203691276581203687591144956709302173696.000000*(0.000000-0.000000))+-3385904109604088179855215644604886215222480224220329783851774489133056.000000)+(x1aqx3))))aq((196441357.265487*((((290.395000aqx3)*(x2-x1))aq((442.017000aqx2)aq(328.473000aqx1)))aq((0.199432*(x2--72062709.222028))+-14371599.931123)))+-762195051.783610))*-0.002349)+((((1.164611*(-1.572304*(((x2aqx1)*0.351998)+-149795168899111.906250)))+((-0.003773*((611269390158.151245+(x2aqx1))*-245.055897))+((-0.000000*((x0*389062452.219181)+207788155.297076))+-274858514316123.906250)))*6.015625)+((2.923465*(((306809457243143.437500+((x3+0.000000)*-0.000679))*2.641667)+(-319356614908754.812500+((149795168899107.531250+(x2*-0.001316))*-3.278689))))+((-3.290310*((-0.802834*(x1aqx2))+(149795169652952.062500+(-0.001613*x2))))+(57117184918367.937500+(1623315.053674*(268435456.000000+(x2*-0.000000)))))))))))
sbp,1191_BNG_pbc,ok,18,200,-0.260359,1182.612214,431,2013.71,,6511.019189+0.005592*((((-597.959823+(0.446567*(((((((x9*x5)-(0.000000aqx14))aq((x3-x7)*(x7aqx3)))-(((x6aqx3)aq(x13+x5))-((x0+0.000000)aq(x7-x13))))*(-34.628249+(0.000871*(x8*x12))))+-459.711567)aq((x11+x0)-(x1aqx13)))))*((-164.011745*(x0+x10))+(((((24091.419388*((x6+x3)*(x3-x5)))+-21719.760501)+(1.212611*(-234.718015*((x14aqx8)*(x5+x7)))))*0.003581)+((((((x12aqx17)+(x0*x15))*((-897.484000*x16)*(x8aqx14)))*-0.000005)*-5.075820)+(1924.994388+(0.099628*((-10960.999000+x11)aq(x8aqx11))))))))+((-0.634256*(((-671.495638*((((x9*x5)-(x10aqx14))aq((x3-x7)*(x7aqx3)))-(((x5*211.418461)+27.412564)-(((x7*1147.210368)+-840.205274)aq(x7-x13)))))+((644087.160841+(70.616126*(((x10*20338.899109)+-70232.271820)*((x16*-0.049836)+0.565509))))+(((4483.134951+(x9*-7.246291))aq(x7-x13))*-2858.104549)))+((300.220026*((-695.411974+(-0.000151*(-4198281.285311aqx17)))+(-1.840969*((x0+x8)+(x15aqx8)))))+((-109268039.325892*((82572.876223+(x17*-40850.748994))*(0.000000+(x17*0.000000))))+216085.888963))))+(((((((((x10*x1)*(x8+x4))-(-4841112.735326+(18095354.465669*x1)))*(((x17-x13)*(x7*37596.327000))+((x9*x13)*(x9*x1))))*-0.000000)+((-4456594.722439*(((x9*x13)*0.000000)+-0.012707))+((146644.365697+((x9*x1)*-98.542165))+(218452.469529+((x14*x17)*-117.426883)))))*(((((82572.876223+(x17*-40850.748994))*(0.000000+(x17*0.000000)))*((0.000156+(0.000249*x17))+488756052.520580))*-0.000000)+((-0.000368*(((x12aqx17)+-1188.034028)*((x16*-0.049836)+0.532425)))+-0.409410)))*2.699316)+(((-1.364332*((-246.987833+((x1aqx13)*71171.894236))*((((x9*x5)-(x10aqx14))aq((x3-x7)*(x7aqx3)))-(((x5*211.418461)+27.412564)-(127.889406+(-0.690581*x14))))))+((6288.134593+((((x12aqx17)+-1188.034028)*(84.925704+(-24.706033*x10)))*-0.989362))+(-0.000000*(((82572.876223+(x17*-40850.748994))*((2324834886917777260544.000000*x17)+-219171222696290680832.000000))*(1369616540524339904582988224060775944052461797376.000000+(-2154290694250083548356478505968407077303751802880.000000*(x5+x0)))))))+((1093.607482+((((-1.356718*(-420858.464633aqx8))+-267863.572176)*(((x8+x9)*568.335204)+-192494.610153))*-0.000001))+((8005011394111.778320*(((0.000000*(601034267400.863159aqx11))+111.869190)+(-111.869190+(0.000000*(x11+0.000000)))))+9936.994262)))))))
sbp,1193_BNG_lowbwt,ok,9,200,-0.95066,1270.482957,427,2005.23,,-559431.955446+0.322260*(((-40.593678*((18407.616284*(((x0*x2)+(x1*x0))aq((380.165000aqx0)*(x4-x2))))+(((-0.019467*(0.000004*((((x2*-268.541804)+22172.986109)*((0.000000-x2)*(x4-x2)))+((11562223.077408*(0.000000+x2))+-1525136061.303245))))+(-97.396144+(4648.765052*((((0.000000+x0)+(-1002.423000*x3))aq((x8-x0)*(x3+x4)))*(((75.036449*x3)+-131.580631)aq(25082453.817173+(-7609606.674600*x8)))))))+((((((x1+88.654174)+(-1002.423000*x3))aq((x8-x0)*(x3+x4)))*(((x1+-38.137000)-(-373.234297aq749.008000))aq((x7-x5)*(166.134000-x4))))*0.001081)+((-0.382414*(((x7+x2)aq(x0aqx7))aq((x5-x2)-(-152.514000+x4))))+((4.157044*((x5*x8)+(x4*x4)))+(((x6*x1)*0.844021)+(((x1*x8)*-0.235662)+-68.370631))))))))+((1.380225*((((-1525.295133+(((115.599684+(x3*-115.469472))*(x8*x0))*2.402752))+((((x1+-50.857433)+((x1*-506332873160788428193792.000000)+8650945607841506951954432.000000))aq(((x1-x8)*15216229131056344709831501807616.000000)+-302664791490571362933394339004416.000000))*842171844.123366))+(1.059350*(((x1+-50.857433)+((x1*-506332873160788428193792.000000)+8650945607841506951954432.000000))aq(((-2082759819701291057152.000000*x1)+36141386640784342646784.000000)+((x3aqx6)*766306.594980)))))+(((4.092394*((((x4*x6)*89674475176880081861607424.000000)+46317224916706033972281344.000000)aq((2155599489754953932603392.000000+(x1*-108439695246071479402496.000000))+((x3aqx6)*766306.594980))))*0.013281)+((0.032989*((((-174684740.987634*x2)+25538780759.921711)+(-1002.423000*x3))aq(((0.000000-x1)*375029.125931)+10571545.069907)))+(((((x3*278877516.753421)+-119450932.556327)aq((x8*-600876334.410125)+1853522237.381663))*-64.869609)+((3.154687*((x7+x2)aq(x0aqx7)))+((-114.433461*(-66251.194688-x5))+-7582145.297756)))))))+((((((-0.000046+((0.000000*(x3aqx2))*665500236.426773))*((-917908592207556247552.000000+((x3aqx2)*404849638935027368591360.000000))aq((286468445.466767*(x1-x8))+-5154286014.171256)))*-0.000001)+((-1153402.098401*(((135995784926286741504.000000+(204799366292926595072.000000*x3))+((x1*-506332873160788428193792.000000)+8650945607841506951954432.000000))aq(((625230175537638342557404999188480.000000*0.000000)+999347378824024180904528401399808.000000)+((x1*105845547220820247192906235904.000000)+-1001476844222129589659561202024448.000000))))+((((x1+x0)+(0.054805*43.788428))*33.828684)+(1483965.256554+(146.751032*(x4-x3))))))*1.169977)+((0.957317*(((0.027067*((-8198727599.327997+(x5*11244346376.208832))aq((-1189323.687968*x8)+1576972.352866)))+217.907645)+(((((-174684740.987634*x2)+25538780759.921711)+(2179209.442871*x3))aq(((x2*x1)*1585.415431)+-3450439.296997))*0.007607)))+(5884.761088+((((-51836682972794793771401216.000000+(-38401788514569814016.000000*(x1-x8)))aq(((625230175537638342557404999188480.000000*0.000000)+999347378824024180904528401399808.000000)+((x1*105845547220820247192906235904.000000)+-1001840610752253891040024721358848.000000)))*479781.352192)*0.972776)))))))
sbp,1196_BNG_pharynx,ok,10,200,-0.314378,345.54299,505,2012.11,,-805365.641679+10770.181157*((((-0.003144*(((-21375.931894+(0.023467*((((21.818576*x7)+-1.954285)+(-20.766693*(x9aqx7)))*(((x2aqx9)*(x8-x5))*((x2aqx1)+(x8aqx7))))))+(-11.245775*((((x2aq-216.733000)aq(x1aqx5))+((x9*x5)aq(x6aq307.091000)))aq(((x8*x9)*(x8*-334.345000))-((x3aqx8)*(x8aqx9))))))+((((-0.453593*(((x2aqx9)*(x8-x5))*((x2aqx1)+(x8aqx7))))+-1.307848)+(((x9aqx2)*(x9aqx7))*-10.280321))+-272.726000)))+(((((((-1824363969.646545+(-19127.136313*x6))+(37499750.264026*(-47.362435aq(x6aq307.091000))))*(0.000000+(0.000000*((-88.223000+x5)aq(x8-x6)))))*-1540309.884707)+-3613.807461)+((((80490504.209858+(24629.361697*(x5*x3)))+((((x8*x7)aq(x1-x7))*((x3*x4)*(x5*x3)))*-651.440404))+(((-28230221.260489+(1632.310784*(0.000000aqx2)))+(((x5aqx4)*(x7aq-8.103000))*16814509.450422))+(-8182.152377*(((0.000000+x3)-(-328.696000+x3))-(3280.558885+(3.872824*x3))))))*-0.000000))+(0.000001*(((((((x0+x3)-(-328.696000+x3))-((x5-x8)aq(x8aq459.740000)))*(((x0*x2)*-2.724620)+1267.257326))*0.026956)+-11206.079656)*((x5*-81.835000)+(122.536612+((((x8*x7)aq(x1-x7))*((x3*x4)*(x5*x3)))*1.588764)))))))+((((((-27138.098729+(((334.528262*(x9aqx7))+229.915169)*((-722.290318*(x9aqx7))+((x9*634.536370)+-32.822213))))+((-4040.122919*(((x9aqx1)aq(x9-x8))*35.831516))+20246.282481))-(-245300429.996243+((((-1.702603*(x9aqx7))+0.045505)*(((x5+x9)+(x9aqx5))*((x9aqx9)aq(x7*x8))))*108832.792080)))*(((-0.000000*((((0.000000*x7)+-22.156443)+(-20.766693*(0.000000aqx7)))*(((x2aqx9)*(x8-x5))*((x2aqx1)+(x8aqx7)))))+(0.000000+((x5+x9)*-0.000000)))+0.000000))*0.696963)+((((((38299.714378+(-33237.916261*(x2aqx9)))+(-38299.714378+(((x2aqx9)*33237.916261)*1.000000)))*(0.000685+(21130675871684146908198011716438002505875456.000000*((-0.000000+(x7*-0.000000))*((578717.470408aqx7)aq(x4*x0))))))*(183270522667.563629+(((x4aqx2)aq(0.000000+x7))*-4153086869.182908)))*0.378606)+((((607151490963439527813521736973268249722486784.000000*((-0.000000+(-0.074581*(x3-x7)))*((-0.000000+(x7*-0.000000))*((578717.470408aqx7)aq(x4*x0)))))+0.000114)+(0.000000*(((177289583769027368326266880.000000+((x2*-15.052020)*29832403217763976104378368.000000))+18776581780832325206016.000000)*((((21.818576*x7)+-22.156443)+(-20.766693*(x9aqx7)))*((-3243869294994903793664.000000*(x2aqx0))+((x6*36433982414864261316608.000000)+-30246723496950546563072.000000))))))+((303224524.189937*((-0.000000*((x3+x8)-(x3*x3)))+((1.679011*(-0.000000*(x3-x7)))+-0.000000)))+(-0.013981+(5132296780132541853341843456.000000*((((x0*17151357463253.457031)+-14337345395316.136719)+20830741789390.906250)*((0.000000*(x8*x7))+0.000000))))))))))
sbp,1199_BNG_echoMonths,ok,9,200,-0.822178,20.912214,617,2016.63,,-7001.742610+-0.000000*(((2.894977*((((0.000000*(((((x0*-4752579515.889599)+2613107209.870123)+((x2aqx5)*(x7*x5)))*(((x6-0.000000)*(x7+291.166000))aq((x2-x3)-(x8+x5))))aq((3.364594+(1.682296*(x6-x0)))-(2329571.231110+((x6aqx4)*-1786117.527164)))))+0.000024)*(((((-4736.474465aq(x6-x4))*((x6-x5)-(x0+x0)))*-0.000000)+0.003345)*(((x0+x8)-(-76.037368+(0.001812*((0.000000-x6)*(x4-x6)))))*(0.000044+(-0.000000*(((x6*-10004.786715)+438199.323539)aq((3126.846667*x6)+-33629.632784)))))))*((-999083840428957892608.000000*((379994472478406.000000+(((5339328.157750*(-423671448732213.000000+291.166000))aq(-16882.236885+(x6*2235.264610)))*-0.001971))aq((((x7--321747.252610)+(x0-x5))+(-108664515.900444+(1938422.406869*(x1aqx3))))-(((x4aqx2)-(-174357.383386*x2))*((x8*x1)+(x4-x5))))))+(((((((x6*x6)*4350.807459)+-885144.263086)aq((x2-x3)-((x4*120.961635)+-2596.727282)))*((138020209.219282*(x2aqx4))+-4387091.587256))*-25183056817667608576.000000)+(1308856597111431889957967708028928.000000+(((((x2*x0)*-65966.107253)+123556631.450543)+((x4aqx4)*-81031.881634))*((-7181734744705661952.000000*((x6*x6)-(x1aqx2)))+(-9843478530778563996549120.000000+(94383718661079072768.000000*(x1aqx8))))))))))+((((-78356862873.207428*((379994472478406.000000+(((5339328.157750*(-423671448732213.000000+291.166000))aq(-16882.236885+(x6*2235.264610)))*-0.001971))aq((((x7--321747.252610)+(x0-x5))+(-108664515.900444+(1938422.406869*(x1aqx3))))-(((x4aqx2)-(-174357.383386*x2))*(-9484272.882254+((x1aqx3)*166328.370606))))))+(((((1933176522342076715267652231102464.000000*(0.000000*(x2*x0)))+405275661658601289678848.000000)aq(4028838.967767+(-124884.346138*((x1aqx7)+(x6-29.965818)))))*-7.393808)+((-0.000000*((((x2*x0)-(x6+x4))+((x2aqx5)*(x7*x5)))*(((x6*x8)*-5688660720098560119406592.000000)+7014687831857663471255552.000000)))+-329220102980717183500288.000000)))+(((0.002004*(((((x2*x0)-(0.000000+x4))+((x2aqx5)*(x7*x5)))*(33042316520731958629629952.000000+(-19750813053951108135780352.000000*(x6*x8))))aq((49.397724+((x6*x6)*0.991762))-(((x6*-31827.994271)+326103.938733)*((x8*x1)+(x4-x5))))))+-329305746991505477730304.000000)+-460014352048122492878848.000000))+((((442911281907882619043840.000000+(541643365349405.375000*(((x6*x6)-(x1aqx2))*((6194.475547*x3)+-1110.710228))))+((((1958361596873075703305732096.000000*((x4-0.000000)*(x6*x1)))+-26852391776279318681325819396096.000000)aq((((x7-x6)+(x0-x5))+((x1*-250447.564855)+17302426.553678))-((285412.114632-(x5*x2))*((x8*x1)+(x4-x5)))))*-0.000006))+(((((18766136106068621858657766966284716189795046735740928.000000*(x7--321747.252610))+-6037979387797226305036363055392692945050634867507061587968.000000)*(((-0.000000*(x8*x1))+0.000000)aq((x2-x3)-(x8+0.000000))))aq((((x7-x6)+(x0-x5))+((x1*-250447.564855)+17302426.553678))-(((2.137467+(x4*-0.737598))-((x1*33248.281384)+-2325673.523303))*((x8*x1)+(x4-x5)))))*0.000010))+((((((181822.496350+((x6*x3)*-67860.882639))*(((x6*x6)-(x1aqx2))*((6194.475547*x3)+-1110.710228)))*-1334943331.966955)+-68666631792755826688.000000)+(147597121969635744284672.000000+(-0.000000*((((x2aqx4)*-125093682298109252137033820632108587745804288.000000)+2511428774828352364781399976227318865592320.000000)*(((x6*-10004.786715)+438199.323539)aq((3126.846667*x6)+-33629.632784))))))+((-24668744050137522176.000000+(-94781449726888726755278848.000000*((((x6*x6)*4350.807459)+-885144.263086)aq((-15952324283093.599609+(x6*1554974944188.896484))-((x4*120.961635)+-2596.727282)))))+((((((x2*x0)-(0.000000+x4))+((x2aqx5)*(x7*x5)))*(((x6-x3)*(x7+291.166000))aq((x2-x3)-(x8+x5))))aq((49.397724+((x6*x6)*0.991762))-(((x6*-31827.994271)+326103.938733)*((x8*x1)+(x4-x5)))))*34698626575436972032.000000)))))))
sbp,1201_BNG_breastTumor,ok,9,200,-0.218178,12.728763,447,2007.46,,-644490.908383+5.380566*(((((1.070794+(0.049126*((((((x0*x6)aq(x6aqx6))aq((x8aqx0)aq(x8-x7)))*(((x2-x6)aq(-191.734000+x0))aq((x2*x4)aq(112.539000+x7))))aq((((x6+x4)aq(x8*x5))-((x2aqx2)+(x0-x3)))+(((x6aqx2)+(x3-x5))-((-193.880000+x5)aq(x8-x5)))))-(((((x1+x2)-(x1*x6))-((x1*x2)-(-179.525000aqx8)))-(((x5*61.848000)-(-307.769000*x8))*((x2aqx1)*(x1*x4))))*((((x5aqx6)+(x5aqx5))-((x2aqx2)+(x4-x7)))aq(((-221.012000*x6)-(x7*x7))-((x0aqx5)aq(x8-x5))))))))*((x2aqx2)+(x3+x3)))*0.317309)+(((((-151609.845863+(0.030801*((((0.000000*0.000000)+(x0aqx5))*((x5-x3)+(x1aqx5)))aq(((x3*x5)+(x6-x1))-((182.336000-x8)*(x3+x4))))))+((((((x8+x3)aq(x2+x4))*6655.961510)+760.230662)aqx4)*-0.000404))-((((0.143965+(((x7aqx2)*(x0+x1))*-0.026396))+((-0.015657*(x0aqx4))+20234.404235))*-1.581771)+((((-262.201424*((x3*x8)aq(x2-x6)))*0.010684)+0.292259)+(0.000000*(((10470511065402.558594*(x1aqx2))+828910852473.178711)aq(((x5-x0)+(x8+x8))*((x5+x5)+(x6*x1))))))))*-1.001507)+((((-265232.828151+((((x5aqx6)+(x5aqx5))-((x2aqx2)+5.254012))*-59228.289823))*(((((x8+x3)aq(x2+x4))*6655.961510)+(((x8aqx2)*-4442.388471)+(-23.656114+((x3*-1234.446130)+-0.669906))))*(5.077376+((x8+x3)*-3.356502))))*0.000000)+(((2.892903*(((-1.324147*((x3*x5)*(x5-x4)))+-0.510420)+(0.046153*(((x3*x5)*(x5-x4))*((x0-x1)-(x4*x2))))))+((((((x5-0.000000)+(x1aqx5))*0.000000)+(-0.000000+(-0.000000*(x7aqx2))))*47715189105574.453125)+153889.260927))+((-1328927601758520946518552215552.000000*(((26331462798420498990341495455744.000000+(-158811232806038689320646708559872.000000*(x1aqx1)))aq((228950584684904106753975623090176.000000+(x1*-741565817918893671559637613150208.000000))*((-113824981669392179875454910464.000000*x0)+4920581134219586898296475484160.000000)))*(-0.534311+(0.723052*(x5aqx7)))))+(((((0.036183*(x5-x4))+0.024917)aq(((-221.012000*x6)-(x7*x7))-((x0aqx5)aq(x8-x5))))*560.857095)+((((34.113104+(-13.444285*x6))*(x5aqx7))*0.013413)+((-0.006486+(-0.430771*(x8aqx2)))+(-0.000004*(81183.486697aq(x0*x4))))))))))))
sbp,1203_BNG_pwLinear,ok,10,200,0.238065,3.722962,441,2013.65,,7.477156+1.073703*((((((-0.822099*((0.033728+(1.736659*(x9*x5)))+(((((x6+x4)aq(x4-x0))+((x7*x9)*(x8aqx4)))aq(((x1*x4)+(x1+x1))+((x8-x1)*(x3*x8))))*1.856607)))+7.126074)*((((((x4+x2)aq(x6-x5))*-2.081187)+6.154666)+(((x2*x0)+(x0aqx9))*3.245773))-((((-0.250729+(-7.393223*((x5*x3)-(x1*x0))))-(0.284235+((x0-x6)*-3.551440)))*-0.149466)+(((((4.156000+-41.083621)aq(x9+x0))aq((x4+x9)*(x8-x6)))*-0.136118)+((0.846882*((x7aqx1)*(x0-x5)))+((((-1.838000*x5)aq(x8-x4))*-0.705413)+((1.187799*(x6*x6))+-3.761940)))))))*-0.085033)+((0.000003*(((54500.221199+((((x8*x9)*(x7*x5))-((x0*x5)+(x8aqx1)))*-143532.849274))+1.385886)+((((1853.055114*((-0.049489+(-1.749429*x5))*x5))+810.402678)+((x3*x8)*10768.328192))*((13.086432+(((17.260283aq(x9+x0))aq((x4+x9)*(x8-x6)))*-1.563214))*(((((-0.155000aqx7)*(x1*3.236000))+((x1+x9)+(x2-x4)))+(((x4+x8)+(x2*x0))*((x7*x9)-(x7aqx7))))*((((x5*x0)-(2.548000*0.960000))+((x8+x9)+(x5-x7)))aq(((x5+x8)-(x2aqx4))aq((x5-x3)-(x4*x2)))))))))+((((-247.691056+((13.991163+(-0.000000*((x5*x3)-(x1*x0))))*(((x9*-0.771501)+-0.625719)*((x5*x3)-(x1*x0)))))*((((((x0*-197.858602)+-192.148526)aq(x9+x0))aq((x4+x9)*(x8-x6)))*-0.143309)+((((1.187799*(x6*x6))+((-15.022895*x3)+-265.065985))*1.083523)+21.583951)))*0.000098)+(((((-8324987040.896764+(2219479109.828958*((0.000000+x2)+(4.744000aqx8))))+((((x8*x9)*(x7*x5))-((x0*x5)+(x8aqx1)))*-1.261342))*((6599548.693581*((-17.136408+(46.823669*x4))*(0.087500-(x1*x0))))+-62568880.618270))*-0.000000)+((-0.000000*((4307327.749365+(((x1+x2)+(4.744000aqx8))*-1364873.058992))*((x0aqx9)*(-982329.229232+(-3143932.720641*x8)))))+((-4.879485+(-0.040531*((17.049672+(46.823669*x4))*((x0*-0.174812)+-0.057491))))+((-0.000000*((-29.993917+(1.519302*x1))+((x2*x0)*1.430416)))*((1097367.037174*((x7*x9)*(x8aqx4)))+-14473121.917193)))))))))
sbp,1595_poker,ok,10,200,-59.385857,10.413758,405,2009.07,,0.754083+-0.000000*((((((0.000000*((((((-850746023979765921152742677943114429995015951220691659294507008.000000*x3)+8749526794131919738378718366722782709163205477700688172858474496.000000)*9856684215276.023438)+-210805785719141.687500)aq(x8-x0))*(6133.646288+(((10169137676911937750827008.000000-(x4aq9.055000))aq((x8-x6)*(-44.994000-x4)))*6414.485824))))+-10266583.977050)+((((((-9856684215276.025391*((x7*x3)aq(x8-x0)))+0.062500)+-210805785719141.687500)aq(x8-x0))*((14794.501493+(0.000000*-4362638115605576583391215616.000000))+(((10169137676911937750827008.000000-(x4aq9.055000))aq((x8-x6)*(-44.994000-x4)))*6414.485824)))*(0.000000+((((172.138012*(530165059677690696205924351803916288.000000aq(x8-x0)))+-3030.310656)aq(x4-x0))*-0.000000))))*(((((0.000000*(((-182722106851467329536.000000*(x0aqx3))+79939245484997197824.000000)aq(x8-x0)))+-0.000000)+((((172.138012*(530165059677690696205924351803916288.000000aq(x8-x0)))+-3030.310656)aq(x4-x0))*-0.000000))*3892529641911197011623407873110012799224075255808.000000)+60947589601038.570312))+(((-1504537544926011392.000000+(((((-9856684215276.025391*((x7*x3)aq(x8-x0)))+0.062500)+((-19742998181936856215158708655864732820172768343505416291876864.000000*((x7*x3)aq(x8-x0)))+242416649545792824012823090777081105329355237277994279371800576.000000))aq((-0.000000*((-3033575325871342622866082025926503391118251700192335359121756782592.000000+(351116713418476777454773399303407778236685620029996934016285016064.000000*x5))*((x7*x3)aq(x8-x0))))+33581719414832691613934076850972751491089714455011263512576.000000))*26507454544715428.000000))+(213988938.244281*(((((x8+x3)aq(x7*x8))-(-3017380341.505327+(33641053.471408*((x3+x0)*12.823140))))aq(((x3+x0)*(x5+x4))*((x8*x7)*(x4*x2))))*(856630.117707+(((-0.586848+((x3+0.000000)*0.012928))aq(((x2+x4)+(x3*x2))-((x9-x5)+(x1+x9))))*21347682.367072)))))+((1.184790*(((((172.138012*(530165059677690696205924351803916288.000000aq(x8-x0)))+-3030.310656)aq((((x1aqx9)*20926265464063759705625649988835283165097737273309288552900941373854458358554230621521681684651266896035840.000000)+-20351262717509809868728851213103305094499095973885173847939458170101675950245272162961909713338114261385216.000000)-x0))*-12059952969129468937309258310887413957222046071211318798932894410164972708228952137662464.000000)+((((((0.000000*11787304602094378.000000)+145688631423164704.000000)aq(110857522868708010038842015093787152291484950713253448109785088.000000+(-7413411807761956764016955453185193060764457024146919865188352.000000*x7)))*-39218056691036156494709820227584.000000)*0.000000)+((((-0.219096+(0.038624*x3))aq(-1657.682939+(x3*561.939446)))*-179349936687763330957312.000000)+717221057329612455936.000000))))+((((((112604384031277468920840192.000000*(x0aqx3))+(17179869184.000000+(-112604384031277503280578560.000000*(x0aqx3))))*(((-2.173748+(0.175899*x7))-(935698679961.965820+(x3*-128554063761.378769)))aq((-1440492988241732443990730473472.000000*(x2+x7))+18875002911464400489124552769536.000000)))*-9517412665690045618856132608.000000)+((590958962573500612608.000000+(-640323142599804583936.000000+(2385214956771670016.000000*((x3*x6)*(x4-x9)))))+((((-185672807651429104421724032139443062625159012817006458098923154388434288640.000000*(x0*x2))+((524003608213244269571089713668876097063082597881073122317440396141388627968.000000*x0)+-130780349354404627905600255442518524986472260750526546655417534766387298304.000000))*((-3033575325871342622866082025926503391118251700192335359121756782592.000000+(351116713418476777454773399303407778236685620029996934016285016064.000000*x5))*((x7*x3)aq(x8-x0))))*0.000000)))+((((((0.000000+(x1*-0.000000))aq((x7-x9)+(0.000000-0.000000)))*375477919449225573081590429647268508179093258240.000000)+((-61100259989616230400.000000*((x0aqx4)-(x1+x6)))+-427423194340365893632.000000))*1.170204)+263008426286362329088.000000))))))
sbp,192_vineyard,ok,2,52,0.287111,3.870881,471,2013.15,,1503428593425240.250000+-0.000312*(((((((-15842576728935600.000000+((((107.926706*x1)+-1336244655740351488.000000)*-3.333333)*0.003557))*-0.706479)+651.963845)+-4656.371286)*(((-8716117536770558.000000+(2.266444*(((-0.001439*((x0+65.709000)+(x0*x1)))+1922862106684112.750000)+(-1.941044*(((x0+x1)*-0.021289)+-990632918554696.750000)))))+(0.624530*(((-0.364297*(((x0+10.554000)aq(x1-x1))aq((x0*x0)-(24.468000+x0))))+-234.334423)+(((((-16.122000aqx0)-(17.853000+0.000000))-((-26.160000*-61.930000)+(x0+51.304000)))aq(((-48.409000aqx0)*-413099.032844)+-4509318.870585))*-397.013774))))+(((x1*-43.431000)+(((((x0*x1)aq(x1*x1))*((14.506000-x1)*(x0--52.454000)))*-1.654033)+127.927996))*(-0.023816+((((((0.000000+65.709000)+(x0*x1))aq((x0+-68.108000)+(x0*65.332000)))aq(((x0+x1)aq(x0+x0))+((-5.739000-x0)+(x0+-30.783000))))*((((-16.122000aqx0)-(0.000000+x0))-((-26.160000*-61.930000)+(0.000000+51.304000)))aq(((-52.637000aqx0)-(x0*-61.643000))+((x0*x1)*(x1-13.541000)))))*0.000089)))))+((-1.329286*((((((((x0*x1)*0.001273)+-990632918554749.625000)*0.602918)+597270496101658.875000)*((x0+14.963000)-((0.004049*(244649829607493216.000000+(243.003367*x0)))+(-990632918554697.125000+((x0aqx1)*0.376285)))))*29825.613658)+((((108627246001149941121024.000000+(109654387.580452*((x0*-0.099400)+-990632918554690.750000)))*((14990584777.391724+(-202065711.301314*(x1*x1)))aq(-3530.997642+(1593.297643*(x1aqx0)))))*-0.000000)+((((((-16.122000aqx0)-(0.000000+x0))-((-26.160000*-61.930000)+(x0+51.304000)))aq((240.796308*(x0*x0))+-832.714432))*247.148969)+(-9725025017382002688.000000+(-9816.981482*(-990632918554697.750000+(0.001330*(x0*x1)))))))))+(((((-0.000386*((((-16.122000aqx0)-(17.853000+0.000000))-((-26.160000*-61.930000)+(x0+0.000000)))aq(((x0aqx1)*23012.113413)+(-598.436916+(-1928.498392*x0)))))+(((((0.000000+65.709000)+(x0*x1))aq((x1*-2549.375039)+30248.932452))*0.074411)+6.144565))+((-0.000229*((((x1aqx0)*-6429.229566)+11235.301129)aq(-1013.267743+((x1aqx0)*562.020103))))+((-0.001883+(((x0*x0)aq(x1+-10.146000))*-0.000324))+(-0.083203*((0.679387+(x0*-0.057961))aq(97.355093+(x1*-8.518302)))))))*392156.269995)+(((((0.000001*(((0.000000+2526588111909.999023)+(x0*x1))aq((x1*-2549.375039)+24500.659801)))+-9285929.108107)+(235091.806227*((0.000043*(1336244655740436992.000000+(x1*-15.248290)))+(-64134552544944.679688+((-28247298874116984.000000-x1)*-0.000230)))))+(-0.005392*(6507811365581025705984.000000+((((x0+x1)*-0.021289)+(990632918554623.625000+(0.042538*x1)))*((70864.130081*87.452807)+-12766614.071672)))))+((2409171879865063424.000000+((305870.958861*(((-48.409000aqx0)*-0.000139)+(136293.132496+(x0*0.000897))))*2.987978))+(836701982421777152.000000+(793.669377*((1981265837113430.000000+(x1*0.464776))+((x0aqx0)*-5.091009))))))))))
sbp,197_cpu_act,ok,21,200,0.467922,15.773898,475,2014.82,,105.151327+-0.022178*(((0.000057*(((1417.430627*((((x1*x11)+(x3+x10))+((x17+x2)+(x17-x17)))-((((x19+x19)aq(x19+x18))*13165.977036)+(-24426.317988+(-15699.185774*(x17aqx2))))))+((4842047.002537+(-0.000019*(((x20aqx0)+((63266816.799314+919436127079655680.000000)aqx19))aq((x7+x17)+(x19-x10)))))+3979630.788892))+((-0.005001*((-188927648.935178+((((x16-x10)*(x13+x9))-((-11943293.835000-0.000000)aq(x2+x20)))*-624782.038832))-(((((x15-0.000000)+(x13+x4))*((3196943.159000-x8)-(x0aq5152303.818000)))+(((0.000000*x13)+(0.000000*x3))-((x9-0.000000)-(x3*0.000000))))-(-125577189.775571+(((x18-x16)aq(x16*x16))*-6317616293.412209)))))+((-13954.300231*((((13583722064154025424262248592834560.000000-x15)aq(x2+x19))*-0.000000)+170.909352))+((645973.093512*(((x14-x10)aq(x14+x14))+((x9aqx18)aq(x3-x7))))+(((((x2*3054685.763271)+-10823199228.261728)*x6)*0.000066)+(((-73276506749129589791668064747520.000000aq(x2aqx8))*-0.000000)+-50703706.736035)))))))+((((-0.000000*((((-6133085087826893900611584.000000+((3735599869311302514842831195483619841508638720.000000aqx19)*-0.000000))*(((x20aqx0)+(8132086502430299161362432.000000aqx19))aq((x7+x17)+(-219379.146083-x10))))+22806823.133356)aq((-14343071.390028+(((x0aqx4)aq(x18-x12))*516093041.567670))+x20)))+((111500646126551264.000000*((((-40601005659.195709+(x0*1049313789.419202))+59421242139.592216)+(((x17aqx5)aq(x11-x0))*-25257912945.233829))*((((x20*0.735790)+-1215476.081132)+((63266816.799314+1076219946946757632.000000)aqx19))aq((x7+x17)+(4472638608963491206131930890825702542671872.000000+(-7172078094616728183436857075864436736.000000*x7))))))+(((-153.899786+(-0.000000*(-2030544415305.368652aq(x11-x0))))+((((x20aqx0)+(0.000000aqx19))aq((x7+0.000000)+(x19-x10)))*-0.348307))+(123.791902+(((543145.789574+(x20*-0.735790))+(-543145.789574+(0.735790*x20)))*-284892560855.406189)))))*1.976672)+(((((-508776280.865511+(((-0.000000*(x19*-773727580.491345))+-53.051073)*((-1540357219.285969*(x16aqx5))+95075532011.986084)))aq((26790202.271995+(((x0aqx4)aq(x18-x12))*-542174968.779941))+x20))*-0.000032)+((((((0.049829*x7)+-5575.302400)aq(x3-197.828514))*-0.106661)+8.824986)+(-0.002342*((195.219866+(-22.209869*((x15-0.000000)+(x13+0.000000))))*(((29135295234114842367685273749489335631085568.000000+(x16*-859543295159660538594132299487592392425472.000000))+((x17*-519332407.951696)+267937316402.862701))aq(-1914149358115814289811487762611305447424000.000000+(45390749808071924128913388327766656934739968.000000*(x17aqx2))))))))+(((((-0.000000*(((410594354058816461433873566062947291914596880548453811714555128935667427551739904.000000*x18)+15519971813147764642223644481470225165976681299741143666688031873708720268190416896.000000)aq((24.498682*x18)+1687.311058)))+0.000000)*((6009698.079038+(5351999150788011867722489547133271789566689280.000000aq(-177955276142237035084931779264512.000000+(1094065622325534602947075244032.000000*x19))))aq((200049558345952294825541144812639491425603272096182923013277422371718823936.000000+(-102720477416307836450243549385563239240493372501131264.000000*(8132086502430299161362432.000000aqx19)))+(x19-x10))))*-438598319445617803301117678684490958087613753367467086245962949707915210888145035128884676168570037246314028690836478230528.000000)+(1.751457+(-42543303301506941497376768.000000*((((-40601005659.195709+(1049313789.419202*x0))+59421242139.592216)+(((x17aqx5)aq(x11-x0))*-25257912945.233829))*((((x20*0.735790)+-1215476.081132)+((63266816.799314+1076219946946757632.000000)aq8702191783356.804688))aq((9186940280148288042427068243671150416101376.000000+(x8*-14957082803072155789125136877805895680.000000))+(4472638608963491206131930890825702542671872.000000+-11892514725466389738111189211012914600738816.000000)))))))))))
sbp,201_pol,ok,48,200,-17.587181,166.487893,349,2003.03,,-896.203917+0.000000*(((((((89.221610*(((x8*x20)+(-9353.207702+((x7+x4)*54.380122)))*((8.535722+((x18aqx7)*-52.787332))+((x18aqx7)*-0.377878))))+6384437.434288)*-523315.732628)+(2064367667971142.500000+((((x8*x20)+(-9353.207702+((x7+x4)*56.533058)))*((8.535722+((x18aqx7)*-52.787332))+((x18aqx7)*-0.377878)))*-17062699965.930166)))*((119842648.384369+(((((((x8-x11)*(0.000000+x8))*((x6+0.000000)aq(x2-x36)))+((111.549946+(x14*61.496839))*((x25*x11)aq(x24-x3))))-((((x18+x14)-(x4aqx32))*((x42-x43)*(x22*x46)))*(((x28*x43)*(x16-x11))-((x43+x17)*(x2*x27)))))-((7695.048124+(((0.000000+x4)*-366540.669730)*(-0.000473+(x4*0.000003))))-((3.024593*(26593.892944aqx4))+6736.282028)))*-6329.848090))*((-7376.500562+(-10827.236395*((((x5+x4)*0.003985)+-1.913231)+((x7aqx4)*0.123837))))*(((((x8*(7.839345+0.001047))+(-9353.207702+((x7+x4)*59.831769)))*0.011854)+-64.925000)*((x5+x6)+(-240.925000+x29))))))+((268957269818259800064.000000*((18727572473.419460+(12189.885221*(-1536320.657603+(-0.000000*((82.519106+(x25*81.399822))*(4.811530+(x12*2.403682)))))))*(((-66.550407*(-714830.366343+(2170.429093*((x2*x17)aq(x18+x13)))))+(-3025353580.262273+(4651759.825451*(((x4+x11)+(x46aqx35))aq((x18-x43)+(0.000000+x26))))))-(((x7aq(-134.856070+((x7aqx4)*217.179194)))*-21269443.398924)+(((-259502915.989877*(x31aqx16))+-16655152453.509748)+(-2925.367270*((29825.727918+(3411.817437*0.000000))+(1671.151392+(x32*-518460.205601)))))))))+(((((-1875982970696050933760.000000*(23993415619876566864556294823103004280122644827041794510290944.000000+(-129675158513140759312351092341017202082157864254988861046784.000000*(x7+x4))))+9618922311098265247450709681926848569671680.000000)aq(-429886468960966672491236350197545300687074916418442911757451156366555725992820736.000000+(-34152574171722630976661589858414520833861105145632846038573854572066243608576.000000*(((x6+x8)*-46.063269)+(868.539165+(x5*-73.089060))))))*10232975212182357780987904.000000)+((61928848674506438885148114488667572814252305938976321749123072.000000*(((((37909920600411048928134218758956191308139276273364454342656.000000+(3533694129556768659166595001485837031654967793751237916243212402585239552.000000*-0.000000))+(15298091351267145024543297877207762385540475483653043275169792.000000*(x18aqx7)))*(0.000000+(-0.000000*x25)))+9618922311098265247450709681926848569671680.000000)aq(-429886468960966672491236350197545300687074916418442911757451156366555725992820736.000000+(-34152574171722630976661589858414520833861105145632846038573854572066243608576.000000*(-12585.910033+((x4aqx5)*-7.970125))))))+88234281994332196016194444066816.000000)))))
sbp,210_cloud,ok,5,108,-21.807113,5.71023,451,2008.67,,5.776548+0.000268*((((((((x4*x1)-(x3-((0.812901*((x2aqx3)*(x3*15.483000)))+-60.905611)))+((((-122.776681+((x3aqx4)*388.498562))*((0.185095+(0.000000+x3))aq((x0+x1)*(x1+16.479000))))*0.033133)+(-53.885846+(-0.499937*(((0.000000-x3)aq(x4aqx3))*20.613561)))))*0.013115)+((0.000002*((((((38.228000-x4)aq(x0*x2))*-14083306.087040)+516981981.686718)*((((x1+0.000000)*(x1*x2))*-0.000000)+0.000000))*(2033134616677900800.000000+(439784657212701.250000*(((x2-x3)aq(x4aqx3))*((x1*-21127.210911)+18344.893903))))))+((0.002616*((4.284748*(((x2*x3)*(-0.363000+x3))aq((40.245000+x4)aq(x3+x4))))+((((38.228000-0.000000)aq(x0*x2))*0.364673)+-9.633596)))+((-0.001913*(((122.593750+(x4*0.000000))+((x3aqx4)*973.196157))*((-0.087676*(x4aqx4))+0.071217)))+(0.008306+((((x3-0.000000)-(x2+x4))aq((x0-x2)+(x1+x0)))*0.011497))))))*13369.598708)+(((-0.000000*(((24383251857.874138+(((x1*-21127.210911)+-281985841.106669)*(86.461587+((x2aqx4)*0.003648))))+(((((x3+x0)aq(x1-x4))*-0.016682)+(((0.000000aqx2)*0.000478)+0.012598))*((-246174161.484662+((x4-x2)*-350614977.895875))+(-450.585938*(557037.985021*(x4*x1))))))*((((((38.228000-x4)aq(x0*x2))*-14083306.087040)+516981981.686718)*((0.000000+(-0.000000*(x1*x2)))+0.000000))*(2033134616677900800.000000+(439784657212701.250000*(((x2-x3)aq(x4aqx3))*((x1*-21127.210911)+18344.893903)))))))+-667.523001)+((((((((x2-x3)aq(-115492745839735971250176.000000+(x2*96786822539507797065728.000000)))*((-26677886044.474564+(8789144522.345161*x4))+125423030.596556))*-7579345290095.597656)+((((-0.670290-(-52329831087560690307353230291192661573208731337080050022180489110784508175736552951388479460944759488512.000000+-840126901.307790))aq(-250.017898+(472.330588*x2)))*0.000000)+-40.684564))*((((2143561125375.916992+(-4992588495385.445312*(x2aqx4)))+(((x2aqx4)*4992588495385.446289)+-2143561125375.917480))*73528.493774)+(((((x2aqx4)*-153654873560232672.000000)+23716245400381317120.000000)*0.000000)+((-23.507787*(x3aqx3))+(-8881.931390+(-2.510381*(x1-x3)))))))*-0.568799)+(((((24383251857.874138+(((x1*-21127.210911)+-281985841.106669)*86.463646))+(-4123989.239082+((-277.177897+(x1*-211.305013))*-8645.018274)))*(143085501.158824+(-375215699.424609*(x4-x2))))*0.702404)+((-0.000000*(((((38.228000-0.000000)aq(x0*x2))*-14083306.087040)+(509863399.560496+((-199557658.770771*x0)+28513225.534870)))*((((x3+x0)aq(x1-x4))*-502001064731089088.000000)+((203344628492374048.000000*(x3+x0))+((-64621866167697488.000000*x4)+257417337445871296.000000)))))+((-25.195039*((-1313.094041+(x3*1000.147549))aq(-250.017898+(472.330588*x2))))+(359.776184+((((x3+x0)aq(10130569.526056-x4))*-1329906331.362780)*1.000087)))))))))
sbp,215_2dplanes,ok,10,200,0.854664,1.258012,369,2009.12,,-1.528132+-0.455901*(((-0.819623*((0.313410+(((x5+x0)+(x1+x0))*4.012134))+(((((x0*x2)+(x4+x6))aq((x6+x2)aq(x1-x4)))*3.500938)+((-1.589934*((-0.078950+((x6-x2)*1.146586))-((((x4*x0)aq(x4+x1))*-3.236395)+-0.119156)))+((0.939297*(x0*((2.411278*(x1-x5))+(0.280962+(-1.575192*x6)))))+(((1.488470*((x7-x5)aq(x4+x3)))+0.356348)+(0.860975*(((x3-0.000000)-(x9-x4))+(-4.264849+(x2*0.735490))))))))))+(((((((-5.218104+((0.149016+(x8*-0.484258))*(x0*x3)))*7.550722)+((9.863782*((-0.083524+(x7*-0.195934))+((x0*x3)*0.185800)))+11.564959))+((0.000040*((22.301512+((x6*-86.635939)+-63.996243))*(((x6*505.541035)+78.635059)*(x0*x5))))+-28.071493))*((0.007180*(x0*(((0.600664+(x2*-1.251608))*(x1--0.517959))+(0.040350+(-0.540512*x1)))))+((0.000073*(((0.149016+(x8*-0.484258))*(-12.164137+(x8*19.580331)))*(((x7*-9.749293)+-4.336554)+(x7*-0.004213))))+(-0.259385+((((x4*1.021653)+0.036435)*((x0*x2)+(0.000000+x6)))*0.004834)))))*1.102731)+((-160.902934+((((((1127.666417+(3518.657108*x2))*(-0.003238+(0.088422*x4)))*0.001403)+150.870797)+(-0.000000*((22.301512+((x6-x8)*-246.029077))*(-5508.859483+((x0*x7)*5377.840572)))))*0.994529))+(((-0.000231*(((14.837107+(-0.677600*(0.000000+x1)))+252.752482)*(((4.986484-34.963083)-(0.000000-x4))+(-4.264849+(x2*0.735490)))))+((12.920531+(0.436417*(((x0*x7)*-1.340498)+-56.500025)))+(-0.000003*((22.301512+((x6-x8)*-246.029077))*(((505.213700*x6)+111.647015)*(x0*x5))))))*(((((-154140172.598942*((x0*x7)*-0.000000))+-0.291600)*(((4.986484-0.000000)-(0.000000-x4))+(-4.264849+(x2*0.735490))))*-0.002213)+((((211.266176+((x0*x3)*9.704189))*((-0.740722+(x8*-11.997872))*(x0*x3)))*-0.000023)+(1.138513+(0.159896*(((x3*-0.184588)+-0.042556)*(x0*x7)))))))))))
sbp,218_house_8L,ok,8,200,0.09671,43717.515788,421,2005.18,,-78920547538758704.000000+111102.251757*(((-0.000010*((((1.366914+(-3.901857*(((x2aq91438.876000)aq(x7+x3))*(((x2aqx7)*-249603.853326)+176365.726703))))-(-0.589402+(((-542.288348*((x6aqx7)aq(x0+-16872.311000)))+0.156284)+(-0.000208*(((x3+x1)+(x0-0.000000))aq((x6aqx7)-(x4*x0)))))))+((((x1--61178.750000)+(-64649.079926+(((x1*x1)aq(x6aqx6))*-10.603784)))*17.872170)+62022.733350))*((-5583.854168*(((1511791940585281615298560.000000+(((x0-0.000000)*(x0aq0.000000))*-102943621048303552.000000))aq((((x2aqx7)*-1107997434.733522)+647470657.782378)-(-12080823088.636066+((x2aqx7)*20851913472.389343))))aq(x0*(-2735339611540.421875+(1028426902080869.250000*((0.000000+x6)aq(x0-x7)))))))+((-1.381606*((((-14268.551684*x3)+10543.377567)-(((x5*x4)*-81405.120092)+538.039949))-(((x4-x6)*1690.715910)+9652.110350)))+(((((-23750857350474027312806363136.000000+(x0*11069508786313934191722496.000000))aq((x6aqx7)-(x4*x0)))*(0.000000+((x4*x0)*0.000000)))*0.000000)+((0.198292*(-1266807.034764aq((x3*-5180.322166)+4249.400663)))+-99046.537519))))))+(((((-0.000176+(-0.000001*(((0.000000+x1)+(-1895.197131-x4))aq(5.625394+(x4*0.002619)))))aq(((487297304882741.500000*(0.016235aq(x0-x7)))+-2441603642.072449)*((516299214556978.625000*(0.016235aq(x0-x7)))+-18605535675.743301)))*1120967853821475441082368.000000)+((((-0.000000*((((x3-x1)*380320914386616234559184199663763849216.000000)+-320034637707892960056576253260657065984.000000)aq(39787787593854289444864.000000+(0.989157*(x6aqx6)))))+710341566357.898682)+(-0.000000*((-5790522648473622970105856.000000+((0.016235aq(x0-434.481814))*-84156091361211601599382683648.000000))aq(x4-(158469.740999+((-1422582110698.327637*x7)+166981994150.104248))))))+((((-23465642035456160.000000+((378118861083028094976.000000*(x2aqx3))+-146852736130103984128.000000))aq(x4-(((x6*470720753208.775635)+-3195333206275.410645)+(-8093426.591613*(x6aqx0)))))aq((((0.016235aq(x0-x7))*3624703803664643.500000)+((175505608.983800*(-355538.936000aqx0))+13026260455.522278))*(-2735339611540.421875+(((-355538.936000aqx0)*-174108885.332185)+2726606730362.585938))))*767441387.736841)))+((-0.000000*((((((0.000000+x1)+(0.000000-0.000000))aq((x6aqx7)-(x4*x0)))*-5124661.992299)+1696.991700)*((((-14268.551684*x3)+10543.377567)-(((x5*x4)*-81405.120092)+538.039949))-(((x4-x6)*1690.715910)+9652.110350))))+((0.932033*(((((0.538322*(x3*x2))*-0.654490)+0.145735)+((((x3*0.006524)+-0.006210)aq((x2*-2153.202285)+1125.346008))*-816.466686))+((0.016235aq((x2*-2153.202285)+1160.083906))*-18.888887)))+((0.052313*(((-20632042401136813165776709091328.000000+((x2aqx3)*49070109371791239475251382321152.000000))aq(39787787593854289444864.000000+(-40223927085251847782400.000000*(x6aqx6))))*(0.000000+(-0.000000*((x3-x1)*363595001623929.062500)))))+-0.057058))))))
sbp,225_puma8NH,ok,8,200,0.415206,4.335629,323,2024.34,,-90.539226+0.702748*(((-0.002016*(((11383803681.543280*(((5206.920401*((0.000000+x1)+(x2aqx6)))+((-5206.920401*((-0.300322+x1)+(x2aqx6)))+-1563.751713))*(((x1+x2)aq(-6.441000aq8.091000))*(-8.041742+(2.755923*(x2*x1))))))+-132.825539)*((((0.027190*((((-2.721666*x1)+4.998045)*(x1aqx2))*((-26.365300*(x1*x1))+41.878703)))+((1.863006*(((-2.721666*x1)+4.998045)*(x1aqx2)))+-134.703752))+(-0.031762*(((((x4*x1)-(x4aqx5))*99.577072)+-397.951116)aq(x2-x5))))+((0.006783*((65.327274+((x1aqx2)*-20.123546))*(((x1+x2)aq(-6.441000aq8.091000))*((-8.593538*(x2*x1))+9.386896))))+((((x2aqx0)*4.549004)+0.085228)+((((1.958244+(x7*-48.995625))*((x4*-119.274474)+-90.613424))*-0.001152)+((-6.900442*((x1-x7)*(x1aqx1)))+(-35.197844+(-87.328494*(-0.487962aqx6))))))))))+((((((x1*((2005654.486722*((0.000000+x0)aq(-7.397000*x1)))+-134823.558811))*0.001047)+(((((x1-x2)*(x5*x6))*((-4420013401392.646484*(x2*x1))+-1236065576456.240967))*-0.000000)+16759.136088))*(39220.438254+((-71717416.901628+((((0.000000aqx2)aq(8.415000*x0))*(903.986593+(x1*-1094.598652)))*0.001444))*(((((x4*26978517.372473)+-306006004.326979)aq(-7353.973049*x1))*-0.000000)+0.000547))))*0.123530)+(((((-18.145133+(-36.052696*(-0.487962aqx6)))*(((-9708.542997*(x3aqx3))+(-0.163942+(0.680424*x3)))*(((-61246395.111156+(x3*243452907.069024))aq(x3*x3))aq((x1aqx5)aq(x3aqx3)))))*-0.000000)*102.186355)+(197.144342+(0.000221*(((22475.835760+(((x1-0.000000)*(x5*76475917.171688))*0.000036))+(10.624908*(((x5aqx2)aq(8.415000*x0))*(903.986593+(x1*-1094.598652)))))+(0.000751*((((x4*8.594403)+2272869.603323)+(-4026350.643627*x1))*(x5*x6))))))))))
sbp,227_cpu_small,ok,12,200,0.661764,12.707823,443,2014.46,,-497542.459167+-0.000000*((((((((((x5+x2)aq((3.959151*x2)+-2176.687683))*-340372851175751.187500)+417761148090408.437500)+(-417761148090408.437500+((((x5+x2)aq((3.959151*x2)+-2176.687683))*0.000000)*1103652893204028850176.000000)))*((-0.199670+(((-35425.510708+(45.508954*(x2-x5)))aq(x2+((x2*228.242179)+-183112.706923)))*0.338816))*((6.356740*((((x6aqx0)*14.354284)+3.148841)aq(x2+((x2*228.242179)+-183112.706923))))+((0.002123+(0.000000*(-6247010380333603356672.000000aqx8)))+((((0.000000aqx7)+(x5aqx4))*((x11aqx2)-(x10+0.000000)))*-0.000111)))))+-11084813169160.439453)*(((((-7276004.330331*((0.173466+((x7aqx3)*0.000040))+(((x0*x7)aq(x8*x4))*-0.004326)))+((-0.021470*(((7483461.335000aqx7)+(0.000000aqx4))*((x11aqx2)-(x10+x6))))+-767959.953255))*0.302937)+1925509.601923)*(((x2-((-25621.282989*((x5+x2)aq(x2+x11)))+((-0.000323*((x9-x5)*(x2-x11)))+364.606798)))*-206.993020)+(((((-0.000002+(1.000000*(-1.000000*x0)))+x7)*(-135274523.868670+(((x10+x9)aq(x1-x5))*403150.368547)))*0.000000)+((-3074413.185499*((((x2aqx3)*-0.002627)+((0.000000*x0)+0.058504))+((0.000000*(x11*x6))+0.006035)))+(1400783.428526+(((x5+-2530.170471)aq((-13.287766*x2)+71568.022422))*-58344.804890)))))))+((27492534266745585664.000000*((((((23218672.394975aq(-549630584338856576.000000+(x10*283263852162897.375000)))*171277057617451995256634743872053837824.000000)*0.000000)+2310553.977628)+((-574825.580991*((((-16.654857*x4)+1890.540769)aq(-2175.900016+(x2*3.958723)))*(-1.513689+((323583774914324574450543571573169616866488360557886835808388231800752886870857907961856.000000aqx5)*0.000000))))*0.022797))+((-510924042.108426*((((x2-x11)*-0.000006)+-10.537154)aq(x2+((x2*228.242179)+-183112.706923))))+(((x0+((x0*-1.000000)+(-0.000000+(x9*0.000000))))*-43232137889367031808.000000)+((18006675797568953642112410762598154240.000000*((-344448860953071040285293785423200353761307394048.000000aq(11079825.553000*x1))aq(15901327276933543412871916854830077127780275008800531660781494757380780212560978771968.000000aq(x7+x10))))+((((x7+231680579365910.593750)*-0.000000)*18916966266316919386999463053782679552.000000)+19853174398951.082031))))))+((((((475394164057259934482432.000000+(((x11aqx2)-(x10+0.000000))*322773644475168129024.000000))+(833731952040960375914496.000000*((x5+x2)aq(-52972.613198+(485.207588*x4)))))+(((0.000000*((0.000000+x2)aq(x2+-1699.507964)))*((38.871248*(x6aqx0))+-8.812274))*967673936654217090667301044224.000000))+(23616157281764344830904772872685150903529249202144530137088.000000*(-0.000000+(((x5+x2)aq((x2*0.118496)+-122.796103))*0.000000))))*1.037305)+((0.968315*((416169498733155494920192.000000+(162578526849381676613632.000000*((1.254653+-4119.452860)aq((x10*14.561401)+-6274.158980))))+(((((x2aqx5)*195492762592851704857278400615685803737088.000000)+((x2*-72686538236197659773950147172296921448448.000000)+-103428281763341810197642974379833200794927104.000000))aq(((x2*-26583713290096551976556864161301612185001887622014718409865073873622099034112.000000)+41481195957712506875241920247159497679613294711324603550385137804014760719548416.000000)+71568.022422))*24047075740819096890722108359138013700040166072586107617280.000000)))+((691844533585.465698*((-7525669019906701914156302336.000000+(1.281334*(x4*83282935764600339558301696.000000)))+(-7525669019681206372950605824.000000+(1.281334*((x4*-83282935764600305198563328.000000)+11746619587439883303753089024.000000)))))+-189117091412347687526589267968.000000))))))
sbp,228_elusage,ok,2,55,-0.132348,14.875923,489,2031.23,,-1230030271386.659180+-0.000538*(((-1437.569021*(((((x0aq-349.684000)aq(178.739000-x0))*((x1--109.515000)-(x0-x1)))-(((((((x0+x1)aq(x0*x0))aq((80.312000+x0)aq(33.292000+x0)))*(((x0+x1)aq(x1*x1))+((-345.235000+-55.428000)aq(x0+-192.273000))))*((((x0-x0)-(x1*x0))*((x0+x1)aq(x0aqx0)))-(((0.000000aq1.719000)-(0.000000-0.000000))+((0.000000+x1)+(0.000000-x1)))))*0.000019)+((-0.000019*(((x0*x1)+(x0aqx1))aq((x1-x0)+(273.434000aqx1))))+(-0.001281+(0.003154+(0.000062*((x0+-267.101000)aq(-20.757000+x0))))))))*(((((((x1aqx1)-(x1*x1))-(-1124154672.627664+(-30094383.656017*(x1-x0))))+(((x1*x0)*1.116249)+20.295740))aq((-215747.488456+(128.179717*(x0*x0)))+(((x1aq-375.200000)-(x0+87.925000))aq((x0+x0)aq(x0aqx1)))))*0.000602)+((0.001320*(((((x1*3128.409220)+-4774.883839)+(x0aqx1))aq(-21080.706570+((x1aqx0)*379468.797650)))*((-210.699796*((x0+x1)aq(x1*x1)))+1490.147188)))+(-2180.789056+(-3813434.027743*(((x0*x1)+(x0aqx1))aq((x1-x0)+((6938556.910390*x0)+-235441212.574286)))))))))+((0.540915*(((5035.898979+(10534.689722*(((x0*x1)+(x0aqx1))aq((x1-x0)+((6938556.910390*x0)+-381304470.872043)))))*(((((-345.235000+-55.428000)aq((x1*47.437211)+-220.985639))*-0.159248)+5034.977136)+(-0.000001*(((x0*549143989308981837824.000000)+-20595085890603708317696.000000)+((0.500000*(x0*-1098287978617964331008.000000))+20595085890603708317696.000000)))))*((-0.000013*(((26.801596*(-117.857000aqx0))+128298.421432)+(-0.000011*(((x0*-549143989308981641216.000000)+20595085890603695734784.000000)+((x0*549143989308981837824.000000)+-20595085890615418814464.000000)))))+((((568076294735079669760.000000+(11779683653895266304.000000*(x1*x0)))aq(((-549143989308944875520.000000*x0)+20302653524266931191808.000000)+((x0*x1)*(x1-76.411000))))*-0.000026)+(3.818914+((((x0*0.000000)+-0.000001)*-258920023505373856.000000)+(-144118371329.015717+(0.000000*(x1-x0)))))))))+((((-247858646434581.718750*(0.000000*(((x0*549143989308981837824.000000)+-20595085890603708317696.000000)+(20595085890612054982656.000000+((x0*0.000785)*-699769966719799889231872.000000)))))+236206599.770427)+(((((((x0*-549143989308981641216.000000)+20595085890603695734784.000000)+((x0*549143989308981837824.000000)+-20595085890603712512000.000000))*-0.000001)+((((x1*x1)*0.016787)+4293165838934.637695)+(((0.000000+x1)aq(x0*x0))*-648.272395)))*-1180.244809)+3923645876880351.000000))+(((0.934534*(((((x1-x0)*-894846882879601583987793032380416.000000)+-21000607669885037695183562666409984.000000)aq((-1626215638010304000.000000*(x1-x0))+-43316525859257704448.000000))*((((x0-0.000000)aq(277.241000*x1))*-0.000000)+-0.000000)))+(-1234609575782086.500000+((((-12341109577.366478+(x1*10195580286.789309))+((0.000000--238885698.298816)*1.796888))aq((283.263994+(x1*168.743449))+((6938556.910390*x0)+-316264567.092769)))*0.582489)))*(0.926075+(((((93502.380733*(x1-x0))+1932219.940729)+(((x1*x0)*1.116249)+20.295740))aq((-215747.488456+(128.179717*(x0*x0)))+((-713.731990*(x1*x0))+256681.460419)))*-0.000000)))))))
sbp,229_pwLinear,ok,10,200,0.774689,1.831691,381,2031.9,,7.111377+1.179337*(((0.846751*((0.759152*((((((x1+x0)+(x9*x6))*((x5+x0)*(x5aqx5)))*0.028641)+-3.588403)*(x0+((((x1+x4)+(x2+x5))*-0.625026)+(-3.678366+(0.532415*((x0*x2)+(x1*x0))))))))+((((9.308610+(-2.047944*(x4*x0)))*(x0*(-3.359286+(((x5+-2.124000)+(x6*x0))*-1.976832))))*-0.044794)+(-18.993858+(-0.183491*((-2.176725+(((0.000000*0.000000)+-5.930062)*(x4*x0)))+((((x0*x2)+(x1*x0))aq((4.963000aqx0)*(x5-x2)))*-2.717380)))))))+((((((-0.209926+(-3.272162*((x8+x0)-(x5+0.069173))))*((((9.128073*(x2+x1))+0.678371)*(((x4aqx0)-(x2+x1))aq((x3*x0)-(x8-x1))))+5.257267))*-0.006311)+0.167887)+((((-1.285674*(0.046947*(((x5+-2.124000)+(x6*x0))*(-4.642973+(-4.738426*x5)))))+0.588565)+((x3+(((x4*x0)*3.067176)+((-3.003199*(x4*x0))+0.582959)))*(0.317431+(((x7--3.575000)*(x9+x0))*0.146260))))*0.484193))+(((((((((x0*x2)+6.948190)*-0.095999)+0.692506)*(-3.359286+(((x5+-2.124000)+(x6*x0))*-1.976832)))*-1.408176)+((((((x4aqx0)-(x2+0.000000))*0.099466)+-1.495078)+(-0.040371*((1.016764+(3.107000*x1))*((x0*x2)+(x1*x0)))))+(((x2+x5)*1.519629)*-0.214524)))*1.134379)+(((((((-0.741878-(x2+0.000000))aq((x3*x0)-(x8-x1)))*0.266556)+1.472775)+(0.151901*((-0.047726+((x7*x5)*-0.880571))*((x8+x0)-(x5+x4)))))+((((((x0*x5)+(0.491267*x6))*-23.254599)+6.416522)*((((-0.237589aqx3)*-230.175223)+-43.697360)*(((x4aqx0)-(x2+x1))aq((x3*x0)-(x8-x1)))))*-0.001555))+(((((((x0*288.697507)+(3.926000*0.000000))*2.327128)+2.713379)*((((4.546451+0.000000)-(x3*x5))*17.065856)+-77.467380))*0.000026)+((((-0.131625+((x9+x4)*-0.364668))*((-395.851626+(x5*-965.717747))-(x5+x4)))*0.000317)+1.313910)))))))
sbp,230_machine_cpu,ok,6,200,0.854924,74.906725,417,2007.79,,112899720.049634+0.000000*((((309616139127.087524+(((-13.229723*(((((x5aqx0)*(x3+x3))*40.672114)+1152.046151)+(x0+(((x5*x5)*-1.604078)+-2163.303060))))+((-15.599983*((((-0.129069*0.000000)+-308.981045)*(x3aqx0))+-4430556.954892))+(-442615463842.716858+(-3.750792*(-65183660192.333649+((x5aqx4)*843.889294))))))*1.563283))*(((x1-x2)+((((x1-296647.423000)+((40.672114*((x5aqx0)*(x3+x3)))+1152.046151))*-25.516438)+-7509136.550517))-(((((((x1+x3)*(x5+x4))*-0.085193)+-248885.033543)-(((x3aqx4)-(x1aqx0))+((x2+x3)+(242587.968000+x1))))*-7.080762)+(-3552006.434928+((((((0.000000-252493.663000)+(x5aqx4))aq((x0aqx0)-(x4aqx0)))aq(((147836.428000-x0)*(x4*x0))-((x1+x0)aq(x3*x4))))aq((((x2+x0)aq(x4+x2))*((x2*x0)+(x2-x1)))*(((x0+x0)-(x5+x5))*((x5-x2)aq(x3+x4)))))*-391116626833089.437500)))))+((((((((((x5aqx0)*(x3+x3))*40.672114)+1152.046151)+(x0+((-8537.194118*(x5aqx0))+((x2*0.000000)+-8525355201.704676))))*656240.606287)+(-4297523996462867.000000+(-11.123352*((((x5-x3)*-152.168218)+108.817872)*((x5-x3)*(0.000000-x3))))))*((-1.255688*((((x0+x0)+(126037.454000*x2))aq((x5-x0)*(x2+x3)))*(((x1+182790.612000)-(x2aq-283982.089000))aq((x5-x3)*(-288465.926000-x3)))))+(((((822.842867*(x2*0.000000))+-9892208463145760.000000)+(((0.000000-x2)aq(x3+x4))*878520.161545))+((3766.165824+(-6379.131315*(x1aqx2)))*934752.275455))+(19698168987.102325*(((-150958094.011427+(87246.601964*x1))+(126037.454000*x2))aq((x5-x0)*-3193154860.487599))))))*-0.000000)+(((((-0.000000*((-12929018074031332396809922603896729089514028300653161349120.000000+(-3227215289362941116672438422775474259636845162547642368.000000*(x1-x2)))aq(((147836.428000-x0)*(x4*x0))-((x4*5395443.041777)+37078066.930445))))+0.000001)*(((((x5-x0)*(x2+x3))*-48171970736167080.000000)+-1591049445179392.000000)aq((x5-x0)*((((x5+x4)*8221042927691695468314624.000000)+-975927176211084051558170624.000000)+x3))))*-0.000295)+(((((((x5-x0)*(15721406510110960728504465883136.000000+x3))*-48171970736167080.000000)+-1591049445179392.000000)aq((x5-x0)*((-810705826750842387658964992.000000+(1424444351721799680000.000000*(x5*x2)))+x3)))*0.000000)+(-203596117078245600.000000+(3987182055751095296.000000*(((-71356342854077590274048.000000+(85643991061522945146880.000000*(x5aqx0)))+-1591049445179392.000000)aq((-2581046477572612370957598720.000000+((x1aqx0)*51455768885857062609747968.000000))*((30.674130*(x5*x4))+-14147.259466))))))))))
sbp,294_satellite_image,ok,36,200,-45.2435,6.695996,449,2013.07,,-54.573360+-0.000200*(((1.097288*((((((55.418477+(0.327888*((-107.306060+x35)aq(x22-x24))))+-24.903687)*0.336247)+137.980561)*((-5372.852762*((((x8+x35)aq(x22-x24))aq((x11*x9)-(x32+x12)))aq(((x4-x30)*(x7aqx7))aq((x22*x7)-(x2*x13)))))+(44.908587+(-0.000009*((((x18aqx20)*-33206104.294694)+51333991.960702)aq(-23.577709+((x27*x35)*0.005298)))))))+((4239.819618+((((-0.000000*((x28-x21)*(x35-x16)))+0.000003)*((x22*x23)aq(-23.577709+((x27*x35)*0.005298))))*-315597.264410))+(((((x15+x33)aq(x8-x2))aq((x6*x16)aq(x25*x17)))*((-2.016023*((0.000000+x33)aq(x8-x2)))+21.736059))*((((((5.131752*x24)+-218.642410)aq(x22-x24))aq((x11*x9)-(x32+4666.708974)))*-190.968230)+48.403562)))))+((48.182934*((0.050461*(((((x28-x21)*(x35-x16))*0.000060)+(-0.014445+((x32-x21)*-0.000837)))*(((x16aqx11)*-118317.714536)+(118338.270486+(2227.530869*((0.000000+x33)aq(x8-68.539983)))))))+(((-2258.871153+(-255.755783*((-7.362618+(0.138395*x18))aq(-14.346564+(0.531259*x2)))))+((((x15+x33)aq(x8-x2))aq((-61871424.490420+(x8*1017216.831577))aq(x25*x17)))*1765.268905))+(((-0.000000*(((x27*-83164429731.098068)+5472708775444.566406)aq((1820.535454*x27)+-124152.128992)))+((((0.000000+x33)aq(x8-x2))*-5.515895)+-11.292630))+((-0.384767*(((x19*-134.268485)+12835.471885)aq(-5594.513351+(93.088280*x12))))+(-19.718175+(-0.328290*((x15+x33)aq(x8-53.931512)))))))))+(((((-61.907165*((x2aqx20)aq(x32-x21)))+(((((x11*0.000000)+-1007294.004637)aq((x11*x9)--6843119.235593))*-0.016966)+((0.365152*((10881.937421*x16)aq(x25*x17)))+(((0.000000*x27)*0.000000)+1123.598320))))*((0.056286*(((x8+x35)aq(x22-x24))aq((x11*x9)-(-3365.708250+(116.759686*x9)))))+(0.200272+(-0.000000*((32096744.158887+(x11*-508516.185159))aq((x11*x9)-7343.907212))))))*78.061540)+((1954.492471*((-53.342773+((((x27*52573134.542052)+-2380951058.184566)aq(x8-x2))*-0.000000))+(((((x8+x35)aq(x22-70.673599))*-0.010300)+-0.479277)*((-260843.893342+(204595.664823*(x16aqx11)))aq((487776.468306*(x18aqx20))+-516257.938734)))))+((((-0.000000*(((x27*-83164429731.098068)+5472708775444.566406)aq((x31*249.815383)+-18953.040592)))+((-906.351630+((x8-x2)*1.499165))+-11.292630))*-0.746380)+(-104756.227579+(((2.348478+(0.086000*(x35-x16)))aq((x6*x16)aq(x25*x17)))*569.513829))))))))
sbp,344_mv,ok,10,200,0.780621,4.104204,423,2012.35,,-4046.947119+-1.845780*((((((((((x5+x0)-(1280.216049+((x5*x7)*1.113694)))*((-49540.186537*(-53561.085897aq22.713375))+((215544.578215*(x5*x4))+-2626282322.458865)))*-0.000000)+(3321.006828+(((118.056483+(15.528979*(x5*x3)))aq(x7*x5))*-0.006733)))*((-0.000000*(((x1*x5)aq(x7*x5))*((((x0aqx5)*-306.136337)+0.487962)+(-0.021755*(-1564.451423aq(x5*x9))))))+0.099401))*((2516254.074177*(((x5+x0)-(1280.216049+(-1280.216049+(x5+x0))))*(((((x2aqx4)*-3234715.252872)+(-2623595227.640954+(-4110192.427513*x6)))*-3.376761)+((((521848853314735727470123679744.000000*x8)+22424991611179918518178560327286784.000000)*-0.000000)+((-2849985184.729237*(x4aqx8))+-9499252346.729990)))))+(((0.000662*((((-116861359296520192000.000000*x5)aq(x7*x5))*-0.107771)+(0.107771*((-116861359296520192000.000000*x5)aq(x7*x5)))))+818.677879)+((-468.647828+(0.662749*((-1.729833+(-1.384458*x5))aq(x7*x5))))+((-0.000000*(((0.000000*1459922796195479.750000)+2018843960157604608.000000)aq((335915984.083342*0.000000)+2350697366.937260)))+-25432.293331)))))*0.000117)+(((87.614833*(((((75612.854525+(x8*-762.415066))*(x5*x4))*-0.000000)+0.001790)*(((x5+x0)-(-0.000000+((x5+x0)*1.000000)))*((-49540.186537*((x9+0.000000)aq(x5+x1)))+(5167938.277156+(1184511.566362*(x5aqx3)))))))+((-765.766681+((((0.000000*((0.000000+x0)aq(x5+x1)))+-0.000000)*((16672943558.001719+(284471.111563*(x5*x3)))+(((x5*x3)*-284471.111563)+-16672943558.001719)))*-30995687255227.113281))+(0.015695*((-49652860.977915*((((521848853314735727470123679744.000000*x8)+22424991611179918518178560327286784.000000)*0.000000)+((1.000000*(-27402.933936*x8))+-1177564269.308437)))+((-0.000000*(((x4*0.000000)+2018843960157604608.000000)aq((335915984.083342*x3)+2350697366.937260)))+((0.000001*((58518024.598428+0.000000)aq(x5+32.853197)))+((0.000000*2316115226829.761719)+-25431.785136)))))))+((-4510006.222266*(((-0.000000+(0.000000*((39558.270363+(x8*-100.480803))*(0.462882+(x9*-0.000426)))))*(4807620.982384+(-893851.076448*(x5*((0.002880*x2)+-0.001559)))))+((-0.000000*((-2255503.280647+(2255503.280652+(x1*0.000000)))*((39558.270363+(x8*-100.480803))*(x5*x4))))+0.000124)))+((-326.006052+(0.000000*(((39558.270363+(x8*-100.480803))*((-0.032262*x1)+-0.430201))*(-108846018789950.765625+(129.351982*(x5+841471595898.660156))))))+(-3279.738154*((0.000000*((((0.000000*1459922796195479.750000)+2018843960157604608.000000)aq((335915984.083342*x3)+2350697366.937260))*(-0.004650+((x3*-662666646.865278)*0.000000))))+((0.000000*((x0*934040113.047654)aq(810496428.857103+(33280525.609758*x5))))+(0.099370+(((58518024.598428+x0)aq(x5+0.000000))*0.000000))))))))))
sbp,537_houses,ok,8,200,0.65703,53181.154306,477,2152.02,,-8772782798.689285+-0.000000*(((((-0.000000*(((-122.250939+(-0.999999*x7))-((x1*-10752.369800)+473440.282621))*((-65603361752.485229+((x6*-1710280329.648381)+130305935459.551819))+0.000000)))+-64541145.380396)*((((x0-10546.754000)-((0.081858*(((x1-x2)-(x2-x6))aq((x2-x3)+(x7-x1))))+((0.486936*(((0.000000-x2)*(x5+x1))aq((x7-x5)*(x4-x5))))+(39.667431+(0.289549*((x0*x6)aq(x7+x2)))))))*(827.264286+(((x0-10546.754000)-(-11810.810069+(0.027271*((x6*x0)aq(x0aqx1)))))*((-0.000000*(((x3-x5)aq(x1+23348.866000))+((x6*x3)aq(x6-x3))))+(0.360722+(((x4aqx3)aq(x0*x0))*-0.000027))))))*(((((-1753.473219*((2085874.726669aqx7)+(81.399250+(0.006146*x1))))+-6484443.039565)+(-2158.856517*((((1.271528*x2)+-685.161573)-((x4*-1.493165)+13.749418))aq((x2-x3)+(x7-x1)))))*0.000000)+(((((x7-x2)*((-65603361752.485229+(0.000000*1734110632.646366))+0.000000))aq(((1067900061589066624.000000+(-28189981342462540.000000*x6))-x5)*(x4-x5)))*-0.079582)+(((((-0.000000*(x2*x1))+((x2*0.000001)+0.000521))aq(((x4aqx3)*141524482893.964874)+-290905350974.400696))*170761596.747351)+1.165112)))))+((0.718021*(((((((-12961609477606191728164864.000000*(3568948936.537493-x6))*0.000248)+11478845072769234811192975818752.000000)aq(((-1067900061589102592.000000+(28189981342463492.000000*x6))-((x6*28189981342462404.000000)+-1067900061589061376.000000))*(x4-x5)))*((((1064316145175662208.000000+1067900061589066624.000000)-((-1638.400000*-1531346837005292.250000)+-376742450984741888.000000))*0.000000)+-0.017641))+((-55923134612574.523438*((((-25517.429000aqx7)+(x6aqx7))aq((x7*692.106685)+169182.038719))*-5919018971682.255859))+1404934159609932271321088.000000))*((-0.000000*(((-7616598962868737540096.000000+(18610656746113.082031*(x4-x5)))*((-65603361752.485229+(0.000000*1734110632.646366))+0.000000))aq(((-1067900061589102592.000000+(28189981342463492.000000*x6))-x5)*(0.103107+((x6aqx7)*-0.333383)))))+((0.000000*(((-1067900061589102592.000000+(28189981342463492.000000*x6))-(-1067900061589067904.000000+(28189981342462572.000000*x6)))*(x4-x5)))+(-0.000000+((((-25517.429000aqx7)+(0.000000aqx7))aq((2.591052*x1)+43558.003455))*0.000000))))))+(((29499210228253933568.000000*((((((-25517.429000aqx7)+(0.000000aqx7))aq((x7*692.106685)+169182.038719))*-3.765988)+(-0.009295+(0.000000*(x0aqx0))))+(-0.000000*((((1.271528*x2)+-685.161573)-((x4*0.000000)+13.749418))aq((x2-1442.535514)+(x7-x1))))))+(-31172654.520187+(0.000000*(((((x2*5038972007013313800517566576079083491327502213178367315183403008.000000)+-2224360721942528052157228031428894486283438820006216322545696636928.000000)*-15097358195796594132729807022642768735322967535138111488.000000)+98512073184794169394384420043306876164708438554169049088.000000)aq((((x4aq0.000000)aq(x0*x0))*943462579158730180102027197396294819643392.000000)+-75911596018545821601154644589312590378696704.000000)))))+((31037198612018891486499317242396672.000000*(((((x5aqx4)*19.679910)*-15097358195796594132729807022642768735322967535138111488.000000)+((((x5aqx4)*-4769787963624935424.000000)*-62290956340985490239256674783316672512.000000)+70604507747691679907088670546802722658582528.000000))aq((1181191419102437591635289721029801490513566162730995527452600624480256.000000+((x5aqx4)*-3383547152840324727273473228258320570605410194636422012884936946614272.000000))*(0.103107+((-536.793216+(14.217621*x6))*-0.333383)))))+(-1669270018.598816+((((903349558064057042394575838328248381048966905028977026489753005862242222080.000000+(-1.014306*3618502788666131106986593281521497120414687020801267626233049500247285301248.000000))+(x1*-958945678913311114287688969791362835371199919925720640909888005865472.000000))*(27078529890423453230082690175683526656.000000aq(x7+x2)))*0.000000)))))))
sbp,542_pollution,ok,15,60,-2.650725,192.996007,437,2064.96,,928237016392.712402+-1.194219*((((((x9aq(x6-((-50346.279569*(((x0+41705.069000)-(x8aqx11))aq((x11+x7)*(x10*x0))))+(-2447.013262+(-70.243440*(x13aqx8))))))*-17642.894197)+((((-11.413644+((((x3+0.000000)+(-699483.648864*x10))aq((x2+x1)-(x3+x11)))*-0.000111))*(((x3+x5)+(x8*x10))aq(-225.932281+(((x5*x14)aq(x9-x8))*14.673906))))*-1.125361)+((-359389608.890063*(-0.002075+(-0.000000*(((x8*x6)aq(x12-x4))*((0.000000-x11)aq(x14-x13))))))+(((-40.773117+(14.137694*(x0aqx10)))+(26020.000668*(((0.000000+0.000000)+11.404257)aq(15926320594826.183594+(-189855667436.099304*x6)))))+(((x5-x1)aq((-68431701088.288635+(2624247772.851898*x13))aqx9))*125507251.350597)))))*1.098239)+((((((9.012594*((((0.000000aqx8)*-4827267705.164904)+34719170131.699600)aq(((x10-x5)*207063042.277085)+-180861883.814052)))+20385.861615)aq((((((x3+0.000000)+(-699483.648864*x10))aq(-435565252.999037+(13621581.758300*x13)))*-328211590794880054092389379211264.000000)+685433328324545277826603614732288.000000)-((54887015425352639167126512336896.000000+(((x11+x7)*(x10*x0))*-10652859166652485815238656.000000))+(((-7094700026569263551902803558400.000000-(x6aq45370.129000))*(103.513622+(0.165114*x0)))+12440.177395))))*(((-0.000000+(0.000000*(((0.000000+x5)+(0.000000*x10))aq(-48805434573.246094+(4537213296.696433*x10)))))+(-0.000000*(((x3+x5)+(-699483.648864*x10))aq(((x13*x13)*6883287.761475)+-845925373.985420))))+(((((60744792995956605386322916504235933696.000000+(x10*-6339526423378107724305979543155376128.000000))+((5700779840966205900720705634304.000000*0.000000)+-52288819854564898914297515606016.000000))aq(((-568469337712332912749182976.000000*x7)+3278309254176339620948397260800.000000)+-845925373.985420))*-0.000000)+((-0.000000*(((x9*-1203.056973)+49208.842451)aq((x3*-69.564581)+771.200545)))+(0.000000+(0.000000+(-0.000000*(x13*x13))))))))*-129431344393473299402968241563317943564272573710167573528576.000000)+((((((-0.155975*((x8*x6)aq(-33102.046000+(612.885098*x14))))+(((1.266044*(x13aqx10))+(-2055371960568.919922+(3.400303*x2)))+(((x3+x5)+208929180610.272827)*6.066419)))+(((((0.000000*x1)+0.003649)*-1111534620769535360.000000)+(4056397341423655.000000+(x14*1.020320)))+(((-1361005639991969.500000+(-511.847228*x10))+((511.845581*x10)+1361005639991969.500000))*73.029436)))*(1.106230+(((((0.000000aqx8)*-4827267705.164904)+34719170131.699600)aq(((x10-x5)*-246719263.810342)+-180861883.814052))*0.000000)))*0.891758)+((-955724276957.914551*((((-2038355625918969898225106944.000000+((x2+x1)*19912086644110738015125504.000000))aq((-2476551702347442546121113600.000000+(x1*89209408207793513503391744.000000))aqx9))*0.000000)+((0.000000*(((0.000000+x5)+208929180610.376251)*((-0.000000*x2)+-13.608879)))+-0.108780)))+((0.332114*((-0.155975*((x8*x6)aq(-33102.046000+(612.885098*x14))))+(((x3+x11)*0.123359)+6954035857887.207031)))+((0.000000*((-7550922207377730509303971840.000000+(x2*101786971456806184854487040.000000))-((101786971456806202034356224.000000*x2)+-7550922207377731608815599616.000000)))+-1532260273040.069092)))))))
sbp,547_no2,ok,7,200,0.162933,0.713791,411,2012.6,,-36.071944+0.000000*(((((((0.000000*(((x2+x0)*(-79124803.826228+((x2+x0)*3896988.386270)))*(-0.000000+(0.000000*((x1aqx6)*-10.570538)))))+((-0.000000*((-0.909575+(-172.268252*(x2*x5)))*((x2*x5)aq(x3*x1))))+(0.000000+((((x3*642347759998.471436)+-148196795333.887878)aq(605007233.750678+(x4*-2744629.017740)))*0.000000))))*670104424075527552.000000)+-9330629944.201393)*(((-95144.392506+(1319.039806*(((((981.383000+x2)-(x0+x0))*0.369611)+-358.846991)-(x3aqx1))))*95478.647304)+(((-31.768525*((((2268.837892*(x0*x4))+-366835.118587)aq((x4aqx0)-(x2+x4)))*(((x0aqx0)*(x6aqx3))aq((x0*x4)aq(x2*x4)))))+41737065.192473)+(-665580.205846*(((-1043.989000aqx5)-(x4+x6))aq((x0*x4)-(215.265880+(14.679313*((x4*x3)aq(x3*x3))))))))))+((-7794707330.462396*(((0.006603*(((3211.853042+((x2aqx2)*-3446.938254))*((x2*x5)aq(x3*x1)))*((11180.519469*((x4*x3)aq(x3*x3)))+-6561.510042)))+((((-3960.488691*(-1043.989000aqx5))*32.758042)+-7775795.624842)+((((2268.837892*(x0*x4))+-366835.118587)aq((-46342.779641+(x4*1025.899313))-(x2+x4)))*276637.784025)))+(((-46176228.398751+(((168330.539157+(-16734.685921*x5))*x3)*-249.681236))+((((x3*642347759998.471436)+-57054000959.644470)aq(163770.197636+((x3aqx1)*2815902.345041)))*-4.526268))+(-42753501.441367+(15202123078245849088.000000*(((0.000000*(x2*x5))+-0.000000)aq((-46342.779641+(x4*1025.899313))-(x2+-3620.426883))))))))+((((-4176410.937181+(-7.256899*(((x3*642347759998.471436)+-57054000959.644470)aq((x3*1689424.671441)+(429771.487265+(-1189520.130530*x3))))))+(((((18456.987402+(0.000000*-950.255572))+(-172.268252*(x2*x5)))*((x2*x5)aq(x3*x1)))*-123.250390)+(13910336.390986+((-1946988659.556252*((x2+0.000000)*(x2aq-2041.700000)))+18872889.079741))))*-8377875063.045438)+(((79425225485046320.000000+(0.000070*((((-532868496774139414967222272.000000*0.000000)+-99814441435914070034219008.000000)+-57054000959.644470)aq((138709.290366+(x3*-1704076.785446))+(429771.487265+(-1189520.130530*x3))))))+((0.000000*((((9457144515262461727286423424335872.000000*x5)*-0.000012)+701976306746970650209381515264.000000)aq((-47583.068362+(x4*1025.899313))-(x2+x4))))+316763894508877248.000000))+((-263900.360707*((((x0*x0)*25713543482676185881241041868353961984.000000)+-1208141963223511891456085371291636334592.000000)aq(((557973760012188363889049600.000000*(x2*x5))+-7080873026059138401805795328.000000)-(x2+x4))))+((((33.309951aqx5)*(-141123995793213984.000000+(x0*17213115674171542.000000)))*0.612184)+(363513670102774976.000000+(150236537610.461792*(((x3*642347759998.471436)+-57054000959.644470)aq((x3*1689424.671441)+566186.686278)))))))))))
sbp,556_analcatdata_apnea2,ok,3,200,0.820293,1592.107268,375,2010.37,,-26.967374+0.007306*(((((((0.000000*(((((x0aqx1)*44299169.342239)*-9.649936)+1611284393.557760)*(-3428657796995.801758+(-4985851581216.881836*((x1-x0)aq(-28.491000*x1))))))+(4292.545775+(-0.000000*((((x0aqx0)*64805503783623385415680.000000)+-62233684756461346881536.000000)+(-11979366586302644224.000000*((-4981.919317-0.000000)aq(x1*38.259000)))))))+(((0.000000*((-10078.267297+((x0aqx1)*-58656.120259))*(-124.145325*((x1+x0)aq(x1*x0)))))+4.773396)*((((((x0aqx0)*-11842.562921)+8599.784616)*(((x0+-23.970000)aq(x2-x2))aq((x1*x1)-(5.620000+x1))))+-193.945627)aq((x0-x1)*(10.958000--3.321000)))))*(0.000229+(((-649190625.291168+(-1657985633.675436*(((x2-0.000000)-(x0+x0))aq((-20.782000*x0)-(x1*x2)))))aq(((((x2-20664698.362269)*87786.795653)+1814087366970.171631)+62581.926161)-(5.620000+(((x0aqx0)*882322106851555968.000000)+-826297321342070400.000000))))*12457.419523)))*-14020.708293)+((0.000000*((((((x0--13.118000)*(x0aqx0))aq((x2*x0)-(x0*x1)))*-0.000000)+0.000000)*((-14547257650776925775364701898697230404669539174124701995873543084557548295268176814203467726848.000000+(2.530853*((-16798273744630127766380195876602276590058719429694156162444717126752751500806745335222790872213912990903173120.000000+((x2*x0)*6370408511140714977641214324400371422905103355905058686297412634891051910511388373714589324897283397004558336.000000))aq((x0*-4228156661020473.500000)+12749286612009280.000000))))aq(((x1*x1)-(x0*x0))+((x0-x2)aq(x0+-33.937000))))))+(((((-148585747426685510084029526315106304.000000+((((x2*-116544531926.365921)+556160138992.613525)aq((-20.782000*x0)-(x1*x2)))*-52594322726188595873316864.000000))+((((-148981275791035887255552.000000aq(x1+x2))*-0.000000)+-339561781292050.812500)*((x1+x0)aq(x1*x2))))aq((x1*x1)-((777918133930998.000000+(-3279753597715212.500000*((x2*-1110170671605864.750000)+6879866006778435.000000)))+(((x0aqx0)*882322106851555968.000000)+-826297321342070400.000000))))*0.065837)+((((-4327939073643735154688.000000+(4324973143207742.500000*((-615868879.635473+(x2*196416511.356374))aq((-20.782000*x0)-(x1*x2)))))aq(8124064533665342786077412294656.000000+((((3.109570*x2)+-10.392659)aq(x1*x2))*12886879721699590564721373216768.000000)))*-1064775301174.687988)+((3076885199.262295*(((-69362449138767167567797378486826273899226769658144543714778792942308220837984817927170017568559564082785550336.000000+((x1aqx1)*81645503417916375550534499669973870589376912194144909066856181522298699557634958335152358557309416783157919744.000000))aq((x0*-4228156661020473.500000)+12749286612009280.000000))*((((x1+0.000000)aq(x1*x0))*0.000000)+-0.000000)))+((((28087.671344+(-35201.180794*(x0aqx0)))*(((40012.474957*x1)+-80525.437605)aq((x1*x1)-(5.620000+x1))))*0.000057)+(((((x1+0.000000)aq(x1*x2))*30403.623454)+-5923.036261)+((((2289414877586902.000000*x0)+-4450050168309543.000000)*((x2*-1110170671605864.750000)+6879866006778435.000000))*0.000000)))))))))
sbp,557_analcatdata_apnea1,ok,3,200,0.535192,2563.97473,387,2008.59,,27.784010+-0.000000*(((-204535705003737.437500*(((0.991127*((-4.052084+((((x0+-23.970000)aq(x2-x2))aq((x1*x1)-(5.620000+x1)))*-1.569164))*(((3.753000aq-6.714000)-(x0+-35.140000))aq((x0-x1)*(10.958000--3.321000)))))+(-103.464050+(((((x0+-23.970000)aq(x2-x2))aq((x1*x1)-(5.620000+x1)))aq(((x0--13.118000)*(x0aqx0))aq((x2*x0)-(x0*x1))))*-29.862689)))*((42.130804+((-4.052084+((((x0+-23.970000)aq(x2-x2))aq((x1*x1)-(5.620000+x1)))*-1.569164))*(((3.753000aq-6.714000)-(x0+-35.140000))aq((x0-x1)*(10.958000--3.321000)))))-((((-577.532529*((-28.712000aqx0)aq((x0*-3010.336741)+9314.099525)))+-1.220916)--20.166000)*(7.378079+(((-28.712000aqx0)aq(x0+x1))*0.963674))))))+((((-40336075812.032600+(((((x0+-23.970000)aq(x2-x2))aq((x1*x1)-(5.620000+x1)))aq(((x0--13.118000)*(x0aqx0))aq((x2*x0)-(x0*x1))))*-20013254278.597874))aq(-9159385119233136394240.000000+(-266188211313170208.000000*((((x0*x1)+(x1+x2))aq((x2+x0)aq(x0-x1)))*-16295.849475))))*10333955843361813846674112512.000000)+((-168776678120.402985*(((((((x2*x0)*-163427.453159)+255867.379623)*(((x0--13.118000)*(x0aqx0))aq((x2*x0)-(x0*x1))))*-0.012868)+8387.813145)*((-4.052084+((((0.000000+-23.970000)aq(x2-x2))aq((x1*x1)-(5.620000+x1)))*-1.569164))*(((3.753000aq-6.714000)-(x0+-35.140000))aq((x0-x1)*(10.958000--3.321000))))))+(((((((-28.712000aqx0)aq((x2*-76660.837423)+476185.355388))*-0.000000)+-0.000000)aq(167487790320669605768770191507072162463744.000000+(((-51834025663953718692969980779759491601229938688.000000+(8984356434596119532539682634307019657646702592.000000*x2))aq((x1*x1)-(0.000000+x1)))*-0.000077)))*-827107562932654929102076442426640763100937336400658030785323152923476871078167380676837376.000000)+(((((((x2*x0)-(x0*x1))*-172.474673)+243.492400)*(((-517720.383309+14482461554572258442729413468145074520306610960884858631347130577595662336.000000)aq((x1*x1)-(5.620000+x1)))aq(11527.651868+(3948.015251*(0.000000-x0)))))*0.000000)+((((-16883378545518.507812*(-497743.523972*(x2aqx2)))+-8161702783557329920.000000)+(((-517720.383309+323589858543133683910111831069603696997037751338833027521644925646953989310005993537536.000000)aq(-3334436858099328500064674571856854381896136656017536774569984.000000+(x0*3492685747036223859009835775128582137377762126442885015404544.000000)))*-0.000000))+((-153592774749802784.000000*(((x0+-23.970000)aq(x2-x2))aq((x1*x1)-(5.620000+0.000000))))+(1334084833642343424.000000+(-71874633798271568.000000*((x2*x0)-(x0*x1))))))))))))
sbp,560_bodyfat,ok,14,200,0.671879,4.194018,331,2152.03,,-734371.196947+-1345.713770*(((((0.081637*(x9aq((x4*(-16929.820505+(((x1+x5)aq(x3-x10))*7576.425377)))-((-5665.187286+(5678.068652+((x1+x6)*0.633294)))*(x1*x11)))))+1.041986)*(((((x4aqx8)+(757.206796+((x0aqx0)*-964.642854)))*-0.003199)+((((((x2-x5)+(x10*x5))-((-485.982000-x13)aq(x1aqx6)))aq(((x11+x13)*(x7aqx6))-((-62441.071299aqx1)*(x6+x4))))*0.000001)+((-0.000005*((-58129.579263+(165118.503317*(x5aqx2)))aq((x5-x2)+(x7+x12))))+1.242890)))aqx0))+(((((((56420876099168491274240.000000*(-0.022032*(x10*x1)))+(((83010348331693293568.000000+(-7731.273228*x1))*-41505174165846491136.000000)+284021821953510299664384.000000))+(((((x2-x5)+(x10*x5))-((37.759666*x5)+-1319.238929))*(-17678348837487807971531415530461591633435771965276160.000000+((-41.143750*x1)*-9509407896596792734172312177968936923014568607744.000000)))+3909698261390765169552916480.000000))aq((851146.130583+(1.073310*(((0.000000+x5)aq(x3-x10))*-281720.025425)))-(x5*(x1*x11))))*-0.000000)+-546.482257)+((0.016154*(x9aq((851146.130583+(1.073310*(((x1+x5)aq(x3-x10))*-281720.025425)))-(x5*(x1*x11)))))+((((0.000000*((((0.000000*x10)+1163946.610361)+((-7252301381857047.000000*x1)+257117968095094208.000000))aq((-3702361.760735+(90147.072434*x1))-(388536668.859162+(-12979192.696405*x11)))))+0.000316)+(((((x2-x5)+(x10*x5))-((1.045972*(x10*x5))+-51.039310))aq(((x11+x13)*(x7aqx6))-((x13aqx1)*(x6+x4))))*0.000060))+(((0.000000*((-7789068028602.317383+(18153238319643.882812*(x9aqx6)))*(((0.000000-0.000000)+(x10*x5))-(532.813286+(10.485967*x2)))))+((-0.175989*((-656298902.445747+(x7*6657009.590492))aq((x2*16537379945.310255)+-2939370065087.719238)))+((((x5-x2)+(x7+x12))*0.000013)+-0.000679)))+(-0.000127+(0.000000*((((x12*-0.000740)*219272.025772)+4426.638906)*(((0.000000-0.000000)+(x10*x5))-((37.759666*x5)+-1319.238929)))))))))))
sbp,561_cpu,ok,7,200,0.983726,26.284497,459,2034.8,,17238488553.231922+0.000000*((((10579342433739.638672+(10922061.567865*(((((((x6*x2)-162852.187440)*1423543.421268)+230025320559.886963)aq((0.238378*(x2*(x6*x3)))+157647389.384513))*-0.013005)+(((-0.000000*((3398212.828945*(x5*x5))+-1552226034249829.500000))*-0.008469)+(((((x4*x3)aq(x3*x3))*299.588673)+-22.633386)+(-0.000000*((-1211860.165644+(199.169588*x0))*((x2*x6)aq(x5-x4)))))))))*((5491723.086247*(((((x2+x3)*(x3+x4))*0.000000)+1.286876)+(x4+(11.522597+((x2*(x6*x3))*0.000000)))))+(((((x4*x4)+(((-0.962362*(x4*x4))+157618.622464)+x2))*((28595.717686+(-0.004160*(3530.858473*(x4-x6))))+((((0.000000aqx4)+(x0*x2))aq((x1aqx5)*(117430.903000*174480.286000)))*304608555.454739)))*1.161967)+(((((x1-158740.363000)aq(40884537964829.429688+(-1789561342032.280518*x5)))*(1552227132089177.500000+(((x5*x2)aq(x0-x3))*-133929935637212.296875)))*-5.358393)+(((-5298276079.185888+(6321709270.190921+((x5aqx5)*-1067681944.345723)))*-0.001363)+(((2576152777.881699*((x2*x6)aq(x5-x4)))*-0.000001)+(((x1*x6)*-3903.815928)+((23740635.517970+(x0*-811536.644289))+((x3aqx2)*1716118.942165)))))))))+((((-0.000000*(((((x6*x2)-162852.187440)*((-230252732029590320682013393482282312668806132107575296.000000+(20842999125870901944524924375580943037736711385776128.000000*x5))+-726109290657331588104192.000000))+(-79251097313557961016199872512.000000+((x6*x3)*-580481802751697806688256.000000)))aq((832812349.731958+((x6*x3)*-957.186546))+(((x6*x3)*-975.128643)+829075029.290048))))+((((-38423623960354467860185088.000000+(((x5*x2)aq(x0-x3))*23410408776416503307173888.000000))aq((0.238378*(x2*-412377.214706))+(((x6*x3)*-975.128643)+829075029.290048)))*-0.193300)+-2852502154188742806445490176.000000))+(51877449789763264.000000*((-0.000000*(((((x6*x2)-162852.187440)*((x3*139152963197825269760.000000)+-2743161938364771948560384.000000))+230025320559.886963)aq((0.238378*(x2*(x6*x3)))+(((x6*x3)*-975.128643)+829075029.290048))))+((7854918299.750522+(((x5aqx1)aq(-93566.318000*x2))*-1626710342.491923))+((-0.000000*(((x6*x2)-162852.187440)*((-2066737905618021816110289208965715346631688192.000000*x5)+15511479486648313385550350811215288350795628544.000000)))+-31420641755.813316)))))+(((29105241021314256.000000+((((((x5*x5)*-146064098273659544651020222856723654658937697581690926837300376372055906451456.000000)+-99535003737698077349702749458473864400961712535563515041051995299948605126737920.000000)+(-79251097313557961016199872512.000000+((x6*x3)*-580481802751697806688256.000000)))aq(((7457029853.887379+(x3*-226142.249845))+((x6*x3)*-957.186546))+(((x6*x3)*-975.128643)+829075029.290048)))*0.000000))+(-17090.026557*(((((x6*x2)-162852.187440)*((0.000000*139152963197825269760.000000)+-2743161938364771948560384.000000))+230025320559.886963)aq(((-14797231716.165707+((-79.959771aqx1)*-4850969099.310245))*(((-79.959771aqx1)*4850968945.351915)+14797233012.964680))+(((x6*x3)*-975.128643)+829075029.290048)))))+((1830366668277666981536071680.000000+(-13707162670997.269531*(((((x3*-142.030121)+221244.634177)*1423543.421268)+230025320559.886963)aq((0.238378*(x2*(x6*x3)))+157647389.384513))))+(-1222479389140620083573293056.000000+(((-47897740432083053969408.000000*(((x5aqx4)+(x0*x2))aq(-119630612420.178040+(x0*18203999288.705082))))+1526423028754328924970811392.000000)+1526423028738063024827400192.000000)))))))
sbp,562_cpu_small,ok,12,200,-5.434901,57.044656,401,2010.38,,46.434247+-0.148439*(((((0.994236*(x2-((-25500.358659*((x5+x2)aq(x2+x11)))+(1124.491343+(28.438526+(-89410.250058*(x5aqx10)))))))+((1.013878*(((((5086492147365467.000000*(x5aqx10))+28360847427663.742188)aq(46607296080.768051+((x1aqx1)*-30370636011.245701)))*-0.000019)+(134.967792+((((8520234.790000-4294757.262000)*(0.000000+x8))aq((x4*3086032163134.272949)+-471950750098673.187500))*-21559.259681))))+(((((((x7-x1)aq(x0+x2))*2724.566037)+((-2721669.095892+(x11*-1.341506))+(104183833.700774*(x4aqx8))))*0.000953)+(((((-18555476364614109757440.000000aqx2)aq(0.000000aqx1))aq((x1aqx2)-(x10-x7)))*-0.000000)+1714.931842))+(((3117746.276886+(((x0*x7)aq(x8*x4))*-135873.020592))+((((0.000000-0.000000)aq(x0+x2))*2724.566037)+-446975.838327))*((0.001537*((14235439373.211136+(x10*-22257273.636799))aq((255443094.492080*x10)+-157683981967.193939)))+(0.000895+((x5*x0)*0.000001)))))))*0.021709)+((0.000000*(((-0.000000*(((8520234.790000-(-2087759109515541683751315008113155743924243376558237710250879383099679709572402727284742553600.000000+(425673559536490488229904772782802620784128150139119737137156304124194277728935057784045568.000000*x2)))*(((0.000000*-1.000473)+1.762140)+((x2*-53537771048330443171779575808.000000)+195039414200394996106862692139008.000000)))aq((((x8*786354186065671749632.000000)+-36048642059450515686686720.000000)aqx4)+(11233819.332000aqx3))))+337370745100145.500000)+(((((-1.070292+((83453666977814953984.000000aqx4)*0.000000))*((14235439373.211136+(x10*-22257273.636799))aq((233615999.456753*x10)+-78626724930.705933)))*-15505663528167.970703)+-342158560025985.250000)+(((((14235439373.211136+(x10*-22257273.636799))aq((-11651832.909000aqx4)+(11233819.332000aqx3)))*-1305343.597212)+(-128290069260690.906250+((-3591.924492+(-774.898047*x5))*(x0+62455.474819))))+(157175.280247*((-10671669621403153728536576.000000+(2758253490519307776.000000*(3869040.703000-x4)))aq(1611092458478500608.000000+(-416415590110.204590*(3869040.703000-x4)))))))))+((0.000000*((((((878567837475.282959*(x2+x8))aq((x4*3086032163134.272949)+-383157688721737.875000))*-2996107006.201457)+-25538457528315.617188)+((((-667750853624317331111936.000000*(0.000000*x4))+(110164785776683094471133606482159254521954435072.000000+(x4*-1073708127854379256096683554677569855921586176.000000)))aq(-426418147208013952.000000+((-7737928.824931-x4)*-55107227650.081360)))*0.000000))+(-125925819190325.453125+(((((2924499859749556191232.000000+x8)*0.000000)+-15846566862836.253906)*(((2924499859749556191232.000000+x8)*-0.000000)+123524651272936.718750))*256134343908293184.000000))))+((-28.855961+(((-531442687782179840.000000+((x5aqx10)*22147040573858725888.000000))*(((8520234.790000-4294757.262000)*((x2*0.021666)+107.062788))aq((-11651832.909000aqx4)+((x4*287748023398.847778)+-21932954094669.484375))))*-0.000000))+(0.000000*(((((14235439373.211136+(0.000000*-22257273.636799))aq(-758110443.512929+(3507026.713098*x10)))*-27994580349.198029)+((((x2+x11)*-9977260.965968)+-23132778624864.023438)+((x2+x11)*-17040416.862333)))+(((((8520234.790000-0.000000)*(0.218405+x8))aq(-91630.313247+(4446.161193*x4)))*-113865.276657)+-17432807534680.185547))))))))
sbp,564_fried,ok,10,200,0.765997,2.330293,455,2014.68,,212.682482+-0.000000*((((((((-0.000000*((-215.649011+(x5*1318.187597))*(((-555849.586836*x8)+270608.195463)+(4563.139783+(x8*0.000000)))))+311.175992)*-0.512956)+-0.922312)+(1.437670*((13.810580+((-83.739677+(((0.000000+x0)+(1.539000*x3))*-13.342903))*(((0.000000+x0)+(1.539000*x3))*13.313102)))+((111.484947+(2.367599*(((0.000000*x1)aq(x2*-4.485000))*((x4*x8)-(0.000000*x9)))))+(9.977018+((3015.811439+(6.163146*(x4+x3)))*((-6499.237677-x2)*((-23.423546*0.000000)+9.524977))))))))*((((-0.000000*((x6*(142803890.926569+(-824348241.657799*(x4*x8))))aq(x2*-4.485000)))+0.485707)+((((60.875999*(-1.416924*((x1aqx1)*(x0+0.000000))))+3226.192220)+(8.932025+(-226.107436*((x3*x5)*(x6-x1)))))*0.000061))*((((0.328753*(((1.935000-x1)-(x0*x0))*(1.898508+(6.833448*(x1*x0)))))+3.112731)*(x4+((1.044197*((x1+x0)+(1.539000*x3)))+-1.420031)))+(((((106.964811+((4.686050-x2)*-25.223219))-x2)*((-23.423546*x2)+11.010105))*-0.017816)+((((x1*x0)*(((x1+x0)*21.797938)+-38.189832))*-0.636349)+((-3553671301.132887*(((0.000000*x9)+-0.000000)*(x6-x1)))+-119.615485))))))+((((1740087.014305*((0.000071*((((103939.355772*x0)+-73707.495013)-x2)*(((x6*x1)*-31.393602)+8.759119)))+(14.197476+((((x6*x1)aq(x2*-4.485000))*((x4*x8)-(0.000000*x9)))*-503.029467))))+1786692829.064677)+(-505694710.990916*(((3.124759+(((x9-x2)*(x5-x2))*0.402990))+(-0.000000*((((-54591599920442878599088505490505728.000000*x5)+27320617449361256295761898251485184.000000)+(-640310565617421056.000000*(x5*-1482.366824)))*(142803890.926569+(-824348241.657799*(x4*x8))))))+((((x9-x2)*(((x3+x8)*29872.679253)+-32809.050172))*0.000012)+((-5.631293+(((x1+0.000000)+12.635069)*-0.078256))+(-0.016988*(((x5*-55.975691)+26.302212)*(x6-0.587283))))))))+((160960632.799340*(((-0.000000*((-215.649011+(x5*1318.187597))*(190403.165502+(-211747.572681*(x4+x3)))))+-5.509754)+(5.269366+(0.000000*((((50499606518095498816094394042548224.000000*x1)+-19624190350445907030568320127467520.000000)+(0.000000*(x4+x3)))*(((0.000000*x9)+-0.000000)*(x6-x1)))))))+((0.000000*(((((x5*-0.000923)+1387.116939)*(-21262836030198156930056192.000000+(43049240846645365588361216.000000*x5)))+-475831816263619435298816.000000)*(((-17272524636945609111109632.000000*(x4-x5))+-841422001265381210062848.000000)+((-29262816108539988399882240.000000+(x0*63284213555745635967172608.000000))*(x4*x8)))))+(((-0.000000*(((50499606518095498816094394042548224.000000*x1)+-19624190350445907030568320127467520.000000)+(19624190350445902418882301700079616.000000+(x1*-50499606518095489592722357187772416.000000))))+12719809.159671)+(-0.000000*(((((x5*-0.000923)+1387.116939)*343036673246343790592.000000)+((316587247124605440.000000*x5)+-475831980088738984230912.000000))*(142803890.926569+((29262816108539898205569024.000000+(x0*63284213555745635967172608.000000))*(x4*x8)))))))))))
sbp,573_cpu_act,ok,21,200,-0.800046,30.104146,471,2015.02,,-9457052507057.281250+-1.164355*(((1.060879*((((-1443159.418567*((((x7+x16)aq((x7*506459158220.903625)+-52244476659224456.000000))*-10387125.827605)+((((x5-0.000000)aq(x12-x5))*0.000131)+((-0.000000*(-285878846910826.750000aqx8))+1.101165))))+-1023753.882034)*((x1+(x17-((((-11943293.835000-x12)aq(x2+x20))*0.278977)+1082789.857935)))*((-0.000000*((((x14-x20)-(0.000000aqx9))-((x4aqx8)+(x7aqx10)))*(4150.419754+((x14--2600718.962955)*-0.001596))))+((-0.000002*(((x13-0.000000)-(x4+x3))aq((x19*x0)-(x8*x13))))+((-0.000008*(x2aqx19))+1.101263)))))*(((((-0.000000*(((x7+0.000000)aq(x15+x18))*(7560.299154+(x14*-1617.632972))))+29.131854)+((-0.000000*((x9*-4673725.777000)aq(x15*x16)))+(-43.376997+((x15+x18)*-0.000001))))*-0.000000)+((-0.000000*(((((x17*x20)*-1.082933)+-3917493.649174)aq((x6*22551171154090768395744797786112.000000)+-26308618006661362828689383882752.000000))*(((206912558728325627904.000000+(x18*1961727867345019338752.000000))+-6678151196396014796800.000000)+(((0.000000-x20)aq(x12-x5))*68191648823753136.000000))))+(-0.000000+(0.000000*((((x16-x10)*-5979385712543025460150272.000000)+706688892745999571662929920.000000)aq((x7*506459158220.903625)+-52244476659224456.000000))))))))+(((-2540793.505911*(((-0.000000*((((x14-0.000000)-(0.000000aqx9))-(-5573.430993+(x7aqx10)))*(((x14*x12)aq(x12*x5))*((x2*x5)aq(x16*x8)))))+((-0.000000*((-11943293.835000-x12)aq(116627703.896739+(x2*-32448.880715))))+-0.014879))+(1.578270*(((((-0.000000*x18)+0.000000)*(-33.021676+(4.910966*x14)))*0.061771)+((1012721.591437+((x2aqx20)*0.000000))+(863549.223925*((x6*-0.000000)+1.172743)))))))+(-878216.650902+(((445445.281240+(((-129.550798+(335.373749*x14))aq((x19*x0)-(x8*x13)))*-0.033811))+(-0.000046*((((x17*x20)*-1.082933)+-3917493.649174)aq((13032.979280+-95263.972211)+(0.000000*(x5*12610854633849015497734467092480.000000))))))*1.094072)))+(((((((x1+(x17-(x1+x17)))*-259747555828294752.000000)+(-188.973046+(-707192178328667264.000000*(0.000000*(x19*x0)))))+(0.029004*((((x17*x20)*-1.082933)+-3917493.649174)aq(-41274.099017+(0.000000*(x5*12610854633849015497734467092480.000000))))))*0.000777)+(2034636.794349+(-0.000179*((((x14-x20)-(0.000000aqx9))-((x4aqx8)+(x7aqx10)))*(4150.419754+((x14--2600718.962955)*-0.001596))))))+((((2116091.728805+(1.044755*(((0.000000*x17)+-2025443.191326)+(-0.000000*x6))))+(0.000000*((38816.896950+(-0.233283*(x7-x2)))aq((x19*x0)-(x8*x13)))))+(1.578270*((0.001013*(((x12*-2010947054157.697021)+-14999565377973.355469)aq((x7*25829597120952.929688)+-52244476659224456.000000)))+-0.027739)))*((((119097163952863914853347107012608.000000+(-2258113807698300211116949662948160000410438369809831078402139578840723058851840.000000+(x5*1774253374631252916344708860094888285408314393342723485786592091243963033321472.000000)))aq((x7*506459158220.903625)+-52244476659224456.000000))*0.000000)+(-4015132.848870+(((-24572497680329515196693566353458929336320.000000+((-217845.294880+x16)*-112847826949593124083749586307383296.000000))aq((x7*506459158220.903625)+((x5*272287310960335926159189508404911794380999753728.000000)+-64597428493595947315547754503666589847183687680.000000)))*7310736169.718220))))))))
sbp,574_house_16H,ok,16,200,-2.868561,97962.723012,349,2164.72,,54063690483.952652+0.211605*(((((-0.033760+(0.024302*(x15+(-0.370242+((((x12+x14)+(x14+x11))aq((x0*x2)*(x2+x15)))*0.776708)))))*((x4-x7)*(x9-x8)))*239129471.294457)+((308861.901318*(((((((x1*x3)+(x2*x1))aq((534026.394000aqx1)*(x7-x3)))*(-216809730.182054+(209912001.730178*(x12*x12))))*-0.011297)+0.163356)+(((((0.056930+((x9*x9)*-16.780108))*(x9-x8))*10.981803)+-0.110283)+(((((1.102980*(x1-x10))+1256410.408577)+(((x10*x10)aq(x2aqx13))*1.638735))*2.979041)+((0.000210*(((0.000000+x0)aq(x8aqx7))*((x10*x10)aq(x2aqx13))))+(-3742900.054768+(((x6aqx14)*(x0+x10))*-0.000104)))))))+((((((((x1*x3)+((x1*105877657193853.218750)+-50179850442257.148438))aq((534026.394000aqx1)*(x7--360829823561377979896641447594138930975915237842092032.000000)))*(-216809730.182054+(209912001.730178*((5602308403090208906485207844100981350040800283118170942734336.000000*x3)+-606832990779172998076748355047491133600451128273256885256192.000000))))*-0.000000)+(-255493935258.671875+(((-24444473202373140480.000000+((-7686308342316691456.000000*x1)+27963329268559310848.000000))aq(504947926407310737408.000000+((174019.585144aqx1)*-3202881111431384.000000)))*-249796.184219)))+((((-0.393725*((x4+x5)*(-138497.775186+(x1*8480662.796892))))+1518827.903732)*((-4.828621+(2.474477*((x12+x12)+(0.000000-x2))))*(76110.784430+(-109720512.639307*((x9aqx3)*(x9*x7))))))*0.000004))+((((((-0.000000+((x6*x5)*0.000000))+(-0.000000*((x0*x2)*(x2+x15))))+(((x11--101404.118000)aq((89051482.190297*x1)+-38743445.663871))*0.000000))*2330672008614294.500000)+((((((-0.073201*x12)+0.073919)*(-13192110603.799530+(x9*580428878232.468262)))*(0.000065+(0.000000*(x0*x2))))*0.442217)+83252.873247))+((((376.455128*((0.019407+(x12*-0.019556))*((x10*-344213.164068)+26488.402766)))+47493.676209)+((((32349573076504301270990848.000000+(-194609848052996953979486208.000000*x3))+(-4135569894268641.500000*x3))aq((-27567247781535529566208.000000*(x1aqx5))+11153346916510987190272.000000))*0.142939))+((-105476135682.455032+(-0.469790*(((x0*x2)*17.595998)+-224517490198.333588)))+((((2635603084626339299328.000000+(x15*-3347272849751776690176.000000))aq((-13895071993367097433588251922183632130055551147566857629552100378614431744.000000*x15)+9897075217778195944577346860411098630821616112752261860183363300429398016.000000))*-45276582461279638339880887091324793253423648336932503552.000000)+(((-237957.453966*(x6*x5))+30550.683209)+27035.894536)))))))))
sbp,579_fri_c0_250_5,ok,5,200,0.863717,0.29389,425,2022.71,,-4.018413+-0.000015*(((((22.948588+((((741705506804971.000000+(((x4+0.000000)*(x1*-2.941000))*-46742365102578.929688))*((x0*x1)*(x0*(-70458225079221.640625+(-176700097543368.500000*x1)))))*0.000000)+(((((x0*x1)*(-43078421648136845841111189553152.000000*x0))*((0.023216-x4)aq(x4+x0)))*0.000000)+-184.489591)))+2514.738134)*(((((x3+(0.005682+(((x1+x0)aq(x0+x1))*1.701521)))*-9.521451)+17.205465)+(-133.358281+((-0.167743*((x2*x2)+(x3+((x4*43.562417)+-14.350955))))+59.673935)))-((-32.083994+((((4.245558*((x2*x2)+(x3+x1)))+56.422065)+(x0+x3))*1.525985))-(((((x0*x0)-(((x0*x0)*1.050275)+-0.803324))*((1.503230*(x0aqx1))+9.522241))*-9.239921)+((0.813403*(4.887903*(x1*x1)))+(((((-178.399860+x0)-(0.000000-x1))*3.341794)+(596.289896+(2.296157*77.955337)))+((((x0*x1)*(x0*x0))*((x1-x4)aq(x4+x0)))*2.817972)))))))+((((((((((x0*x1)*(-43078421648136845841111189553152.000000*x0))*((x1-x4)aq(x4+x0)))*-0.000000)+-73.373117)+(0.000000*((x0*x1)*(x0*(-70458225079221.640625+(-176700097543368.500000*x1))))))*(-0.386049+(0.009358*((x2+x1)+(x2+x3)))))*((0.000185*(((((x2*x2)*-12.998792)+(-3318.822531+(10.000821*x3)))+((-2410.196898+(0.000000*-5.580503))+-1.801766))*0.079371))+(0.087603+((((x1+x0)aq(x0+x1))*(67.010982+(x3*-139.150245)))*-0.000002))))*738595.317389)+(((((-9255970466394702467938891484865998192980753141348010552757093887588010713161125019469744111872940839249562492503599924748746752.000000*((0.000000+(-0.000000*(226966689124571.750000aqx1)))aq(x4+((x1*-15029643541592320472130506070454451668302460746388755297450590208.000000)+374126166502829223425615242132317128140994967973439249418551296.000000))))+-171366.467376)+(3417387.803886*((((-1.000000*-0.023216)-x4)aq((2805171270205441301741461531943587106830123044454000164247437312.000000+(x4*-1880001867590481535015882588003335614117834771994142374019203072.000000))+x0))*((121221636267875754215403786267381321218854844598511690842112.000000*(x1*x2))+-33191293485517139570713506176818107066520101789217325056.000000))))+(-1206266809.772039*(((-0.000048*(0.253000aqx4))+0.000009)+(-0.000000*(((x0*x1)*(-43078421648136845841111189553152.000000*x0))*(4123.315574+((x2aqx1)*57176.395120)))))))+(((0.000000*((((x1+x0)aq(x0+x1))*(84.418897+(-174.292168*x2)))*((328956835.668624*(x0*x1))+-350912714.542910)))+-86189.309412)+(((((((x1+x0)aq(x0+x1))*(84.418897+(-174.292168*x2)))*0.000000)+0.000138)+(-404983726774698993782948493644166659528973972995303276544.000000*(((0.023216*-0.023216)-x4)aq((2805171270205441301741461531943587106830123044454000164247437312.000000+(x4*-1880001867590481535015882588003335614117834771994142374019203072.000000))+x0))))*((-12479413938557984393800017500721112753856511740463080193884949418344448.000000*(((-1.000000*x1)-x4)aq(x4+((x1*-15029643541592320472130506070454451668302460746388755297450590208.000000)+11230124171974519741105962178065132914451820204187979652844748800.000000))))+(((((-0.000000*x4)+-0.000000)*((x1-x4)aq(x4+x0)))*49378080721487934842773658414217357106907042359467504041984.000000)+-632365906.565593))))))))
sbp,581_fri_c3_500_25,ok,25,200,0.889306,0.315082,401,2012.89,,-447.767381+-0.000004*(((-42863.477092*((((4.739301*((x3+x3)+(-0.494261+(((x1aqx24)*(x20+x2))*1.320551))))+((1.859148*((x1aqx0)*(((x1*x0)*7.758791)+-16.245321)))+-0.315534))*0.275178)+((0.000000*(((-122314174465.958206+(-160938.911540*(828.726104*(x4+x21))))+((((x4+x21)*-0.110405)+-0.011762)*-961225883.918769))+(((((0.012577aqx1)*-11317.033669)+92.614949)aqx0)*(-17.328307+((2704247.047426*x0)*8.092613)))))+((0.008250*(((((0.012577aqx1)*-11317.033669)+(107.746148+(0.000000*x17)))aqx0)*(-17.328307+((2704247.047426*x0)*((x1*0.000007)+-0.000001)))))+(((-0.110825*((-0.006436aqx1)*((-614.059272*x21)+5089.241782)))+(-166.627490+(((x4+x21)*156591891.108916)*0.000000)))+((0.000782*((-1325.108801+-0.163946)*((x1aqx24)*(x20+0.000000))))+((((x3+0.000000)aq(x1-x19))*-1.047295)+(((x1*x22)*-0.393963)+(2282.597617+(-0.250542*x17))))))))))+((1248.629112*((((((((-133.820004*x0)+-27.600661)aqx0)*(-17.328307+((x1*x0)*8.092613)))*-0.009330)+2.564091)*((x3+x0)+((5.714377+((1.528552+x0)*-3.655723))+((x1aqx0)*(((x1*x0)*7.758791)+-16.245321)))))+(((-0.115676*((((6223.897593aqx1)*-0.012289)+(57.958935+58.071860))*((-0.000005*(-29264701.212194aqx1))+-6.315909)))+(-94387.445194+(-11.346153*(((0.000000+0.000000)aq(x10aqx2))+((x4+x21)*(x4-x21))))))+(((-1.847033*((1.983462+(-18.448609*x2))+(5.763082*(0.000000+x2))))+(((94209.295488+(x14*x7))*14.629962)+135237.822505))+(135236.028747+(((-1.161499aq(x1-x19))*-49.661074)+-40.490610))))))+((44.831256*(((((((-133.820004*x0)+-27.600661)aqx0)*(-17.328307+((x1*x0)*8.092613)))*-0.009330)+(1.494703+((4.845601*(x1aqx0))+1.237045)))*(-30.979695+(((((6223.897593aqx1)*-0.012289)+((0.000000*-4.845564)+61.384289))*(((x1*x0)*7.758791)+-16.245321))*0.517311))))+((((((((-4287285.174761*x0)+234476.691233)aqx0)*(-17.328307+((x1*x0)*8.092613)))*(((-1003877.512784*x19)+-4750918.920305)+1400309.999629))+(1.494703+(((x1aqx0)*55910772327446.585938)+-11002434274538.406250)))*-0.000000)+((0.000000*(((((0.012577aqx1)*-11317.033669)+92.614949)aqx0)*(-17.328307+((2704247.047426*x0)*((-4867121.060950*x6)+2499501.298729)))))+-1998283648.605712))))))
sbp,582_fri_c1_500_25,ok,25,200,0.81361,0.424276,373,2018.93,,309.388281+-0.000010*(((5199.378542*((((((((9.077731*(10.850841aqx1))+-72.745060)aqx0)*-0.378604)+(((((0.329905*x4)+1.858824)*(x1*x1))*-2.473057)+5.764404))*-6.483379)+((-3220.786579+(7.797429*(x3-(0.057618+((x1aqx0)*1.236252)))))+((-4075.220167+(((0.004577+20.567346)-((-60.512131*x3)+7381.996456))*0.128029))+(21.177996*(((-8.013684*(x1aqx1))+-0.240771)+(-219.234103+(x1*4.558191)))))))*((((((((0.000000+0.000000)+(x13*x2))*0.004069)+0.007913)+(((12.443934+(x16*-0.846652))+((10.850841aqx1)*-2.846230))*-0.000504))+(0.000016*(((93.722636*(x18*x4))+-24.212186)*((1.322030+(x16*2.855611))+((0.000000aqx24)*(x20+0.000000))))))*0.046500)+(((((-859.847918+(-5.223113*x7))+(1.461680*(x15-x17)))+(4.837077*((-0.465560*(x0*x23))+-0.034552)))*0.000029)+((0.000000*((0.000000+x20)+((24815056.519993+(x2*42532000.763233))*x2)))+(((((x13+0.144645)+(x13*x2))*(-0.005614+(0.019967*x15)))*0.003259)+(-0.420861+((0.000072*(x13+x20))+((x2*-0.000083)+-0.000004)))))))))+((53341727.783979*(((403.463133+(-17.506387*((-8.013684*(x1aqx1))+((x1*4.936212)+-0.132298))))*((-43.778118+(0.254659*((10.284894+(-35.600902*x0))-x1)))+((((10.850841aqx1)*((x0*-1952.700005)+1260.982225))*-0.000714)+(-6.665636+(-0.533871*((10.850841aqx1)*-2.885768))))))*(((((((0.329905*x4)+1.858824)*(x1*x1))*-2.473057)+(-75.402797+((x8*x18)*-1.195934)))*0.000000)+(((((1.476034+(0.000000*x20))+(0.673869*(x0--2.489504)))*(((x1*-1.951315)+0.091226)+((x1aqx0)*2.589803)))*-0.000000)+((-0.000000*(((-18642421.912875*x7)+173806508548.252747)+(-15061677.587963*x2)))+0.000076)))))+(((-409914310582591216466295521280.000000*((((-1.476034+(0.673869*(x0--2.489504)))*(((x1*-1.951315)+0.091226)+((x1aqx0)*2.589803)))*0.000000)+(-0.000000+(((-78.220645+(x0*1.776903))aqx0)*(0.000000+((x18aqx8)*0.000000))))))*-0.005187)+(81420690075.372253+(((11930097241749834432512.000000*(((x13+0.000000)+(0.000000*x2))*(-0.005614+(0.019967*x15))))+2561735875313813954689499136.000000)*-0.000000))))))
sbp,583_fri_c1_1000_50,ok,50,200,0.901001,0.299554,335,2011.83,,-25.657304+0.002997*(((2.753393*(((((((-7.555716*(-2491.542976+x1))+(-18825.815083+((x1aqx1)*13.456132)))*0.140521)+-8.983265)*(((((-0.415606*(4.034576aqx1))+1.482608)aqx1)*3.479198)+(-11.835170+(0.060229*(-26.331381*(-2.099098aqx1))))))*(3.036170+(((-1.495273*((-0.385135*(x3+0.000000))+((x4*-0.248065)+-0.302672)))*0.079678)+(0.020160+(-0.007905*((x46-x32)*(x8*x46)))))))*((((2.698095+((((26296735.312067+x1)*0.381671)+-10036706.292254)*((-0.385135*(0.000000+0.000000))+(6.573407+-0.302672))))+(((-2.714428*(-26.331381*(-2.099098aqx1)))+113.830115)*((((0.000000-x2)aq(x24*x27))*8.553217)*0.148705)))*-0.004232)+(((((-17.612180+(14.054118*(x0-0.000000)))+((-10.096498*(x0-x2))+-18.766876))*(((-1586.263488-x2)*0.894425)+1416.331805))*(-0.006490+((((-1.000000*x0)+-0.000000)*x0)*-0.000675)))+((((((x45*-10.491710)+3362.867239)+(14.054118*(0.000000-x4)))+((-10.096498*(x0-x2))+-18.766876))*0.003832)+0.201114)))))+((-0.228062*((-2093.675932+(((-2.000409+(((218.976726*x0)+26.049548)*(x1aqx1)))aqx0)*28.460780))*((0.162179+(2.352882*((-0.203877+((1.424773aqx1)*0.563496))*(x1aqx1))))*((-0.075697*((-2.000409+(-15.941894*(x1aqx1)))aqx0))+(((-16.507494*((x0-0.000000)aq(x24*x27)))*0.043991)+0.011181)))))+((58.256180*((0.559740+(((2.402367+(x45*6.603558))*(x1aqx1))*-0.099352))*(((-7.555716*(-2491.542976+x1))+(-18825.815083+((x1aqx1)*13.456132)))*(x1aqx1))))+((0.016167*(((-0.203877+((1.424773aqx1)*0.563496))*(-0.171472+(-0.075359*(x35aqx42))))*((252679.993085+((365249.814939aqx0)*-0.835207))+(((-12428740.694598+(x3*-2743537.764065))aqx1)*-0.000000))))+(2776.927392+(((0.036684*(x14*x7))+(((0.025332*x31)+0.110501)+(-12.439117+(x4*0.057799))))*(((x3+x1)*-0.952459)+237.949769))))))))
sbp,584_fri_c4_500_25,ok,25,200,-1.562883,1.309146,381,2022.99,,82934318.135123+0.000000*((((((0.076437*(((x1*x0)*-26.171559)+((-16.656291*x1)+19.260250)))+-14.130642)+2130578577.129982)*(((x3+((0.000000*((-6289232.558539+(119708645.231997*(0.078566aqx1)))*(((x1*x0)*-19.340362)+((-16.656291*x1)+19.260250))))+-2.138613))+((-0.855735*(((((1.708756+x4)*-2.678365)+2.815378)+(-2.250237+(2.971764*(x0aqx0))))+((x1aqx0)*(((x1*x0)*-4.732420)+9.562094))))+((((-6289232.558539+(119708645.231997*(0.078566aqx1)))*(-494.990085+(0.116268*(5095.934173aqx0))))*0.000000)+(((((x4-0.000000)*0.200844)+0.122567)*(((x2*0.298053)+-0.058850)*(-0.383322*(x0aqx0))))+((-0.774449*(-4.745743+(x1*-1.640222)))+50812222.193659)))))*((0.000000*(((((1.867211+(x0*-29.277719))aqx0)*(((x1*x0)*-6.147031)+9.562094))*0.049051)+(((((x13+0.000000)+2322.277252)*((0.000000-x3)-(x1*x0)))*-0.001121)+(-2.760041+(-3.228960*(x2aqx1))))))+((-0.000000*(((1.440031*x2)+6.638289)*((x2*-1277456.265641)+(6510121.223913+(141904.320700*x1)))))+((-0.000000*((-1.667824+((x3-x1)*-3.335035))+(-3.228960*(x2aqx1))))+(1.495316+(0.000000*((-166.587937+(360.943647*x22))*((x24-x3)-(0.000000*x0))))))))))+((-1306552356606580480.000000+((((((-133.344166*(0.000000-x1))+69.937384)*1.087805)+(-8735367506.405699+(((1.318020*(232887647591149.062500-x1))+-306950430934558.437500)*104.770412)))*((((1.867211+(x0*-29.277719))aqx0)*(((x1*x0)*-6.147031)+(((1.348402aqx0)*320.775966)+-270.935199)))*(-0.214256+(-0.624866*(x1aqx0)))))*-379102.131730))+((4356950088485416.500000*((((((x4-x1)*0.200844)+0.122567)*(((22062481148037180686336.000000+(0.000000*0.591351))+-257850895012214406643712.000000)+(1232292714125394763055104.000000*(x4-x1))))*-0.000000)+((-0.000000*(((-384.167955*(4.561029aqx0))+1184.903386)*(-494.990085+(0.116268*(5095.934173aqx0)))))+((0.000000*((152802075.579112+(x23*-193327671.590672))*(x4-x1)))+-0.000001))))+((((((x4-x1)*(-2738880254823806135173120.000000+(x13*1007005310150376255651840.000000)))+0.122567)*(-0.000000+(x14*0.000001)))*-0.000000)+(((-892977573.309238*(((x13+0.000000)+-0.013137)*((0.000000-x3)--0.047282)))+-653276177224082944.000000)+(-653276177040640384.000000+((3267738774.604163*(x4-(-7468507.571787+(0.930200*x2))))+-24405131794166348.000000))))))))
sbp,586_fri_c3_1000_25,ok,25,200,0.421536,0.782219,411,2022.12,,81.655527+-0.000000*(((((4.194178*((((-11.936846*((4.787142+(x0*2.686637))+((x1*-3.646689)+121.867890)))+1775.562113)*((-5065381305634.336914+((2.478546+1882884163099.946533)*2.690225))*((((20080.736565aqx0)*117.118145)+(3.347073+(x1*113.522524)))*(-0.000839+(0.000076*(7.938493aqx0))))))*(((((-0.257147+(-1.665796*x2))*(-6966.581023+(-15409.823491*x15)))*-0.000554)*-0.000000)+0.000005)))+-19375.025918)*((((((((6.220105*(x1*x0))+-7.156066)aqx0)*(-1.820494+((x1*x1)*1.720150)))*14.319731)+-61.692671)+((((114823583385707.406250+(-60.982819*(1882884163097.745361+x0)))-(x24-x1))+(-22.630136+((((x1aqx0)*-117.118145)+(-510.421896+(x1*113.522524)))*1.741242)))*4.876154))+((((((((x1aqx0)*1.845066)+((-1.914456*x1)+-0.315970))*-88.697408)+-26.143660)+(-14.269313+((((x1aqx0)*1.845066)+(132.670112+(x1*-1.560439)))*105.668546)))-(((((x1aqx0)*36.583316)+14029.059516)-(((x1aqx0)*39.078100)+14049.448277))+((((77.706881*-0.023438)*-0.000770)+-1.978598)+((((x1aqx0)*-117.118145)+11.136217)+(-0.297523+((x3aqx2)*83.966108))))))*((0.003228*(((x1aqx0)*(-1.820494+((x1*x1)*1.720150)))+(-0.021456+(((-99.055552aqx2)*0.059866)+4.703748))))+(((((8492.627069*(-99.055552aqx2))+659935.695616)*(-2.833808+((-99.055552aqx2)*-0.038233)))*-0.000000)+((-0.000000*(((-195187824999894.562500*x10)+-224263859790836.500000)*(x3*x20)))+(((-44.114181aqx0)*-0.000153)+((-0.001482*(x9aqx23))+(-1.177470+(-0.000816*x23))))))))))+((0.076186*(((x15*0.001183)+-0.000649)*((((114823583385707.406250+(-60.982819*(1882884163097.745361+x0)))-(x24-x1))+(-22.630136+((((x1aqx0)*-117.118145)+(3.347073+(x1*113.522524)))*1.741242)))*((-135266.999459+((((x9*0.000000)*(x15-x1))*-0.005391)+-34657.942363))+((((-2874869.296222+8624650.498062)+(227.944627*(x0-x4)))+(((x9*x24)*(x15-x1))*((x23*-461947748.854003)+-279147561.464846)))*((-289027679.679915*(2.833808+(x20*0.000000)))+819048912.192800))))))+(((((((3456.475682+((-1.272365-x4)*-2.823093))+((x2*-3.671656)+-3459.981049))+(((-0.257147+(0.000000*x2))*((1039.456606*x15)+469.214677))*0.001179))*0.000000)*-68061642555017352.000000)*0.999508)+(31175008918667505664.000000+(((0.000000*x4)+0.000839)*((0.011154*((((x1aqx0)*-117.118145)+(3.347073+(x1*92.548580)))*(((x9aqx23)*1356375719.944984)+-1184.593022)))+-37157673752304189177856.000000)))))))
sbp,588_fri_c4_1000_100,ok,100,200,0.228285,0.882786,395,2012.11,,147.586408+-0.000094*(((302.802981*(((0.797308*(((5.431381+(2.689091*(x3-x0)))+((1.563418+((x72-x2)*1.294934))+(2.356988*(x4*x0))))-(-0.061095+(0.572039*(((0.000000+0.000000)+(x81-0.000000))-((0.000000-0.000000)*(x24*x88)))))))+((-0.016916*((-20.510539+(x1*47.838585))*((5.495546+((x4*x0)*-9.456025))aqx4)))+(-8.155866+((-0.346110*(((x79*2.485262)+12.642556)+(4.381882*(x80*x72))))+-31.127382))))*((((-1.188570*(71.424750+(0.269523*((x95*4.995590)+-493.507043))))+((((x38*-3.114028)+-0.246103)+(5.201832*((x78aqx15)*(x87aqx96))))+(-0.765564*(((x41+x94)*(x95*x95))*((x36-x70)*(x5+x47))))))*-0.042317)+((0.000215*(((x10*111.766366)+-101.305550)*((-0.184795+(3.887829*(0.067036+x54)))-(((x25+4.255000)*(x32*x72))aq((x20-x12)*(x51aqx51))))))+(-1.171002+(((((14.741499*x3)+-49.781054)*(x79-x98))*0.001402)+(((182.677697+(x28*-0.008502))*9.646591)+((0.080112*x20)+(-1762.219468+(x56*-0.062007))))))))))+((((((((3.542859+(-1.889494*x1))*((-130.963651+(x0*-377.347354))*x0))*0.004437)+(((3.656460*(-25447.611038--25487.928209))+-93191.286719)+(((133.003228+(x0*-377.347354))*x0)*-0.017368)))*((0.000000*((180.978330+(x79*0.245112))*((x18*x35)-(0.000000-x36))))+0.017211))*(((((-4.759400*((x8aqx75)*(x29+x33)))+(5188.488599+(x10*-3.847310)))+(5.966090*(((x82-0.000000)*(x87-x60))*((x78aqx15)*(x87aqx96)))))*-0.981170)+-174611.799197))*0.141036)+((((((14.634300+(-24.289497*(x28*x75)))*((-0.100351+(x81-x95))-((0.802220-x4)*(x24*x88))))*0.000174)+((-0.000016*((x10*111.766366)+(((x46*x41)*468.002091)+((x82*-337.311601)+-116.548490))))+(((((x18*x35)*0.006578)+((x51*0.005759)+0.001461))+(0.002619*((x36-x70)*(x5+x47))))+(((x56-x4)*((2050.376534*x98)+133.011390))*0.000003))))*114619.014922)+((((1.289285*((((x80*x72)*2.886223)+0.353043)*(x46*x41)))+(-19.466267+(((-0.005728+(x20*0.008261))*(x79-x98))*276.218345)))*-206.166555)+-39066593.870107)))))
sbp,589_fri_c2_1000_25,ok,25,200,0.596216,0.717852,397,2030.92,,28.004505+-0.000036*((((468.423557+((-0.012183*(((((107.820051+(x0*-354.181613))aqx1)*(-96.608210+((x1*x1)*45.860774)))*0.040993)+(275.614699+((x0*((x8*0.000000)+33315.972293))*-0.010873))))+-1301.360825))*((-3.732982*((-1.059864+(-0.181763*((x1aqx1)*(-96.608210+((x1*x1)*45.860774)))))-((((x3-x2)-(((-0.818203*x4)+21.682291)+(-1.532529*(x2*x2))))*1.295950)+0.913036)))+((((((((-2.774707aqx10)-(x4+x15))-(104627.201914*(0.000000aqx8)))*-1.338993)+-1.732985)+(((1.506630*(x3-x2))+1.283984)+((678.073136*(-0.011768aq(-9.101000*x1)))+-1.410111)))*2.457873)+(((-1.665111+(-1.552879*((x0*x3)*1.832082)))+((-95072.507044+(1.415588*(67168.375364+(2.054031*x18))))+(113823.947811*((-0.023826+(0.011081*x0))*((-0.017435+0.000000)aq(-9.101000*x1))))))+(0.020333*((x1*(-28.623685+(14.051289*(x1*x1))))*((-344.649599*(-0.026828*(x1+x10)))+-4.387173)))))))+((3.850960*((((169825.219403+(((x0*x3)*((x12*14211351.155655)+-16.785928))*-0.000050))+((((-4.808580*(0.000000-x16))+-2.324092)-(((x9*13.508189)+-222.863512)+((x9aqx8)*-24.364807)))*-41.631965))+(((((107.820051+(x0*-354.181613))aqx1)*(-96.608210+((x1*x1)*45.860774)))*0.084231)+249516.444417))+((((142.336587*(x11*(-1.252736+(3.897253*x7))))+-110.616980)+(((x0*5162.715046)*((4.724207*x9)+((-4.724032*x9)+0.000168)))*-524.730003))+((222.813498+((x0*((x8*85057.965229)+33315.972293))*-0.009610))+(-216818.769976+(((0.666602*(x1-0.000000))+(-2.095701+(-0.450857*x0)))*2593.855782))))))+(((-0.530849*(((x1aqx1)*((((x15*-0.130939)+-193.362311)+(0.002300*(0.000000aqx1)))+(-76.426788+(1095.621664*x0))))*((1741835.149882*((0.004997+(0.000000*-0.012074))*((-0.017435+0.000000)aq(-9.101000*x1))))+8.012892)))+-2593.214603)+(((((142.336587*(x11*(-1.252736+(0.000000*x7))))+-110.616980)+(((x0*5162.715046)*((4.724207*x9)+((-4.724032*x9)+0.000168)))*-524.730003))+(((-2493.711963+(-0.000019*(-169347313.253730aqx3)))+(-0.000639*((x23+x1)*((x22*606984.802998)+-524886.734553))))+(((((x15aqx1)*-17608.683803)+-5053.808661)*((4.724207*x9)+(-0.000231+(-4.723816*x9))))*102.885700)))*2.374651)))))
sbp,590_fri_c0_1000_50,ok,50,200,0.751262,0.466199,423,2008.92,,130537.664030+0.000165*(((((1.355773*((((204.625453+(((x8-0.000000)*(x33*0.000000))*-0.352861))+(0.000133*(((-984.163815*x26)+134.535839)*((0.000000aqx17)*-4.484969))))+(-0.076663*(((x48*-4.585002)+-0.191801)*((-22.159471+(-47.031356*x48))+x1))))+(((-0.020591+(727.879534*(x2*x39)))*(((456.251557+(x12*0.001488))+((0.000000*x39)*-710.465071))+-263.371152))*-0.000001)))+(532.475297+((-0.382765+(((0.000053+(x12*-0.000025))*(x2*x39))*-27675.713666))+-226.292998)))*(((((-0.154201+(5.332033*(x3+x1)))+x9)-((((x0aqx17)*-4.484969)+0.005685)-(((-1.923752*(x4aqx25))*-2.050746)+(1.472859+(-1.368754*((x0aqx33)*(0.000000+x0)))))))*1.065071)+((((41.835458+((((x0*-2.111197)+-1.326064)*(x0+x1))*8.445889))*((5.865672+((-0.131055+x1)*6.473599))*((0.002388+(0.965225*(0.000000+x1)))*(x0+x1))))*0.004187)+(((((-67.806126*(0.097377+x1))+0.002388)*((-14.182646+(-0.881659*(x0+-16.160575)))+x1))*0.019878)+(((0.040433*((x0aqx17)*((-32.731593*x14)+31.376037)))+((0.215226*((x0aqx17)*-4.484969))+((-0.789495*x43)+-0.075613)))+(0.681364*((0.019149+(x19*-0.779767))+((0.897638*(x3+x0))+(-0.064451+(x9*-0.796111))))))))))+((89.235729*(((((-0.020591+(727.879534*(x2*x39)))*(((-1022.674904+(x10*-362.493671))+((x2*x39)*-2258.821258))+-263.371152))*-0.000004)+(((250537.762266+((-205.286179+(0.003863*x38))*1236.457243))+((((-984.163815*x26)+4.998752)*(1262.344698+(x48*7250.785836)))*-0.000001))+(((x0aqx17)*((x37*25553.578159)+-14727.129640))*0.000192)))+((((((-11.628401*(-75500391.865567+x1))+-877948810.834766)+-8.305391)*((-230.410601+((0.000000+x1)*271.638236))*(x0+x1)))*0.001117)+(((-2610793.679614+(((-0.002864*x22)+1766.177431)*1478.217325))+(0.000050*(((x48*55688.984439)+5075.989227)*(x3+x1))))+((((-984.163815*x26)+134.535839)*((x0aqx17)*((x21*-1751596.710652)+1301833.791257)))*-0.000000)))))+(-788482733.367815+(((1207.840125*((-0.839808+(-0.001959*((x0aqx33)*-1040.079845)))+(((x0aqx17)*((x37*0.000000)+-14727.129640))*0.000122)))+((((((x3aqx36)-(x44aqx11))*((0.000000aqx40)-(x10*x28)))*-356.128852)+((465876868763353284608.000000*(0.020591+(x30*0.000000)))+-9592814386355220480.000000))+(((-15037.025704+((x10*x28)*-32810.998893))*(x0+x1))*0.010736)))*0.552585)))))
sbp,591_fri_c1_100_10,ok,10,100,0.303416,0.659835,491,2004.91,,9.240814+-0.000000*((((((-2.911772+((6.491372+(-92.603935*(((x7*3.974639)+3.854810)*(0.216638aq(12.389000*x4)))))*0.033260))*((14.055007+((-30.473050+((-7.342901*(-78.897092aqx6))+-344.778184))*-1.670906))+(((-21.572535+(((x5aqx2)*(x8aqx4))*0.116291))*2118.178186)+(44086.761735+(-0.012792*(11.149886+(2271.112806*(-78.897092aqx6))))))))+206654.210226)*(((78.173100+(((-69.143672+((8.705213+(x1*-0.587138))*((x1+0.000000)aq(x0+x3))))+((-17.007921+((-4.156000aqx1)*-5.796307))*((x1+x0)aq(x0+x3))))*2.164019))+229.503672)*((((((((x7+x6)*12222984.994413)+25565644.228617)aq((12.596000*x7)-(x6*x1)))*0.000000)+-3.372422)*((36.339075+(-0.820541*(((-3.185494*x1)+16.854434)+((-4.156000aqx1)*-5.284591))))aq(23049.286263+(-0.282576*(((-3.185494*x1)+81542.353668)+((-4.156000aqx1)*-5.284591))))))*((-3.649165*((-0.000146*(x4*(188.172509+(229.351592*x3))))+((-0.112895*((0.000000+x3)aq(12.389000*x4)))+((-0.190812+-3.086202)+((x8aqx6)*0.057254)))))+((((-0.198544+(-1.987812*(x8aqx6)))*(11.149886+(0.160703*(-78.897092aqx6))))*-0.040012)+((0.000001*(x6*(-14098.984850+(-169329.063402*x2))))+(-21.565508+(-0.080961*(x5-x4)))))))))+(((((((-7108.551188+(((x1+-4.275673)aq(0.000000+x3))*-2651.187018))*((x1+x0)aq(x0+x3)))*0.000000)+0.000000)*((17.302314*(0.003139*((((x6aqx1)*(x5-x4))aq((x9+x5)*(x7*x8)))*(36.216811+((x5-x2)*-47.090275)))))+(((-323.832427+(((0.000000+x5)*(x7*x8))*-0.847508))+(88.908552*((-7.123326+x0)aq(1.673002+(x0*-0.322996)))))+((0.021289*((-42.779212+(x2*-54.298773))aq((x9+x5)*(x7*x8))))+2.110783))))*-7723872747334695649280.000000)+(((-21895701.490100*(((-547.222647+((x9+x5)*0.389751))+(-107.109962*((326071928198624.812500+(-42253906324840.843750*63932043710.844093))aq((12.596000*0.000000)-(-2590307800129608953475629056.000000*x1)))))+(((((x7+x6)*12222984.994413)+25565644.228617)aq((663462517639910.500000*(x7+x6))+1291490564193694.750000))*-22100610.454773)))+((-0.184348*(((5.332908*(x5-x2))+-2.320831)*((280011754.724486+(x6*-189039699.002675))*(0.216638aq(12.389000*x4)))))+-23800755852.370335))+((20091.880941*(((-17.007921+((-4.156000aqx1)*(-5.605967+(0.327566*x0))))*(((-15.090586+(0.000000*21.107848))+(-10.947093+(x1*-60.891303)))aq(x0+x3)))*(-13.673686+(((0.002340*(x4*x9))+-3.635527)*((-7.123326+x0)aq(x0+x3))))))+(((17.684588*((-17.007921+((-4.156000aqx1)*-5.284591))*(-7247.455775+((x0aqx1)*398042.332801))))+(-97358644.534790+((((1248.123561*x1)+6444.008143)+((-4.156000aqx1)*-5.284591))*15517.092586)))+((-2117115.960707+(((402664.840505+(858075.866006*x5))*(188.172509+(229.351592*x3)))*0.064799))+(19.264763*(720127339.074247+((1285.193604+x0)*-560189.437055))))))))))
sbp,592_fri_c4_1000_25,ok,25,200,0.82031,0.365487,421,2025.48,,32114962.315182+0.000000*(((((((-23165.788835+(-0.000000*(0.139324*(-3753798403298362.500000+(-14.595371*(x1aqx0))))))*((((((x1*x0)*-51.782546)+82.858524)*x1)*0.056919)+(-0.261069+(((-15.993117*(0.000000aqx0))+((x1*10.546519)+0.263234))*0.931935))))*0.000000)+21473461.288644)*(((x3-((((((x1*x0)*-51.782546)+82.858524)*x1)*0.056919)+((0.139324*((-3.575567*(x1aqx0))+((9.853778*x0)+-24260218.268654)))+(0.493991+(((x4*x2)-(x10*-0.247575))*-0.616773)))))*1.536429)+((((((((0.821465*x18)+-0.110378)+(-0.891125*(x0-x15)))*0.725995)+1.437540)*((((x1*x0)*-51.782546)+82.858524)*(0.033133+((x1*x0)*-0.026039))))*0.589823)+(((-0.018182*((((x1*x0)*-51.782546)+82.858524)*(((x1*x1)*1.060974)+-0.325927)))+(((((x4*x2)-(0.000000*-0.247575))*((534.821261*x5)+-152.300553))*-0.001065)+-0.197128))+(((((x1*x1)aq(x13*x13))*((x17-x1)aq(x11aq-3.552000)))*-0.523889)+(((x20*x2)*0.434221)+(((0.015220aq(-10.981000*x1))*129.362643)+((-0.278193*4259387.955906)+(-0.287239+(x17*0.269377))))))))))+((-111874.991203*(((-0.000000*((-170728319136470466560.000000+(((-1566122326.851166-x12)*-12322339061.569702)+151430028878734983168.000000))*((((x1*x0)*-51.782546)+82.858524)*((-2.193129*(x12-x3))+0.837549))))+-189989.174699)*((-0.000015*(((((0.000000*x4)+-19.878590)*(26.069517aqx0))+0.490998)*((((x1*x0)*-51.782546)+(47.865253+-17.691387))*(0.033133+((x1*x0)*-0.026039)))))+(-189989.174312+(-0.004463*((((x1*x0)*-51.782546)+(47.865253+(0.000000*0.000000)))*(0.033133+((x1*x0)*-0.026039))))))))+((-1.495210*(((((-24.176220+(5.961561*x0))*((-1.000000*(26.069517aqx0))+-0.000001))+0.490998)*((1472298709298.238037*((-24.176220+(5.961561*x0))*(26.069517aqx0)))+1173205562556334.500000))*((((((0.000000*x18)+-0.110378)+(-0.891125*(0.000000-x15)))*(-52.778351+(2.845125*(26.069517aqx0))))*0.000000)+(0.000000+(0.000000*(((x4*-52.948322)+-137.228527)*((x1*x0)*51.788517)))))))+(((((((-32765293.194130*x8)+-12377035.579979)*(-175.665747+(x16*-228.189462)))*-0.000602)+3282560.017099)+(((-500644429057486495049536503808.000000+(((0.738927*x12)+10237979010.708342)*48900708662461562880.000000))*((((x1*x0)*-51.782546)+82.858524)*((-2.193129*(x12-x3))+0.837549)))*-0.000000))+(41511487.240167*(((0.000000*(-129842986739674.500000+(-983139663595276.375000*x1)))+-0.163856)+((-0.732978*(4451376804106773.500000-x1))+3262762022778681.000000))))))))
sbp,593_fri_c1_1000_10,ok,10,200,0.866174,0.338422,493,2018.67,,-3545328.068613+0.000000*(((((15983860611.063328+(-9.909162*((-148.213516+(((-640.061194+(905.681216*x7))*(x1-x0))*-184.300643))+1815991493.405635)))+(-27441299.355483+(((((((x1+x2)-(x1*x6))-((x1*0.000000)-(0.000000aqx9)))-(((x6*-6.073000)-(2.555000*x9))*((x2aqx1)*(0.000000*x5))))*((((x5aqx7)+(x5aqx6))-((0.000000aqx3)+(0.000000-x7)))aq(((-9.964000*x7)-(x8*x7))-((x0aqx6)aq(x9-x6)))))*(((125.665450aqx3)*-4.277975)+1172.384361))*-3.580987)))*((((-64.946072+(-9.735815*((5.704882+((x1+x3)*-0.501165))+((x1aqx0)*1.417448))))*(((22.542184*((1.855540*(x1aqx0))+(13.468660+(x1*-1.283367))))+-219.557468)+(-0.991445*(((10.888305*(x1-x0))+-35.640386)+(((x3-0.000000)*5.122623)+-0.651631)))))+0.477518)*((((0.105083*((-13.075239+(745.646704*(x4*-0.000376)))*(((-0.719917*x4)+14.509528)+(x4-1.434289))))+47.092992)*(((22.542184*((1.855540*(x1aqx0))+(13.468660+(x1*-1.283367))))+-219.557468)+(-0.991445*(((11.160001*(x1-x0))+-35.640386)+((5.547194*(0.000000-x1))+-0.721321)))))*((((-0.466363+(-0.392432*((x0aqx7)*(x1+x0))))aq((x0aqx7)*(x1+x0)))*((0.011051*((0.029747*(1.998552aqx0))+75.068227))+-0.827376))+((((((2.147463*x3)+-6.917283)+((x0*x0)*6.709799))*((x0aqx7)*(x1+x0)))*-0.000003)+(((((0.000000*-6.073000)-(2.555000*x9))*((x2aq0.000000)*(x1*-16.520098)))*0.000001)+((((x3aqx2)*2.483483)*-0.000018)+(-0.001389+(0.000028*(x6*x9))))))))))+((0.797380*((((((((x1+x2)-(x1*x6))-((x1*0.000000)-(0.000000aqx9)))-(((x6*-6.073000)-(2.555000*x9))*((x2aqx1)*(x1*x5))))*((((x5aqx7)+(x5aqx6))-((0.000000aqx3)+(0.000000-x7)))aq(((-9.964000*x7)-(x8*x7))-((x0aqx6)aq(x9-x6)))))*(821.440253+((-10.467338*((-8.654702aqx3)+(x4-1.434289)))+-1722.653304)))+((-259.570449*((x1aqx0)*(55.996062+(-2.296378*(40.520553aqx1)))))+1815988706.861145))*((0.000009*((((-0.000000*x5)+99633.388694)+(-189117.653674*(0.000000+x2)))*((-4641.569690*(x2aqx1))+-2058.160476)))+-3474704311.710763)))+((-0.009149*(-13593150939757633601536.000000+(4.918016*(((((x0aqx7)*-5077584698205.072266)*4.731640)+-2.997694)*((x1aqx0)*(55.996062+(-2.296378*(40.520553aqx1))))))))+((-13137855665024271275524096.000000*((((x1aqx0)*(55.996062+(-2.296378*(40.520553aqx1))))*-0.000000)+(0.000010+(-0.000000*((1.855540*(x1aqx0))+((-0.995964*x1)+19004060.179090))))))+((1.003995*((42256530996.063728*((0.000971-(2.555000*x9))*((x8*14.424991)+-17.418293)))+21954508566144401408.000000))+4013635534753284096.000000))))))
sbp,594_fri_c2_100_5,ok,5,100,0.83681,0.445536,491,2004.2,,-162.127875+-0.000000*(((((3255695460.582965+((((-22.872797+(((-2.600000aq-10.828000)aq(x1+x0))*((x2*-17.593666)+-188.045525)))*((-65.808431+((x0*x1)*9.653040))-((75517997.775354+(33112299.879844*-9.530416))+-65.808368)))*((((2.986847+3.496703)*(x3-x2))*0.001035)+-0.114237))*-0.000000))+((((-22.872797+(((-2.600000aq-10.828000)aq(x1+x0))*-39.987371))*((-65.808431+((x0*x1)*9.653040))-((75517997.775354+(33112299.879844*(6.413000aqx1)))+-65.808368)))*((((2.986847+3.496703)*(x3-x2))*0.001035)+-0.114237))*249335.995638))*(((1.855898*(((x2*x3)+(x4+x3))-(0.165972+(((x1+x0)aq(x0+x1))*3.387106))))+7.301153)-((((7.092231+((((6.562000*x0)*(x1*x1))+((-11.104643*x1)+-1.902834))*-0.572539))*((0.044429*((-193.325745+(0.000000*-18.088988))aq(x1+x0)))+12.750216))*0.164624)+((139.566362*((-22.872797+(((-2.600000aq-10.828000)aq(x1+x0))*-39.987371))*((((0.000000-x0)*(x3-x2))*0.001192)+-0.004985)))+((((-0.721663*((6.907000aqx4)aq(x1*x3)))+3.045389)+(((x0*x3)aq(x1*x3))*-1.714605))+(((((6.562000*x0)*(x1*x1))+((x0*-10.261793)+-2.438727))*(-19.176149+((-8.752000aqx0)*-3.547492)))*-0.049076))))))+((((41.729001*(((-22.872797+(((-2.600000aq-10.828000)aq(x1+x0))*-39.987371))*((0.017128*((x0*x1)*(x0*x0)))+-0.167387))*(2.487572+((((x0*x1)*(x0*x0))*((x3*1546195127819023.000000)+-582424248.242462))*0.000000))))+(((851930836966.941162+((((x2-x3)*539753.908774)+0.566966)*0.000110))+(-0.000000*((3188585386.157196+(x0*2747881769.942596))aq(x1+x0))))+(0.333970*((((-50.095663*(x1-x2))+-295.829778)+(((x2-x3)*-18000.291132)*0.005735))+((((x4+-0.426752)aq(-15.137000*x0))*4424350814.018751)*0.000000)))))*2522243346149.948730)+((0.899031*((((((43719.971330*(3.075000aqx2))+644.799239)aq(((-895.489844*x3)+529.634171)+((x0*x2)*-218.866199)))*109136410746.898315)+((((-873498992934822.125000aq(x4+x0))*-0.397999)+-229982674550486.656250)+((((898470.328564*x3)+-959383.618848)*((x3*1546195127819023.000000)+-55510732600681.210938))*0.000000)))+(((-846576030084036.250000+((x3-(0.000160+x3))*-5304209345305882624.000000))*(0.153939+(0.960372*(x1-x2))))*871357086792.952515)))+((-732.508826*(((-22.872797+(((-2.600000aq-10.828000)aq(x1+x0))*-39.987371))*((0.017128*((x0*x1)*(x0*x0)))+-0.167387))*((-11351980572.034628*(((x2*1.296991)+0.312296)*((x4-0.000000)*(x1*x2))))+-30925529643.694366)))+((((-5101784637292.382812+(149.522468*((0.000000-x4)aq(x4+x0))))+((((x4+0.000000)aq(-15.137000*x0))*4424350814.018751)*0.000000))*751245229802.727539)+((((-3716372970832097.000000+(x2*-120056931498457.625000))+((6.413000aqx1)*-70278732113564.304688))*0.270123)+(1683914325821064453554176.000000+(116187648453.237930*((126.484486+(x4*48.773888))*((0.000000+x4)*(x2+0.000000))))))))))))
sbp,595_fri_c0_1000_10,ok,10,200,0.93327,0.276622,365,2004.3,,-215.157354+0.024368*(((2.130499*(((0.734888*(x0+((x3+x4)+((((x1-0.000000)+(x1+x3))*0.592000)+((3.057963+-254.018072)+(0.898386*(x2*x2)))))))+((0.000537*(((x0*x0)*(-762.514092+(-981.718155*x1)))+((1066.259133*(x1aqx6))+((194.674145*(x2-x4))+((-173.457663*x8)+639.526007)))))+(((((4.779866+(0.000000*x0))*(x1*x1))*-0.079395)+0.404847)+((((x1*x1)*((x0*663.062012)+-49.102059))*-0.000277)+((0.407749*((x0+0.000000)aqx1))+-0.041085)))))*((-0.002424*((-0.403162+(((26.700316*(x7-x0))+-9.093467)*-0.008103))+(0.031262*((x1*x1)*(((x4*x2)*-54.044030)+-16.485045)))))+((0.000000*((576427822053.486450+(153797119175.303131*((x1+x0)+(1.759911*x3))))*((x0*(39642203.716796+(x1*71015441.812428)))*(-762.514092+(774.793379*x1)))))+(9.022288+(0.000285*((-0.000000+(0.000000*(x4*x7)))*(((x1*x1)*20740836536179.785156)+-18382846753652.347656))))))))+((-6111.594697*((((((-4.412025+((x0*x0)*0.534747))*((2.498712*(x0*x0))+13.962616))*0.538329)+(4093.854316+(-0.002078*((194.674145*(0.000000-x4))+((-173.457663*x8)+639.526007)))))+(((-0.000853*(((x0+0.000000)aqx1)*((x8*272.173336)+-285.643577)))+(7.569283+((x0*x9)*0.288867)))*((-0.000000*(((x1*4.090356)+-0.232270)*(766745731098.719482*x2)))+1.238077)))*(-0.000540+(-0.000000*((-0.047922+((x2*x2)*0.317743))+((((x1*4.090356)+-0.232270)*(x4*x2))*-0.090307))))))+(((-100825.867897+(-0.000000*(((-0.000000+(6635.170316*x6))+459.284850)*(-762.514092+((x2*8080.070126)+806.784465)))))+((6096.300053+(0.000000*((0.000000+((418.963795aqx6)*-0.000000))*(-3207667495684246.000000+(2213424534226973.000000*(x3+x4))))))*(16.451149+(((-0.000000*(457.943256aqx6))+0.000000)*-0.000000))))+(-0.000000*((((576427822053.486450+(153797119175.303131*((-3.841016+x0)+(1.759911*x3))))*((x0*(330267257.079707+(-743005366.395906*x1)))*(-762.514092+(774.793379*x1))))*-0.000000)+(139654129848489.890625+((x8*((x2*-9404.627572)+((-8181.469204*x4)+7811.075584)))*19663150.140533))))))))
sbp,596_fri_c2_250_5,ok,5,200,0.844055,0.412952,461,2016.37,,16.130742+-0.001486*(((((((21.631822+(((((x0aqx1)aq(x1*0.000000))aq((x1*-2011566753019.557617)+8042288613892.579102))*(-4404164108951172.000000+(1.112461*(-2.909000aqx0))))*0.013677))+(((((1227133513.142857*1123054.847965)+-2530972716495493.000000)+(-7046667105606910.000000*((x1aqx3)aq(x1*x1))))*((((x0aqx1)aq6071566463277161997362094161082677094041043894525771619207389226298779094683872697479512697042746487078912.000000)aq((x1aqx3)+(x1-0.000000)))*(-4404164108951172.000000+(-2699310420246622.000000*(-2.909000aqx0)))))*6076614936540905978542409059442286367115806924308363921497625289465320701952.000000))+((-0.000000*(((((67108864.000000*-13755622.320158)+434848996279288.750000)+-2793944142160755.000000)+(-7046667105606910.000000*((0.000000aqx3)aq(x1*x1))))*((-1604610306912556.750000*((x1aqx3)aq(x1*x1)))+-654025992972464.750000)))+-19.604992))+-90.952804)*((0.881642*((x4+x2)+(x3-((3.971899*(((x0+x2)-(x3aqx3))aq((x0*x4)*(x0+x1))))+-0.151049))))+((0.943984*(((((x0aqx3)-(-0.373783aqx1))aq((x0+x2)*(12.595000+x2)))-((((0.832038*x1)+-0.053306)aq(-1.881000+x0))-((x1aqx3)aq(x1*x1))))*-12.540164))+((0.653370+(-0.913743+((-3.715857*(x0aq(-7.328000*x1)))+0.907761)))+((((((x1*x0)*(x1+4.413000))*-0.060799)+0.205340)*((3655.314228+((x1aqx1)*-13636.200865))aq((x0*x4)*(x0+x1))))*0.002556)))))+((((((((((x0aqx3)-(0.000000aqx1))aq((x0+x2)*(12.595000+x2)))*20.468977)+-68.375803)+(((((x0aqx1)aq(0.000000*0.000000))aq((x1aqx3)+(x1-x1)))*(-4404164108951172.000000+(-2699310420246622.000000*(-2.909000aqx0))))*-0.000000))+((((-2793944142160755.000000+(-13755622.320158*-119304647.111111))+(-7046667105606910.000000*((x1aqx3)aq(x1*x1))))*((((x0aqx1)aq(x1*0.000000))aq((x1aqx3)+(x1-x1)))*(-4404164108951172.000000+(-2699310420246622.000000*(-2.909000aqx0)))))*0.000000))+((((((-0.001395-x2)aq(x1aqx4))-((-1.801865*(x3-x0))+-2.963376))aq((-12.354806*((x0aqx3)-(8.329581aqx1)))+-31.211248))*17.097005)+((((8.450933*(x0-x1))+3.716145)*((3655.314228+((x1aqx1)*18287.966764))aq(-185531.483565+((x0*x0)*1178077.198646))))+(61.109947+(0.010006*((-3.602789+(x4*83.078936))aq(x1*x1)))))))*-82.940297)+(((-13.987565+(((((19237.242064*(x4aqx1))+-2787.057531)-((-17720359.006986+(57649654.267296*x4))+-2.963376))aq((-12.354806*((x0aqx3)-(8.329581aqx1)))+-31.211248))*0.000000))*((-379.879384+(3.407838*((3655.314228+((x1aqx1)*-13636.200865))aq(-185531.483565+(221048.562858+(-19579.438165*x3))))))+((((((x0-x1)*3570413415238068.000000)+856660777980859.875000)*(0.000000+(-0.000000*(x0-x1))))*0.000000)+(((((x0aqx3)-(x0aqx1))aq((x0+x2)*(12.595000+x2)))*3.305070)+14.840488))))+5302.727949))))
sbp,597_fri_c2_500_5,ok,5,200,0.907945,0.303835,445,2006.28,,-3.306811+0.000000*((((((((((52487515228798.351562+(-25280250222789.109375*(x1+0.000000)))aq((90043962.401323+(-67174522.234844*x1))-(-13324791.795431+(x0*46674435.398556))))*-0.000058)+(((((x0aqx4)*-900.288330)+(-256.995653+(561.771514*x0)))*1.475143)+((((x2*x2)-(x2+x2))*108.796974)+((72.432656*(x4+x1))+1569.190914))))*0.110624)+1532.605134)+83818.990827)*((-38.461445+(((0.197858+(4.134031*((x1+x0)aq(x0+x1))))*(((((0.000000-0.000000)aq(x1aqx4))-((-11.340000aqx1)+(x4+x4)))aq(((x4+x1)aq(x0aqx4))aq((x3-x1)-(3.660000+x2))))*((0.004327+((0.314556*x1)+0.216485))-(((x2-x2)aq(-1.597000+x0))-((x1aqx3)aq(x1*x1))))))*0.318504))*(((((x1aqx1)-((((x0aqx4)*(x1*x1))*0.620486)+0.792544))aq((x1*x1)aq(x4-x0)))*10.825365)+(-9.738158+((-2.307963*(((x3aqx3)+(x1*x0))-((-0.628000+x0)aq(x3-x3))))+(-6.978156+((((x4-8.149873)aq(x0*x2))aq((-3.827000+x0)aq(7.627000*x0)))*(((x0*x3)*-0.198152)+-1.297522))))))))+((((((((((x3*0.000000)+4.544942)+(19.749042*(x0aqx0)))aq((x1*x1)aq(x4-x0)))*((2.742232*((0.000000--6.337512)aq(x0*x2)))+-10.510392))*-5.907670)+(((((x1*2.414361)+-11.733265)+(((x1aqx4)*-3.148288)+(31398.739242+(-0.449155*x2))))*493.406241)+4960.584121))+(((((134456694531.839600*((0.000000+-2.795391)aq(x0+x1)))+223353393216.342682)*((1859378329561628672.000000+(-895833022978327424.000000*(x1+x0)))aq((90043962.401323+(-67174522.234844*x1))-((0.000000*x0)-(0.000000*0.000000)))))*-0.000000)+((((52487515228798.351562+(-25280250222789.109375*(x1+0.000000)))aq((90043962.401323+(-67174522.234844*x1))-(-13324791.795431+(x0*46674435.398556))))*-0.000058)+(789.340430+((-0.110266*(-1875.568735*(x3-x2)))+0.541113)))))*12337.867490)+((-132.713065*(((((52487515228798.351562+(-25280250222789.109375*(x1+x0)))aq((90043962.401323+(-67174522.234844*x1))-((x2*x0)-(x0*-5482060969943.611328))))*150.093073)+-2168.839127)+((435.889085+(((-0.000005*(0.000000aqx0))+0.000001)*2255413.837124))*((-6.480270+((x1-x0)*-24.857686))*(((0.000000+x0)aq(x0+x1))*(27.608851+(19.910996*(-2.212408aqx0))))))))+(-191123590775.487213+(-1370.342323*((((((x3*0.000000)+4.544942)+(19.749042*(x0aqx0)))aq((x1*x1)aq(x4-x0)))*((2.742232*((0.000000--6.337512)aq(x0*x2)))+-10.510392))*(-14.720803+(0.000003*((x3-x2)*((x2*-5576850.441545)+-7996589.014378)))))))))))
sbp,598_fri_c0_1000_25,ok,25,200,0.934486,0.292649,427,2008.14,,-699.538147+-0.000000*(((-7716.594442*(((((((2.218938*((0.000000+x3)+(x1+x0)))+-12.566291)+x3)+(((3.505000aqx2)*-3.461971)+(9.177386+((x4aqx6)*1.997273))))*24.650558)+((((((x1*x0)*9.247898)+-0.782957)*(0.520895+((x1*x0)*1.982196)))*-2.048147)+(-194.267460+(-0.000157*((((x1*15961.317891)*9.247898)+-0.782957)*(0.520895+((x1*x0)*1.982196)))))))+((((-45.722126+(((x4aqx6)*(4.952096+(0.000000*0.000000)))*0.461474))+(((x10*x15)-(x3+x6))*-0.761779))-((((5.733000+x3)+(-7.633406+((x1+x0)*1.387648)))*-3.427431)+(((3.505000aqx2)*4.041210)+9.018655)))*(((((((x1*x0)*9.247898)+-0.782957)*((-0.520869+(0.000000*0.000000))+((4267.553187*x0)*1.982196)))*(2.049011+(0.092499*x15)))*0.000004)+((((((x1*15961.317891)*9.247898)+-0.782957)*(0.520895+((x1*-74.332144)+-4.395922)))*-0.000000)+(30607.284388+(((-0.000079*(x0*x0))+8.475377)*-3609.252359)))))))+((-86911.291654*((((2.048147*((((0.000000*6.650334)*-0.059849)+(3.915347+(6.754553*x7)))*(0.520895+((x1*x0)*1.982196))))+(444.253115+(0.137151*((-0.000079*(x0*x0))+(-54.418616+(21.029662*x0))))))+(((0.760861*((x4aqx6)*(-36.457356+(-107.181409*x11))))+((428.530760+(30.692207*(x0*x0)))+((x4aqx13)*77.894578)))+((569036.083216+((x24aqx20)*71.301198))+((6687.957112-(x14aqx24))*84.478486))))*((0.000000*(((3.505000aqx2)*((-11.270937*(x2*x2))+-33.434738))*((1.383042*(0.185964*(0.000000*x0)))+-22.791508)))+((0.004908*(((x4aqx6)*(16.337437+(-107.181409*x11)))*(0.000002+((x24aqx20)*-0.000004))))+((((0.044230+(-409816.947229*x4))*(x4aqx13))*0.000000)+0.015094)))))+((((((-45.722126+((-4.587485*x8)+96.060138))+(((x10*x15)-(x3+x6))*(5378.772931+(4719.217445*(x5+x6)))))*-6.580065)+(-46222.063352+(1.065268*(((665.295702*(x4+x3))+-68.416420)*((x4aqx6)*(16.337437+(-107.181409*x11)))))))*1.004493)+(((-0.015386*((22.714305+((x4+x3)*206072.323236))*(5.875377+((x3+x0)*14.832253))))+56037.580330)+((((((-9.247898*9.247898)+-0.782957)*((-0.520869+(0.000000*0.000000))+((4267.553187*x0)*1.982196)))*(2.049011+(0.092499*(-22.151875+(0.000093*x9)))))*((-1.882542*((x4aqx6)*(-36.457356+(-107.181409*x11))))+-126.824459))*98.002870))))))
sbp,599_fri_c2_1000_5,ok,5,200,0.944393,0.233582,397,2015.44,,-1969.933240+0.000000*(((((0.134923*(((-56809.500848*((-1.790837aq(x1+x0))*((-123.985634*(x1*x0))+-131.013969)))+-8691387390.711250)+((-117147276434362.781250+((((x0*x0)*(x1aqx0))*-1152818.463793)+351490770809135.125000))+(-21189.409896*(((-252.829888*1.461325)+-193.885009)aq(((-454.913983*x0)+814.555518)aq(8.714000*x0)))))))+-48778177418945.031250)*(((((x1-((0.089490*((5.266000*x0)*(x1*x1)))+0.005358))*((-14556171797.299294*((x0aqx0)*(2.468000aq0.835853)))+-12370749166.109550))*(0.000000+(-0.000000*((-1.691279+(0.281086*x4))aq((x2*x2)-(x2+x2))))))+((11.946741*(((((x3+x3)+(x4-x2))*0.378616)+-1.366810)+((((5.266000*x0)*(x1*x1))+(1.194509+(-9.057729*x0)))*0.124122)))+((10925.779450+(1.299994*(((5.266000*x0)*(x1*x1))+(16593.506911+(-9.057729*x0)))))+(-16.102282*(-0.330097*((x2*x2)-((0.984936*x1)+-6164.513316)))))))*((((362.506903*((((x0*0.000000)+-0.425533)aq(x1+x0))aq(2.504229+(-1.418486+(0.027147*x0)))))+((-60.214796*(x0-x2))+((64.619056+((x0-x2)*30.305632))+223.307470)))*0.072856)+((0.000789*(((((x3+x3)+(x4-x2))*0.378616)+-1.366810)+((((5.266000*x0)*(x1*x1))+(-2.501156+(-9.057729*x0)))*(((x0*x0)*958.473195)+-1537.528710))))+(-43858.355940+((((-9897396.704105+(x1*10920959.827475))+(-2.501156+(-9.057729*0.000000)))*(((x0*x0)*958.473195)+-1537.528710))*-0.000000))))))+(((((-41246.855412*((-1.790837aq(x1+x0))*((-123.985634*(x1*x0))+-131.013969)))+((((((-3683.370054*x4)+3114537803911.673828)+-193.885009)aq(((-454.913983*x0)+814.555518)aq(8.714000*x0)))*0.000004)+(8210364.751718+(-637906.382632*((x0*x0)*(x1aqx0))))))*-3198627919728.042480)+(((-0.000772*((((-183050852750815363072.000000*x4)+-4445220717049388990464.000000)aq(x1+(12375.534747+(9064.074355*x3))))*((-160.561340*(x1*x0))+-175.925275)))+-1035164114804427264.000000)+(249321675.954611*((((5.266000*x0)*17477510.930391)+(8000766.899072+(-85078908.240480*x0)))*(((x0*x0)*958.473195)+-1537.528710)))))+(-913551622268658432.000000+((((x1-((0.089490*((5.266000*x0)*(x1*x1)))+0.005358))*((-14556171797.299294*((x0aqx0)*(2.468000aq0.835853)))+-12370749166.109550))*(0.000000+(-0.000000*((-5.183907*(1544.162447aqx1))+5838.959571))))*48356919723128328.000000)))))
sbp,601_fri_c1_250_5,ok,5,200,0.869291,0.352045,419,2014.21,,3.673287+0.002011*(((((-0.608047*((83.857665*(((((x3aqx3)*341.259317)+549.347746)-(((410.625861*x3)+318.584433)aq(x0aqx2)))aq(((-24.596862+(0.000000*-188.787661))-(x0*x0))+(237140.331270+((x2aqx1)*-380731.706605)))))+(((((-445.263106+x1)-((417.517755*x3)+2040.895869))-(((x3aqx0)*-551.188180)+(-2489.818189+(x2*0.000000))))*-0.015257)+8.006753)))+57.441653)*(((((((x1aqx1)-(0.155000*x4))aq((x1*x1)aq(x4-x0)))*-15.266393)+-0.455204)+x3)+(((-6.590633+((((x1+-6.884000)aq(x1aqx2))aq((x1aqx1)+(x4*x1)))*-1.499322))+(((-0.030124+(((4.474000*x0)*(x1*x1))*-0.290879))+x1)*-3.236314))+(((((((x2+-8.159000)aq(x1+x0))*1.843240)+7.575691)+(((109.290343+(-2.043808*x3))+((x1*x0)*-3.538837))+(((0.000000*x1)aq(x4-x0))*-3.760267)))*-1.317734)+(140.588274+(-0.008830+(0.000000*(x2*(175102047605222592.000000+(667211244596131456.000000*x2))))))))))+(((((((-0.098299+(-3.411647*((x2-1.641600)aq(7.772000*x0))))*(0.937677*((3.747001+(x0*-5.334567))*((x2-1.616336)aq(7.772000*x0)))))*-0.071272)+-17.430579)+(-0.000372*((((x1+x1)-(((1.267431aqx0)*64762877.799392)+-50297788.534206))-(5339959048.508711+(20479619.118303*((x2--832.226601)aq(7.772000*x0)))))aq(-9706192.443024+((((x0*x0)*-4041.952142)+-10789827.487765)*(((0.272640*x0)+-3.344203)aq(x1+x0)))))))*59.461905)+((((0.764191+(0.001847*(((4.474000*x0)*(x1*x1))*((-0.559583*(102.405600aqx1))+36.621510))))+((((-0.002197*((x2+254.886200)aq(x1+x0)))+0.502984)+(-0.043009*(((-8.161118*0.000000)+-24.913150)aq((x1aqx1)+(x4*x1)))))+(-0.001040*(((-7251287.305138+x1)-((417.517755*x3)+2040.895869))-(((x3aqx0)*-551.188180)+((x3*50.811680)+-2386.523293))))))*-208.761676)+(((((((x1+x1)-(x3-615.314762))-(-2049849.822181+((60920904420143.164062*0.000000)*0.000000)))aq((12775.543186+(12283984.452082+(x0*-8488759.916051)))+(237140.331270+((0.000000aqx1)*-380731.706605))))*((-0.000000*(((1.267431aqx0)*170381161.366723)+(-227255065.336765+(x0*100258614.215643))))+17.336703))*8.359116)+(1573263.635910+(((((-445.263106+x1)-(-131820.727622-615.314762))-(((410.625861*0.000000)+318.584433)aq(x0aqx2)))aq(((242.946983+(x4*7.225661))-(x0*x0))+(40256.183758+(-39408.283032*(x1*x2)))))*-1.079830)))))))
sbp,602_fri_c3_250_10,ok,10,200,0.946619,0.259099,431,2015.34,,12.078870+0.001795*(((((-0.000000*(((((((9.365065-0.000000)aq(x1*x0))*(1490.816059+(1493.985059*x0)))*-78879797318.555939)+749434919891313.125000)+(((((x1aqx0)*7564896.762426)+((-5016453.340915*x1)+45697.713575))aq(2403394694239.218262+((x3-x2)*1731695266375.937012)))*5034356570673166.000000))*(((x1aqx0)+(x2-(-10365.733456+(x0*-39695.764742))))*((2466.997074*((9.365065-x3)aq(x1*x0)))+-11775.767349))))+36.117745)*(((3.714915+(-0.000000*(((x1aqx0)+(x2-(-10365.733456+(x0*-39695.764742))))*((2466.997074*((9.365065-0.000000)aq(x1*x0)))+-11775.767349))))+(((-268.534591*(((-2.447060*(x1*x0))+-2.601691)aq(x1*x0)))*-0.061027)+50.962758))+(((-0.033166*((((51.956910+(x1*139.755570))-x3)aq(x1*x0))aq((x7-x1)aq(8.013000-x1))))+((((66.016294+((-12.948000aqx1)*7.455666))*(x1-0.000000))*0.301417)+1.413159))+((((8.535751+(-25.287088*x3))*((9.365065-x3)aq(x1*x0)))*-0.021694)+((-6.925321*((x2-x4)+(0.054314+(x1*0.139296))))+((2.409790*(((x3-1.008001)aq(x3aqx3))aq((x1+x4)+(x2+x5))))+((-9.014071+((x0-x1)*2.441503))+(-0.115983*(90.297844aq(x4aqx7))))))))))+((((((((((0.000000+x5)+-1192.743289)*(4.181131+(0.000000*x7)))*0.119552)+-0.991407)+(((((x1aqx0)*7564896.762426)+((-5016453.340915*x1)+32838.942122))aq(x1*x0))*-0.000004))*10.025406)+9.991740)+(((-2030527621052717.500000*(((x1aqx0)+(x2-(-10365.733456+(x0*-39695.764742))))*((2466.997074*((9.365065-x3)aq(x1*x0)))+(-23019.638258+(5786.972897*(x1*x0))))))+(((((x1+x5)+(31.601511+(x3*69.512266)))*((13.070000-x7)*(x2-x0)))*272629699604275757056.000000)+-127484795172122041253888.000000))*0.000000))+((((((-8986285373337571950592.000000*(-38.102663+(-29.429521*(x1*x4))))+-673216387235894920216576.000000)+-1206832873360939057938432.000000)*(((-53000658513.652473*(((-12202.467044*x7)+-33.362183)*((x3+x1)*(x1-0.000000))))+-407723688866092.500000)*(((x1aqx0)+(x2-(-10365.733456+(x0*-39695.764742))))*((2466.997074*((9.365065-x3)aq(x1*x0)))+-11775.767349))))*-0.000000)+((((-0.001602*((-19569.780321*((0.000000-x7)*(x2--0.747766)))+-13327.137710))+-22.151945)+((((((x1aqx0)*7564896.762426)+((-5016453.340915*x1)+32871.786641))aq(x1*x0))*(-0.000061+(0.000426*(x0-x1))))*0.130010))+(((((182.761834+(x3*2271.716809))aqx0)+((((0.000000-x3)aq(x1*x0))*2199.704854)+-108.322221))*0.107532)+0.198101))))))
sbp,603_fri_c0_250_50,ok,50,200,0.611356,0.619843,531,2012.69,,11336.181439+-0.000010*((((((33.487471+(((((x35*x36)*0.610237)+(-19.995200+((x35*x36)*-1.833676)))+(-0.127670*(((x6+0.000000)+(x14+x14))*((x48-x36)*-26.367671))))*((((x48-x36)*(0.000000-x2))*3.691433)+-1.294177)))+-22.918425)+-34084.374529)*((1.888233*(x3+(0.059519+(0.428656*((1.412217*(x0+x1))+(-0.253136+(1.200785*(x4aqx28))))))))+((((-0.304322*((((-1.868663aqx28)*-2.030754)+-4.225783)*((0.166677+(x0*-1.718713))*(x0aqx28))))+1.715675)+((((((x14-x30)*1.847639)+0.223493)+(2.999193*((x4*x32)aq(x46-x41))))+((1.469200*(x24-x42))+6.930810))*0.176596))+((((((x8*x19)*-1.493564)+(((x41*x47)*1.735913)+((-1.685399*x28)+6.189019)))+((((1.548162*x28)*0.388634)+0.842292)*((0.524727*(x13-x2))+((0.000000*0.512298)+-0.884726))))*0.146264)+(((((-52.728977+(x40*91.992138))*(x24-x42))*-0.001877)+(-0.108403+(0.207124*(x25+x44))))+((((-160.713377*(x3+x1))+(-60.877463+(x3*124.375793)))*(((x0*-1.110607)+-0.070327)*(x0aqx28)))*-0.001668))))))+((((((((((0.000000aqx22)+(0.000000-x25))*((x43aqx47)+(x14-0.000000)))*(106.599140+(231.618808*(0.000000+x1))))*-0.002071)+-15.246706)+(13.162643+((((-160.713377*(x3+x1))+((158.722599*x3)+-13.625428))*(((x0*-1.110607)+-0.070327)*(x0aqx28)))*-0.005385)))+((((((-145.590486*(x35*x36))+866.400240)+((145.597019*(x35*x36))+-866.375540))*-0.003620)+((0.046885+(-0.786047*x43))+((((x6+0.000000)+(x14+x14))*((x48-x36)*(x13-x2)))*-0.123742)))+((((((x48-x36)*(x13-0.000000))*0.351654)+((0.487122*(x4*x32))+7.774917))+(0.055928*(((x14-0.000000)*-1.657842)+((24.022359*x1)+-1580021.387166))))+(((((-0.001360*x43)+0.000482)*((x3*328675.692493)+-277695.970962))*0.000885)+(((x10*x20)*-0.417354)+0.106480)))))*-13375.772923)+((((((((-160.713377*(x3+x1))+((158.722599*x3)+-13.625428))*(((x0*-1.110607)+-0.070327)*((1103043.987051*x28)+-509099.034149)))*-0.000036)+-229988.085370)+(34.533604*(((-145.590486*(x35*x36))+866.400240)+(3258.252162*(-0.247504aq(x46-x41))))))+(-154683.682297+(((((0.000000-x2)*-1.846910)+(326333.233216+(-881644.568349*(x0-x4))))*((1.754319+(x37*-4.108664))*(x13-x2)))*-0.000847)))+((0.439809*((37.923220*((((0.000000aqx22)+(0.000000-x25))*((x43aqx47)+(0.000000-x28)))*(106.599140+(231.618808*(x0+x1)))))+((-1505006.524063+(((5.745870*x22)+-818.115590)*-1853.930546))+((((-81.560553*x10)+2.647730)*((x48-x36)*(0.000000-x2)))*-126.486682))))+((10.942692*((((x6+0.000000)+(x14+x14))*((x48-x36)*(x13-x2)))*((-137.571734*x20)+-45.410053)))+(-76156.889173+(((((x39*-21.115571)+5.225361)+0.842292)*((0.524727*(0.000000-x2))+((x40*0.512298)+-0.884726)))*-214.226828))))))))
sbp,604_fri_c4_500_10,ok,10,200,0.943696,0.260492,371,2006.77,,-667574.909783+-6.612815*(((((0.066568*((((((x1aqx0)*0.238295)+0.033223)*7.499096)+((0.841182*((0.161465+(-2.495426*x1))aq(x1*x0)))+4.707868))*((0.000016*((((-3.187677aqx1)*-3893.065304)+-8524.417093)*(((x1*x4)-(x1aqx9))*((x7aqx5)-(x7-x0)))))+(((((0.000000*x1)+4063.076808)aq(x1*-58.801409))*-0.000001)+1.397295))))+-1.826985)*(((((((((x0aqx1)*0.034459)+-5166.320515)*(((x1aqx0)*0.238295)+((x1*-0.185747)+-5166.323128)))*((-0.000000*(x3-x0))+-0.000000))*-12098.970605)+-58.164470)*((-0.019256*(((-37.382991*(-2.987464aq(x1*-11.188000)))+272.430989)+((((x1aqx0)*0.238295)+((x1*-0.185747)+-0.002695))*-634.131146)))+((((-0.006833+((x4-x0)*-0.010797))aq(((x0*-7.383000)+(x9*x5))aq((x3*x7)aq(13.199000aqx7))))*321.527665)+(63.727555+(((-87.748156+(x1*-56.622736))*((-33.042430-0.000000)aq(x1*x0)))*0.000549)))))*((-0.002140*(((-4.982996*((x4-x3)aq(x1*x0)))+-0.882183)+(x4*((((-13.677000aqx1)aq(x4aqx7))*1.337241)+10.850396))))+((((((-33.042430-x3)aq(x1*x0))*(-2.399446+((x1*x0)*-1.909635)))+(-96.214375+((-1217.173582aq(x1*-11.188000))*-0.018212)))*0.001045)+(((((-4443.526156*(1.240088aqx1))+3708.082175)*(((0.000000*0.000000)-(x1aqx9))*((x7aqx5)--3.501619)))*0.000002)+0.898076)))))+((-1.838939*((((((x3-x2)*((71.443960+(108.485613*0.000000))+(x0*-264.152080)))*-0.000032)+(((((x0*-3.700017)+1.325217)*(x3-x4))*0.001502)+-1.678758))*-2.683210)+(((((x1*x4)-(x1aqx9))*((x7aqx5)-(x7-x0)))*0.007064)+(-4335.820227+((((-24726.679966*(-3.187677aqx1))+-90051.927561)aq(x1*x0))*0.000002)))))+((-1.910581*((((((-4443.526156*(1.240088aqx1))+3708.082175)*(128241.500222+(-281587.085877*(x4*x7))))*-0.000000)+-3.682178)+(759.769368*((((x3-x2)*(0.000000+(0.000000*x2)))*-2846136714.212817)+-0.004847))))+(((-299708933034873257984.000000+((-0.000000*(x3--8438588501641286.000000))*-41696202234937524224.000000))*-0.000000)+-108932.362211)))))
sbp,605_fri_c2_250_25,ok,25,200,0.838301,0.387121,477,2008.42,,1619127.469798+-0.000000*(((((((((6766.861528*((-2.000000*(x24-x21))+0.963767))+((((x24-x21)*14319947870.781460)*-0.000001)+(-6521.679361+((x24-x21)*13533.723057))))+(-9.073266+(-0.000000*(((26174415.113796*x13)+-13038884.921117)*((x2*156590.241442)+30192.986689)))))*(((-1007780997.187497+(749.154591*(-2690431.528749+(x2*2.709306))))+1007793901.253005)+(((((0.000000*x11)aq(x19-x7))*((x2-0.000000)aq(x24-x21)))*(174.431268+((x3-x0)*6256.079834)))*-0.055045)))*0.000000)+(((((6766.861528*(x24-x21))+((((x24-x21)*14319947870.781460)*-0.000001)+(-6521.679361+((x24-x21)*13533.723057))))+(-9.073266+(-0.000000*(((26174415.113796*x13)+-13038884.921117)*((x2*156590.241442)+30192.986689)))))*0.048047)+-13913448.582015))*((0.531504*(((-4.959542*(((x3+x4)*-0.632423)+(0.062520+((x7-x0)*-0.312738))))+((-108.801014+((x3+x4)*5.758352))+((x3+x4)*-4.879865)))+(((-2.209317*(((x0*5.614512)+-0.385670)aqx0))+-1.285879)+((x1-((8.049051*(x1aqx0))+((x1*-4.272152)+0.086203)))*8.342089))))+(((0.218223*(((x1-(-95049.493450+95112.330668))*11.416822)+((((x0aqx24)*-16.041759)+1.606747)+(-0.653432*((x3-x2)*-5.074147)))))+-2.039162)+(((((((x1*x0)aq(x15aqx20))*413.688087)+574.252909)aq((x1*x0)aq(x15aqx20)))*-0.051171)+((((x1-((0.000000*x0)+-0.023394))*(145187.445743+(3029114.313153*(-0.074849aqx1))))*0.000072)+(((((x13*x11)aq(x19-x7))*((x2-0.000000)aq(x24-x21)))*2.239573)+30.317007))))))+((((((-0.000000*(((x2*3953884925.703017)+(144598074.355746+(x2*-4296650974.355577)))*(3137.265494+(x2*35214.489266))))+1007799767.286487)*(((((-8644.753665*(x2aqx1))+(141573.449028+(x3*0.000000)))*0.043379)+1007793901.253005)+(((((x13*x11)aq(x19-x7))*((x2-0.000000)aq(x24-x21)))*(174.431268+((x3-x0)*6256.079834)))*-0.055045)))*((-0.000000+(0.000000*((-5252.109924+((10089.701391aqx1)*-0.000812))*((30956.795556+(x1*4.149713))+(4.878254*(x3-x2))))))+((0.000000*((-5252.109924+((10089.701391aqx1)*-0.000812))*((0.000090*(10089.701391aqx1))+-584.526937)))+-0.000000)))*553343.358548)+((((0.000000*((322466422042187408368681193854989448989945158307031001641794474096001472573256086139707588608.000000+(-31211550806795307367696559660543659127067600532537344.000000*((8119087762254018802805004980732632760320.000000*x20)+-4737712159001030310049939236427044749312.000000)))aq(4406.466116+(-2082.772369*(x0aqx24)))))+((56660007683831616.000000*((((0.000002*-0.000002)+-3597576618537994745282560.000000)aq(22191854931045657299910656.000000+(x0*-29181568029379276943917056.000000)))*-0.000000))+(((((x3+-3575240198324.395996)*-13314524684.823778)*0.000000)+-10419502093235.001953)+(6884.086795+(((x1aqx0)--1325.955449)*-5.191811)))))*2295679.542059)+((((0.000000*((((x13*x11)aq(x19-x7))*((-8918337312151.726562*x24)+7121109645770.106445))*(((-16674575.776533*0.000013)+37.596927)+((0.000000-x0)*6256.079834))))+(11247238547807.847656+((x1*x0)*-5968812.125838)))*0.972844)+-137238803456680.359375)))))
sbp,606_fri_c2_1000_10,ok,10,200,0.882959,0.372965,377,2008.43,,-752935.916445+-0.000000*(((11598.006145*(((((167.244490+(((60878.084311+(-234018.017930*x2))*((x2*-182.409685)+10.511406))*0.000000))+(((((x3-x5)+-4.932662)-((0.000000-0.000000)-(13.880000aqx1)))*(((x1*-20.390453)+2.997719)+((x0*x1)*-26.073488)))*0.183621))*(-6.694319+(((((0.000000-x5)+-4.932662)-((0.000000-0.000000)-(13.880000aqx1)))*((9.730624+2.997719)+((x0*x1)*-26.073488)))*-0.000667)))+2104.860583)*((((24.462946*((x1aqx6)aq(x2*x0)))+-0.569494)-((-38.894963+(5.373158*(((x3-x5)+(x0*x0))-((0.000000-x4)-13.398231))))+(0.455525*(x0*((-17.738182*(13.880000aqx1))+176.052448)))))-(((((((-1.389344aqx0)*-270.775193)+-197.225822)*((-17.738182*(13.880000aqx1))+176.052448))*-0.003194)+-9.272078)+(((5.373137*((0.240160+(0.000000*x5))-(-1.098998-(13.880000aqx1))))*((0.265651*(x3-x2))+-0.345667))+(((-3.683934*((x3-x5)+28.388409))+23.285166)+((((x0*x1)*(0.000000+x9))*((x2*-182.409685)+8.114159))*-0.023690)))))))+(((18.185103*((((((x0*x1)*(0.000000+x9))*(((x8-x5)*-842.551946)+257.838512))*-2025.875644)+226020.566304)+((((x1aqx0)*-6.024339)+(0.074079+(0.028760+(5.050921*(x1aqx6)))))*-1480538.913721)))+(-166722652612593.718750+(-0.000000*((((((-1.389344aqx0)*-270.775193)+-197.225822)*((-22.991948*(x2*x0))+20.152032))*((4100.652512+(0.378390*(0.000000*x1)))+(5593.919897*(x9*x0))))*((95158757422105872.000000*(((0.000000*0.000000)+-0.000000)*((x2*-182.409685)+10.511408)))+17650399387.299965)))))+(((2162.952894*(((((-1.389344aqx0)*-270.775193)+-197.225822)*(((x0+-694165.918171)*0.006740)+4678.679193))*((4100.652512+(0.378390*(x0*x1)))+(31783.854765+(35302.009103*(x1aqx0))))))+-83361342125532.046875)+(-1980487.453842*((((1.055217*((-10750521.106590+(10.377173*x4))+(15.492646*(x0+-694165.918171))))+22692578.957462)+(((((0.000000-x5)+-4.932662)-((1.001633-x4)-(13.880000aqx1)))*(((x1*0.000000)+2.997719)+((x0*x1)*-26.073488)))*0.166621))+(42091176.926709+(-51.130376*((((-1.389344aqx0)*-270.775193)+-197.225822)*(((x0+-694165.918171)*0.006740)+4678.679193))))))))))
sbp,607_fri_c4_1000_50,ok,50,200,0.800429,0.423476,443,2013.71,,131.149846+-0.000001*((((13330.334005+((((-23259.068060+(0.417433*(55708.489582+((x4-x1)*15.922266))))*(((2.155135*((x7-0.000000)aq(x44*x23)))+-0.101743)*(0.282042+(x1*(-0.300852+(-0.848502*x0))))))*(95.944356+(-0.000000*(((x11*-182874004386677.625000)+88129689192447.281250)*((30998121.818811+(-231165067.215236*x11))*((0.000000aqx26)+(-13.265342*x0)))))))*0.001400))*((((((-2.387697+((x4*x0)*3.610411))*((x1aqx1)*-1.719056))*-0.227420)+(-0.193758+(((((-0.784204*x1)+92.691830)+((x1aqx1)*1.738394))*-3.043953)+(-4273.414991+(((-0.490240*x3)+-6034.551931)*-0.708180)))))*((0.002737*((((-42.660770aqx1)*-1.713377)+-47.063123)*(0.282042+(x1*(-0.104164+(-0.848502*x0))))))+-10.042955))*((((-18.426302*((10.373964+(-22.647306*x0))aq((-0.042036*(73.158514aqx1))+3.201295)))+((-0.021859*(12437.535149*x0))+((-171.541050+(-0.541870*-269.660943))+((x2*x2)*-23.685125))))*0.000073)+((0.000010*((-122.863235*(((x7-0.000000)aq(x44*x23))*((0.000000aqx26)+(x12*x0))))+(((3.613398+(x3*-204.064622))+(205.199248*(x31*x20)))+(-135.155969*(1.255947*(x9*x32))))))+((((((0.000000*x20)+-0.002130)+-11.098865)*(((x7-x18)aq(x44*x23))*((0.000000aqx26)+(0.007401*x0))))*-0.018943)+(-2775.697326+(((-10.906772*x2)+((6.709812*x48)+-19959727.582644))*((x6*0.000000)+-0.000139))))))))+(((((-0.001115*((34.197415+((-105.334812*(x4-x1))*0.755399))*(((x7-x18)aq(x44*x23))*((x23*6.833608)+-1.797942))))+(0.094303+((((x7-x18)aq(x44*x23))*(1673.702790+(13331.343763*x21)))*-0.000034)))+((0.000001*((-2.387697+((x4*x0)*3.610411))*((((x34*-291050.004095)+3.414951)aqx1)*-1.719056)))+(((((-2.549527+(32.192763*x23))*((0.000000aqx26)+(0.007401*x0)))*-2.190562)+((x44*-0.356704)+-0.089879))+-0.072210)))*-76784.148593)+((-0.000000*(((-23259.068060+(0.417433*(55708.489582+((x4-x1)*859587539.761075))))*(((2.155135*((x7-0.000000)aq(x44*x23)))+-0.101743)*(0.282042+(x1*(-0.300852+(-0.848502*x0))))))*(-981760.584868+(0.000000*(((x11*-182874004386677.625000)+88129689192447.281250)*((30998121.818811+(-231165067.215236*x11))*((0.000000aqx26)+(-13.265342*x0))))))))+(((((7.471388+(x42*81.193573))*((0.000000aqx26)+(x12*x0)))*-296.268879)+9590.521264)+(-53503513.563927+((-1329.212168+(((x4*x0)*((-28611764422039.394531*x37)+13427048418603.562500))*0.000000))*(-40264.038022+(((x4*x0)*((x24*-98.677267)+-35.623069))*0.141011)))))))))
sbp,608_fri_c3_1000_10,ok,10,200,0.891993,0.335402,333,2003.63,,-34.243665+0.311777*((((((x4+(((((-3.980144*(x1aqx0))+6.024503)+(-22.274118+((x1-0.000000)*2.372281)))*3.675532)+(-300.164917+(3.485834*(((0.242596*x3)+-0.022403)-(x0-x1))))))*0.883668)+204.735472)+(-2.119631*(16.437679+(((-0.002389*(((-108.240428*(x2*x4))+-165.303414)aq(x1+x0)))+-2.102655)*-1.747298))))+(((((-0.014929+(-1.901218+((((x1*x4)-(x1aqx9))*((-27843.682578aqx5)-(0.000000-0.000000)))*-0.000047)))+(((((8.796781*(x1aqx0))+-0.821977)+(-36.103031+(-12.822200*(-4.669000aqx1))))*(x1aqx0))*-0.340743))*0.458483)+(0.282608+(-0.002428*(((0.020893+(-36.103031+(-12.822200*(-4.669000aqx1))))*(x1aqx0))*(77.157349+(((1.448480*(0.000000aqx0))+(2.012524+(x0*-2.151309)))*-54.971483))))))+(((((-16.701371+((((x4*0.799797)+-0.222819)*(x1aqx0))*-2.940351))+((-1.096459+(2.348891*((x7+x1)aq(x5*x8))))*0.016382))+((((((x1*-4.796234)+2.944246)+(8.310013*(x1aqx0)))+(-36.103031+(-12.822200*(-4.669000aqx1))))*(x1aqx0))*-0.340743))*0.294826)+((((((121372.490350+(40565.610474*(-4.669000aqx1)))*(0.000142+(-0.000515*(x0*x9))))*(-0.000232+(0.000746*((x4-x1)aq(x1-x6)))))*46.993717)+(((((-5426.696219*(x4-x1))+((x0*-33622.335559)+58005.940477))aq((60416.965338+(-255.089799*x0))+x0))*0.000003)+(135.276032+(-0.000000*((1163048314158703706112.000000+(x5*-1890805506381709049856.000000))*(x2*x4))))))+(((0.000003*(((-5426.696219*(x4-0.000000))+1221215.032457)aq((426.082270+(-255.089799*x0))+x0)))+135.217281)+((((((-120.981860*x3)+123.539766)*((-2.746322*x2)+-1.616931))*0.000599)+((0.000038*((-27843.682578aqx5)-(0.000000-x0)))+1.070979))+(0.045908*(((-108.240428*(x2*0.000000))+((x0*-121945264.079065)+214165491.525631))aq((426.082270+(-255.089799*x0))+((-22902912.299051*x0)+39358854.582818)))))))))))
sbp,609_fri_c0_1000_5,ok,5,200,0.9039,0.281259,387,2046.48,,-121.481692+-0.009946*((((-26.304067+((((0.005027*(((-74.097863*(x2*x1))+((x2*26.356098)+0.429008))*(((x0+0.000000)-(x0+x1))aq((x2-x0)aq(x2+x1)))))+22.433451)+((((x4+0.793000)aq(-8.060000*x0))*0.732795)+((-0.095982*(((x4*0.000000)+14.306994)aq(x0*x1)))+23.407015)))*0.905657))*((((x0+x3)+((((x2*x2)+(x3+x1))*1.637495)+((-1.861583*((-2.903000aqx0)-(x4aqx0)))+((((6.357000aqx1)+(x0aqx1))*0.795355)+-9.308780))))*-1.464300)+(((((x1+x0)+((-2.186377*((x1+x0)aq(x0+x1)))+-3.341505))*-1.539254)*-2.405263)+((((x1+x0)+(-3.970106+((x0*x2)*3.645488)))*-0.097252)+((((x4+0.793000)aq(-8.060000*x0))*0.732795)+((-0.095982*(((x4*0.000000)+14.306994)aq(x0*x1)))+((0.211242*(x1*x3))+23.402191)))))))+((14.802524*(((-0.000326*(((-74.097863*(x2*x1))+((x2*26.356098)+(-3.934706+(x2*-16.789263))))*(50.780968+(((6.357000aqx1)+(x0aqx1))*-10.962685))))+((136.317801+(-0.001130*((60.397582+(-443.716102*x4))aq((5.732000aqx3)+(x0*4.926000)))))+(((45.239784+(-0.483092*(x4aqx4)))+((0.449377*(x4aqx0))+0.037851))*-1.555432)))*((((((-19.091156*x0)*-1939813.712288)+-2553323.498662)aq((5.732000aqx3)+((-99287727605.852859+(-76475820451.090866*x4))*4.926000)))*4.029062)+(((0.000000*((-11.690674*x0)*((x4*-923201.252203)+981087.649377)))+0.264040)+((-0.000004*(((x4*1010958219412607.625000)+-165701236997171.406250)aq((-1906304565626.409424*x0)+3381544202942.624512)))+-1.991293)))))+((((((((0.000000+2.522191)*-47038.164368)aq(((x2+x0)*345141616.024252)+321346492.045483))*-1044.380751)+(((((-0.017246*x1)+1015.106708)+(0.097143*(361.346648aqx4)))*0.547027)+6239.077745))+(-79878.208082*((2588.734439+((11510148.835725*(x1*x3))+-2527574.794231))aq(59635843171873.195312+(((0.000000+x0)aq(x0+x1))*-92443924277615.468750)))))*0.976888)+((((10.696991+(((5.732000aqx3)*-554.845020)*0.007038))+(-0.676665*((((x3aqx2)*-0.359255)+0.020084)*((-30.247619*(x3aqx2))+-12.828875))))*1.352743)+(-17311.618184+(-95337566.122425*(((x2*1606.028359)+-108367.313335)aq(x0*((-194068289949735.093750*x4)+-169041325433259.812500))))))))))
sbp,611_fri_c3_100_5,ok,5,100,0.674558,0.421247,547,2009.39,,4.051198+0.000000*(((((((((((0.092717*(-1301.624345*x3))+329.958280)-(((0.000000-0.000000)+3.836643)aq((x0-x3)-(x1+x1))))*0.241950)+425248.501148)*4872.772021)+-2072564382.525216)+((29894.813494+((((-2.041244+((x3*-0.000000)*203979608228401.750000))+((x4*x4)*2.445084))+(3557.713832+(-7121.704882+(-2.443622*(x4*x4)))))*1.100541))*(((((((x3*0.000000)*(x0aq6.675000))+((0.000000+x0)aq(x2+x2)))-(((x4-0.000000)+(x0aqx0))aq((x0-x3)-(x1+x1))))*-187.289303)+1810.044304)+(1744.140807+(0.140449*((18.247245+(-13.491924*(x3-0.000000)))*((29.487495+(x1*22.189157))aq((13.546000aqx0)+(x2+-12.329000)))))))))*((((x4+x2)+(((-2.750262*(((x0+x2)-(x3aqx3))aq((x0*x4)*(x0+x1))))+-0.276493)-(-3.103130+(((3.702000aqx0)aq(x2aqx4))*1.225402))))*1.139945)+((((((20.867458*(0.004278+(0.000000*0.728577)))*-1.019624)+12.849315)-((((134.811267*(-4.642000aqx1))+((x4*0.000000)+482.550297))*x1)aq(x4aqx4)))*-0.014696)+(((((x1-((x1*3.900040)+-0.133400))-(x4-x2))aq((x0*-9.589000)aq(x0aqx4)))*1.960228)+((((1.643753+((x1*x1)*-3.849506))+(-3.898099*((x0-x2)+(x0*x2))))*-0.122269)+-12.756996)))))+(((((0.217069+(((18.247245+(-13.491924*(x3-x2)))*((29.487495+(x1*22.189157))aq((13.546000aqx0)+(x2+-12.329000))))*0.000132))+(-0.012887*(((((x3*x2)*(x0aq6.675000))+((-1.486000+x0)aq(x2+x2)))-(((x4-x1)+(x0aqx0))aq((x0-x3)-(x1+x1))))*(((x4*x4)*2.279243)+-0.106275))))*((4.910051*(((((x3*x2)*(x0aq6.675000))+((-1.486000+x0)aq(x2+x2)))-(((x4-0.000000)+(x0aqx0))aq((x0-x3)-(x1+x1))))*((81.730981*((0.000000+x2)-(x3aqx3)))+-73.499794)))+(2298.681232+((((11.190009+(x0aqx0))aq((x0-x3)-(x1+x1)))*59.416249)+-518.596896))))*-641982.927005)+((-320.290199*(((14.097786+(-16.366512*(((x0-x2)+(x0*x2))*0.224292)))+((-24.413937+(((x3+x4)-(x0-0.000000))*-2.025391))-((((x4-x1)+(x0aqx0))*1127934070793021554688.000000)+781355640695079174144.000000)))aq(((-1105682.061522+((-676240.185311+(x0*595691.196724))*25080216.139636))+((-50356734.705744*((x2-x4)*2093055234.509739))+((82508489936923.781250*(x3+x4))+818571920761427.500000)))-(x0*x4))))+((1494946134.958852*((((0.000000-x3)-(((x1-x4)*13118953.321134)+4960729.754550))*(82.194160+(((x3+x1)aq(9.151000*x2))*1298.325644)))*((-160845.726335*((x2-x4)*(x3-x1)))+((160845.726335*((x2-x4)*(x3-x1)))+0.000000))))+((((37844396.347320*((x2-x4)*(x3-x1)))*0.943142)+((-51433757.922441*((0.000000-x1)+(x0aqx0)))+8423343.870608))+(0.700089*(((((x1aqx3)*-196228.506447)+73388.125586)*((29.487495+(x1*22.189157))aq((13.546000aqx0)+(x2+-12.329000))))*(6.410032+(-103.631446*((0.000000+x1)aq(9.151000*x2))))))))))))
sbp,612_fri_c1_1000_5,ok,5,200,0.912364,0.3589,499,2033.36,,-33.218355+-0.000007*(((((((-0.007532*(((65.972029+((-3.043000aqx1)*33.681308))*((1.437974+x0)*(x0aqx1)))*(-4.635036+((0.254590+(x2*-3.978033))*((0.000000aqx1)-(x0aqx4))))))+19.873447)+(((((((x2*-218.709614)+52.461541)*((0.000000aqx1)-(x0aqx4)))*0.416869)+-41.593518)+(41.592924+(-0.416882*(((x2*-218.709614)+52.461541)*((0.000000aqx1)-(x0aqx4))))))*-0.002645))+(-58631.415186+(0.000000*(((65.972029+((-3.043000aqx1)*33.681308))*((1.437974+x0)*(-151047.611745+(388441.091830*(x0aqx4)))))*(((((x2*-218.709614)+52.461541)*((x1aqx1)-(x0aqx4)))*9.514816)+-642.145881)))))*((x3-x0)+((-3.053963*((x1aqx1)-((((x0*x0)*(x1aqx0))*0.734886)+((((x4--11.236000)aq(x1aqx0))*0.121925)+-1.138743))))+((((-0.002781*(1019.078958aq(x2*x2)))+2.040670)+(((65.972029+((-3.043000aqx1)*33.681308))*((1.437974+x0)*(x0aqx1)))*0.033784))+(((-0.128002*(((x3-0.000000)-(x3aqx2))*((0.000000-x4)*(0.000000-x1))))+21.135235)+(((((x1*x1)*-22.184915)+-67.528600)aqx1)*(-0.325754+(((x0aqx3)aq(x2*x2))*-0.003620))))))))+((((0.000208+(0.000000*(((-0.020862*((-4.007000aqx2)*64.810782))+17.410692)*(((12.895419*(-3.043000aqx1))+59.513126)aqx1))))*(((((65.972029+((-3.043000aqx1)*33.681308))*((1.437974+x0)*(x0aqx1)))*(-4.635036+(-14.259416*((x1aqx1)-(x0aqx4)))))+(((((x0*x0)*(x1aqx0))*(-30887.501269+(x1*-21390.799197)))*0.003566)+((74.660400*((-0.813000-x4)-(-6.088000-x0)))+-7196.930850)))*((-0.017728*(((-2245495.390366*(7.841445aqx0))+10826423.168798)*(((23880630357.821888aqx0)*0.000000)+-0.000000)))+(0.236978+(((x1aqx1)-(3.476226+(x1*0.618159)))*-0.012893)))))*2919420.185094)+((((274698.328771+(((65.972029+((-3.043000aqx1)*29.695458))*((x2+1.569541)*((x1*-5.776477)+-1.434219)))*-10909.109425))*((((65.972029+((-3.043000aqx1)*33.681308))*((1.437974+x0)*(x0aqx1)))*(-4.635036+(-14.259416*((x1aqx1)-(x0aqx4)))))+((0.001367*(((x0*x0)*(x1aqx0))*(-30887.501269+(x1*-21390.799197))))+((-15.974839*((-11.059000aqx1)+(x4+0.000000)))+(-145.548429+((x1*x1)*42.186229))))))*0.000033)+(-471788.016984+(((((65.972029+((-3.043000aqx1)*33.681308))*((1.437974+x0)*(x0aqx1)))*(-4.635036+(-14.259416*((x1aqx1)-0.590140))))+(((((x0*0.000000)*(x1aqx0))*(-30887.501269+(x1*-21390.799197)))*0.003566)+(((70.207307*-6.007183)+((58.418514*x1)+2022.504830))+-7196.930850)))*(108.017076+(((((x2*-218.709614)+52.461541)*((0.000000aqx1)-(x0aqx4)))*(329627.131116+(-263582.299680*(2.107000aqx2))))*-0.000000))))))))
sbp,613_fri_c3_250_5,ok,5,200,0.88822,0.387925,389,2008.52,,-13.131334+-0.000000*((((((-35686.644613+(((0.263922+(((0.000000aqx1)aq(x4+x1))*-0.114989))*(130.566421+(((0.000000aqx4)*(x1*x1))*13.278153)))*13.225961))+(-440.997029*((((((x4-x2)*-4.917403)+-1.946504)+(((0.000000+x0)aq(x0+x1))*-2.946562))+((((x1aqx1)aq(x4+x1))*-17.450919)+0.400916))*(1.980173+((((-3.505132-x1)aq(x1*x0))*-2.864871)*-0.323063)))))*(((2.981913*(((x1aqx0)aq(x4*x1))+((-0.542602*((x0aqx4)*(x1*x1)))+0.048346)))+((((0.034727+(-0.077759*(x4+x1)))*(((x0*x1)aq(-0.242000+-11.871000))*((x1aqx4)*(x4*x4))))*23.146671)+(((3.278297*((0.000000+x0)aq(x0+x1)))+3.012596)+(4.837453+(-0.780328*((x3*1.169288)+-3.251421))))))*((1.000000*(-0.325649*(((-6.883400aq(x0+x1))*5.973190)+((114.312132+(-1.097660*x0))+((x1*x0)*-9.631179)))))+(54.757974+(1.156434*(((x2aqx4)+((x4*-0.703191)+12.156393))*(((x3-x0)*0.049307)+-3.616894)))))))*103.594087)+((((((((((x2aqx1)aq(x1*-13.737000))*-5.654064)+-9.686791)+(((x2aqx4)+(-1.312623+-6.148349))*4.813037))*((((-3.505132-x1)aq(-10.100666*x0))*-41.612811)+456.987458))*((-83845.434322*((((x1*x4)*-2.004673)+-23.628381)+(0.573714*((x1*x4)*(x4*x1)))))+((-0.599352*((163176.324377+(x4*383838.085186))*((x3--0.027494)aq(x0+x4))))+-3362021.019318)))*-0.009087)+-2052738797.973572)+((0.000000*(((-71740832954020388846984446869504.000000*(((-6.883400aq(x0+x1))*5.973190)+((114.312132+(-1.097660*0.000000))+((x1*x0)*-9.631179))))+4792261533510392447873964516048896.000000)*(((-113156325565.960968+(0.000000*-169.782686))+((x0*x0)*((-11374972965947.363281*(8.640000aqx0))+62719462933191.242188)))*(((1794348958214.631104*(-6.618000aqx1))+7731746612690.732422)*(((-0.000000+(x2*0.000000))aq(-0.242000+-11.871000))*((x1aqx4)*(x4*x4)))))))+(-2335095965.051382+(-167971316177193967584085540864.000000*(((113156325565.960968+((x0*x0)*-115134066740.569214))*(((1794348958214.631104*(-6.618000aqx1))+7731746612690.732422)*(((x0*x1)aq(-0.242000+-11.871000))*(-0.000000*(x4*x4)))))*(-0.000000+(0.000000*((-2.256343+(-0.851044*x3))*((-3.505132-x1)aq(-10.100666*x0))))))))))))
sbp,615_fri_c4_250_10,ok,10,200,0.830361,0.401595,393,2033.27,,127.384582+-0.000044*(((((4.800199*((-1.015765+((((x4+0.000000)*(x2-x4))*4.254539)+1.987092))+(((((0.409296*(-1342038.545190-x4))+((0.790430*x4)+549291.240996))+5.741470)*((((0.485714aqx0)*-4783.402007)+1450.644605)*(((x0*-0.908604)+-0.084112)aq(x1*x0))))*(-0.009020+(-0.000025*(((x1*303.729886)+-304.720100)aq(x1*x0)))))))+-212.051939)*(((49.429318+((((((-16.012000*x4)*(x3-x4))*-0.105210)+5.741470)*((0.474506+(2.336944*(x0aqx1)))*(((x0*-0.908604)+-0.084112)aq(x1*x0))))*6.703670))+((((((x2-x4)+(0.000000-x1))*((x3+x1)*(x1-0.000000)))*-5.651080)+((-7.871743*(2.214602*(x1aqx0)))+-25.076173))*3.173036))-((((((-11419719.373719+((80.574282aqx1)*222867.901824))*(x1-0.000000))*0.000011)+82.725411)+35.960345)-((3.035183*(((((2.395524-x3)aq(x1*x0))*-12.592788)+54.713792)aq(x1aq(x4-x1))))+((0.030014*(((-1.848324+-0.962779)+(1896.853393*(x0aqx1)))*((-0.704144+(x1*-0.873428))aq(x1*x0))))+((-24.964499*(((x2-x4)+(0.000000-0.000000))*((0.000000+x1)*(x1-x3))))+(-112.797083+(((x1*x8)*7.173271)+-0.000797))))))))+((-698.517209*((-2415.491769+(-0.000000*(((-0.131219*(80.574413aqx1))+((x0*0.439764)+7.805814))*(((-7791.451197aqx1)*-1349018.758696)+-8187119463.333592))))+((((((-279.678381*x0)+525.724347)*(0.288175+((x4*x4)*-0.453505)))*-0.020615)+6.163417)+(((((x1aqx0)*((x9*14054480176996.664062)+-3475107397292.007812))*-0.000000)+-1544.959859)+(((((x1*-0.589784)+-2.845709)aq(x1*x0))*-1.978257)+-87.696784)))))+((0.000000*(((((-466926444527373.562500*(x1-x0))+-146355182767607.218750)+-0.019969)*((((0.485714aqx0)*-4783.402007)+1450.644605)*(((x0*0.000000)+-0.084112)aq(x1*x0))))*(-0.009020+(-0.000025*(((x1*303.729886)+-304.720100)aq(x1*x0))))))+((((((-143484.180593+(x5*-4.841471))+(7.162998*(x1*x8)))*125.222719)+17967306.509157)+(((((-279.678381*x0)+525.724347)*(0.288175+((x4*x4)*-0.453505)))*(-11839.466249+((-74.857181-(x0aqx1))*-158.449609)))*0.120551))+(-12798343.192466+((17967239.779945+(2744439669.205931*(((x0*-0.908604)+-0.087749)aq((x8*-6559742.798812)+7482343.347994))))*0.712302)))))))
sbp,616_fri_c4_500_50,ok,50,200,0.872192,0.35199,367,2007.85,,-26.223227+-0.000918*(((((((((571.497979*(((0.000000-x1)*(x1-0.000000))-(-0.129230+(0.339494*x1))))+1829.004044)*((((-0.024908-x1)*(x1-0.000000))-(-0.129230+(1.663827*x1)))*(((-0.001648*(0.000000-x1))+-27.167791)+((9.518664*(0.000000*x4))+-42.593668))))*(0.004747+(((((-0.023355*x1)+-0.000041)-(-0.129230+(1.663827*x1)))*(-35332.891570+(x0*49892.535460)))*0.000000)))*0.744344)+((((((7.410541*(-0.361520*x4))+(-1.647194+(-14.224829*x21)))*-0.291352)+-104.938707)*((((7.410541*(x1*x4))+((x3*18.689888)+-7.415124))*0.138510)+(((((666.804366*x0)+290.908559)-(-0.129230+(1.663827*x1)))*-0.002400)+-0.831323)))+-11982.578647))+(-70.826469*(((((571.497979*(((0.000000-x1)*(x1-0.000000))-(-0.129230+(0.000000*0.000000))))+1829.004044)*((((0.000000-x1)*(x1-0.000000))-(-0.129230+(1.663827*x1)))*(27.168808+(18.178557*((0.000000-x1)*(x1-0.000000))))))+((-333.654786*((-106.856660+(61.252713*(x1*x4)))*(x3-x2)))+1411999.178009))*(0.000136+((((0.000000-x1)*(x1-0.000000))-(-1.120867+(0.475952+((x1*x4)*-0.523840))))*0.000001)))))+((((-0.177447*((((0.000000-x1)*(x1-0.000000))-(-0.129230+((71.104262*x0)+-17.662611)))*(27.168808+(18.178557*((0.000000-x1)*(x1-0.000000))))))+-3573.533390)+((((((((x1*x4)*0.523620)*-6.782135)+3.001518)*((((x41*1.317658)+2.424453)*(x4*x42))*(2.074626+(5.832417*x49))))*-0.100115)+(8.478612+(((25.281378+(11253280.694872*x0))-(-0.129230+((x0*11253280.694872)+25.410608)))*17210016185.020432)))*8.931153))+((((0.059007*((((-38.070430-x1)*(x1-0.000000))-((112.005139+(-179.082745*x0))+(1.663827*x1)))*(27.168808+(18.178557*((0.000000-x1)*(x1-0.000000))))))+-28.216106)+(-0.010098*(((((5.208674*x1)+0.641094)*((0.000000-x1)*(x1-0.000000)))*1138.394251)+(-2328.022136+(11189.135721*(x4*x2))))))+(-77410.078423+(77706.873238+(-0.010272*((2920.766007*((-2.840456+(-4.050158*x47))*((x42aqx41)aq(x41-x46))))+8815.297251))))))))
sbp,617_fri_c3_500_5,ok,5,200,0.5812,0.558813,381,2093.4,,-1.414524+-0.000008*((((((-0.915633*((((x4*x2)-(x1-x3))+((x0aq2.750000)+(x1aq10.135000)))+(((-12.940000-x0)+(x0*x4))*((0.042290*((x2+-9.905000)aq(x1+x0)))+(0.369713+(-0.088997*(x1*x0)))))))+(((((1.613276*(x0aqx1))+25.773665)-x0)*4.504565)+((0.000000*((((x1aqx0)*85181527.965274)+-102308390.061211)aq((x1*x0)*(x1+4.416000))))+(-1976197.212141+(1.881961*((367066669985984.937500+(x0*-275097665725079.687500))aq((x0*-538228813588610.750000)+820284941352194.250000)))))))*((-0.000001*((((((x4-x0)*(x2+x2))*0.244759)+-2.486410)+(((61220820986500216.000000+(-31090270877141632.000000*x0))aq(519541409665354.125000+(x0*-270783247723821.468750)))*-0.020258))+((1.885092+(-0.014788*(155.294390aqx4)))+(-0.033226+((-0.940096*-7.092488)+0.010438)))))+((0.000000*((((61220820986500216.000000+(0.000000*x0))aq((x0*-538228813588610.750000)+820284941352194.250000))*-0.002058)+(-19734.477628+(((-0.822462*x0)*(0.000000+4.416000))*-0.096596))))+((((((28480460674635000709120.000000aqx0)*0.000000)+-0.473025)*(((x0aqx3)-(x0aqx1))aq((x0+x2)*(12.605000+x2))))*0.000000)+(1.806047+(((6027280660273.423828+(x1*-4756144663891.996094))aq((x1*-2663945694403.093750)+3315586403533.893555))*((0.000000*(x4-x0))+-0.000000)))))))*32171.447596)+((((0.006715*((-306.693790+((((x1*x0)aq(x1+x0))aq((x4+x0)aq(x3aq4.981000)))*1403.980115))*((0.042290*((x2+-9.905000)aq(x1+x0)))+(0.642873+(-0.125506*((x1*x0)*(x1+4.416000)))))))+((-376730.439670+((-0.000000*((207720660412254174314496.000000+(0.000000*x0))aq((881327975112325.125000*x0)+956544003362398.500000)))+1502153.111269))+(((((-79405890889629106176.000000+(x0*40615414273708515328.000000))aq(519541409665354.125000+(x0*-270783247723821.468750)))*((0.000003*(x4-x2))+0.000014))*0.714980)+-376513.193584)))*28423.880404)+((-955923358.222802*((0.000000*((((61220820986500216.000000+(0.000000*x0))aq((x0*-538228813588610.750000)+-37841843470179.085938))*-0.002058)+(-19734.477628+(((-0.822462*x0)*(0.000000+4.416000))*-0.096596))))+(((((0.706285+-86.957703)+((x1*x2)*-362.981741))*(((x0aqx3)-(x0aqx1))aq((x0+x2)*(12.605000+x2))))*0.000000)+(1.806047+(((6027280660273.423828+(x1*-4756144663891.996094))aq((x1*-2663945694403.093750)+3315586403533.893555))*((0.000000*(x4-x0))+-0.000000))))))+94657090824.171432))))
sbp,618_fri_c3_1000_50,ok,50,200,0.574122,0.688714,373,2005.1,,-61.441438+-46.858479*(((((((((1.770586+(-0.088223*(x3aqx28)))*((1.908601*(x1aqx1))+(-11.966961+(1.232896*(11.123946-x1)))))*37.604737)+75.814306)+(((((-1.908601*(x1aqx1))*-0.950011)*1.201882)+((-0.486794+(-0.437891*(x19+x3)))+(-0.019148*((-8.229051+(-36.016161*x4))*(x23-(x4+x23))))))*10.058062))-((-18551.316043*((0.034154+(-1.614425*((0.014079+(0.000162*0.000000))aqx1)))aqx1))+((((0.167187*(((x30-x34)aq(x34*x47))*(-1.653117+(-17.464517*x21))))+((-4.395842*((x4aqx38)*(0.000000+x17)))+0.008129))+(0.000038*(((-1437.423387*(x35*x37))+((0.000000*504.278485)+155.074020))*(((x4*x2)*-44.255678)+5.817612))))+(-0.496239+(-4.275840*(((342.041430*(x30-x34))+-145.126326)*((8.229051+-8.230185)*(-0.004916-(x4+x23)))))))))*0.000715)+((-0.310307+(((((6.328205*((-2.813454+-0.630863)aq((x49+x9)+(x26*x32))))+(((10.697913*(x4aqx4))+-1829.938965)+(5.715311*(x1*x16))))+((((0.061506*(-17.143331aqx49))*-32.268366)+-390.423774)+(-0.032243*((15.488464+(164.439080*x4))*(x19+x3)))))*(((((x30-0.000000)aq(x34*x47))*(-20.548459+(-109.566526*x36)))*0.020540)+535.800620))*(0.000000+(-0.000000*(((21.033513+(-136.287807*(x30-x34)))aq(x34*x47))*(((9.757349*(x30*x42))+-3.448534)+(6.718233+(-161.204923*x13))))))))+((((((((-3.391507+(x5*-9.896385))*x37)*(x4*(-5519821828.999846+(28795117163.489399*x22))))*-0.000000)+((-124988.859452+((-32.566879+(x22*0.000435))*-3905.819147))+(-0.003831*((206.026048+(x5*1437.950843))*(0.009345+x48)))))*0.000230)+-0.909485)+(((-0.432663+(0.000203*(((10.697913*(0.000000aqx4))+(1477.783998+(4.509185*x44)))+(5.715311*(x1*x16)))))+(((-180155.262574+(x44*2758222.560175))*(((3.391507+(x5*-9.896385))*x37)*(x4*399814.076688)))*-0.000000))+((-0.133761+(-0.000139*((-3.391507+(x5*-9.896385))*x37)))+(-0.133811+((((-83321.339279+(0.000000*x3))aq(x34*x47))*(((x13*1172.408958)+-259.110787)+(6.718233+(-161.204923*x13))))*0.000000))))))))
sbp,620_fri_c1_1000_25,ok,25,200,0.83056,0.379181,389,2018.65,,0.907002+-0.000001*((((((((871.759837+(-871.606947+(((-2.724454*x17)+2.476328)*(0.000023+(-0.000032*x17)))))*1.736690)+0.592595)*((((34180088253829.660156+(((x14*0.001101)+-0.201447)*170560414193875.687500))+(((3711197.672143+(0.000000*0.000000))*((0.000217*x20)+0.000194))*(93793602.011050+(x14*-294063488.048256))))*-0.000000)+3871.846690))+-568106.524274)*(((((((((0.283188*x4)+-0.681925)+(0.349356*(x3-x1)))*-0.030485)+0.150794)*(((x1aqx0)*-3.136494)+((-2.141197*(0.000000-x1))+((x2*-0.325373)+-3.067594))))*-64.682371)*(((((((x1*x0)aq(x15aqx20))*-1.305436)+-1.972726)aq((x1*x0)aq(x15aqx20)))*-0.842967)+(-0.330478+(((-3.632745+(-0.000006*(-4893373.422995aqx2)))-(x1-x4))*0.011144))))*(-0.460136+(((1025431.146776+(((-2.141197*(0.000000-x1))+((x2*2.087900)+-3.067594))*21951.669615))*(-44546503.698117+(-1289969.423773*(((-3.633072*x0)+-2.480692)aq((x1*x0)aq(x15aqx20))))))*(-0.000000+(((-31.160220*((x1*x0)aq(x15aqx20)))+(0.721758+((x1*x0)*24.558330)))*-0.000000))))))+((1.311928*((((1025431.146776+(((-2.141197*(0.000000-x1))+((x2*2.087900)+-3.067594))*21951.669615))*(-44546503.698117+(-1289969.423773*(((-3.633072*x0)+-2.480692)aq((x1*x0)aq(x15aqx20))))))*(-0.000000+(((x1*((-4.027283*x3)+3.322020))*-0.000000)+(((x7*x14)*-0.000000)+((-0.000000+(x15*0.000000))+(-0.000000*(x2*x0)))))))*((0.000000*((((x3+x1)*-11277727213.110092)+10535130837.832069)*(x2*(147983.876052+(-4959267.888668*x6)))))+((-721046.221103*((-0.567275+(0.673003*x0))*(-1.398772-x1)))+-28590058.046444))))+((0.000000*(((53948287527.201141+(((3711197.672143+(8904530.105966*x2))*((0.000217*x20)+0.000194))*(93793602.011050+((x9*-222340720.278778)+-175556241.197707))))+(((227.365138*(-2289672824.624274aqx0))+267219332574.266449)*((((x1-0.000000)*-3262.709165)+2657.782890)*((0.079883+0.242193)-x1))))*(871.759837+(-871.606947+((x1*(46939.830076+-290793.990617))*-0.000001)))))+((15770.257567+((((-50616453261894760.000000*(x0*x3))+23552198203746328.000000)*(((-48482766.643770+(10684424612.960733*x1))+10535130837.832069)*(x2*(147983.876052+(-4959267.888668*x6)))))*0.000000))+(-856244229963.539551+((731410451963250254807040.000000+((((1.521265*x9)+-74.408361)+(3.390494*(x3aqx15)))*-30726929381938796.000000))*0.000000)))))))
sbp,621_fri_c0_100_10,ok,10,100,0.82884,0.450418,489,2008.82,,-751289.095399+0.000062*(((((1.026966*((0.396399+(((((x0+x1)+(x4+x4))*-4.150780)+(((x1*x1)*6.306236)+(1685.494725+(5.727859*x4))))*-1.965327))+(((-0.992064+(4.413088*((x1+x0)+(2.870000*x3))))-(-29.801662+(((5.212000aqx2)-(x4aq-2.605000))*7.546677)))*1.521996)))+((-0.317742*(((0.000711*(((x0*x0)aq(x6aqx8))*(-1033.523420+(-1281.593188*x1))))+-10.131163)*((0.239858*(((x1*x1)*6.306236)+((x1*12.156669)+-17.929545)))+-30.817315)))+(((-18.934260+(-3.522018*((5.510168*1936405.455173)+(-16489856.532367+(0.514851*x0)))))+(1139926.050720+(((302329.798280+(-0.500207*x1))+((x5*x1)*-0.402030))*7.541366)))+(-0.177375*(((((0.000000+0.000000)+(x4+x4))*-4.150780)+(((x1*x1)*6.306236)+((5.692292*x4)+-6.048391)))*((6.926088*((x0aqx8)aq(x7*x0)))+0.469361))))))*507.000025)+((((((((((0.000000+0.000000)+(x4+x4))*(23.005279+(27.569994*x5)))*1.571710)+103.092134)+(((((x0+x1)+(x4+x4))*-4.150780)+(((x1*x1)*6.306236)+((5.692292*x4)+-6.048391)))*(20.254838+(50.575085*(0.009554+(x1*0.564963))))))*0.482375)+(((-49337.563003+(-8.441847*(((-2.492221*x3)+-1.691718)*((0.000000+x0)+(2.870000*x3)))))+((-116.103957+(((0.198029*x5)+-0.157188)*((x9+-1.425000)aq(-6.577000*x1))))*424.682331))+(((((799.274448*x0)aq(68105713837.544617+(x9*-108387028929.279343)))*(-1052.181129+(-1281.593188*x1)))*-44779.480715)+((-27.638253*((-0.350711+(-0.710868*x0))*((x3+-0.090732)+(0.000000+x0))))+(((3.265797+(24.749024*x5))+98526.331452)+(-34.403910*(x5*x1)))))))*-14.895229)+((-25.957978*(((((0.906013+(5.712311*(x7*x1)))+(((-2.492221*x3)+-1.691718)*((0.000000+x0)+(2.870000*x3))))*(33.608843+((-1.665117aq(-6.577000*x1))*53.740754)))*-0.230244)+(-2.389131+(((0.906013+(5.712311*(x7*x1)))+(((-2.492221*x3)+-1.691718)*((0.000000+0.000000)+(2.870000*x3))))*3.524328))))+((0.678881*(((((x0*4634069.091312)aq(x6aqx8))*((-0.000000*(1047.223999+x6))+0.000000))*-0.000000)+((2.074261*(((-369.808159*x5)+-362.728261)*((x9+0.000000)aq(-6.577000*x1))))+((-18459707.636755+(547.699908*(x1*x1)))+(((x0aqx8)aq(x7*x0))*-949.577177)))))+(((((((34243337478234562560.000000aqx8)*-0.000000)+37492732847567.351562)*1707.203342)+-64007718811254624.000000)+(0.000000*((((x0*x0)aq(x6aqx8))*(-1052.181129+(-1281.593188*x1)))*((-2006560.695853+(10034482.593863*x2))+((x1*0.000000)*-0.116009)))))+((((((x1*377684833738516963552681874953742581932762422158595248041231065652666564608.000000)+32742922056416307682230462956942033940935466372973423900408437337204195328.000000)aq(850775990337515229627203845279156602757268729928840380416.000000+(x2*502583609387051806664309587192731797404841526111800131584.000000)))*((-10303695896.460262*(x1*x1))+14640732690.183010))*0.000000)+(-221.280977+((((x1*377684833738516963552681874953742581932762422158595248041231065652666564608.000000)+32742922056416307682230462956942033940935466372973423900408437337204195328.000000)aq((x2*-21041561742280216206111342738900520050913890833670312908145295360.000000)+15694171033464634176844409578424099458485881109825484325159698432.000000))*0.000000)))))))))
sbp,622_fri_c2_1000_50,ok,50,200,0.891531,0.334265,385,2004.42,,-6.044347+0.000000*(((((26.188218+(((-118994369.139989+(-1.000000*(-118994505.338538+((x7*x39)*230.306430))))+(2014560.228111*(((x11-x45)aq(x42-x38))+(((0.750424*x45)+-26.888616)+(3.946091*(9.693221aqx1))))))*-0.013979))+-23228259.593514)*((((-0.913313*(10.960248*(((x1aqx1)*-8.743598)+(-0.077049+(4.717434*(0.000000+x1))))))+-1.068681)+(((((((x0-0.000000)*(0.000000aqx33))*-2.822264)+-0.545257)+(-2.423199*(((x6aqx22)-(x10-0.000000))*((x6aqx43)*(x7*x39)))))-(((-4.436946*((x12aqx11)-(x19*x42)))+-1.129433)+-0.070747))*0.557525))+(((-1.892393+((x3+(0.176828+((x4*0.665291)+37.318470)))*-3.688165))+(-1.169456*(((x11--2.300227)aq(x42-x38))+((x44+x34)-(x19*x44)))))+(((((55.505870*(0.042116aqx2))*4.765868)+-20.238594)+(-4.618567*((((9.693221aqx1)*-0.719167)+((x43*0.976038)+-0.932465))*-0.361008)))+((((((0.000000aq-5.919000)-(x1aqx1))*-3.554022)+0.022668)*(((x1aqx1)*-8.743598)+(-0.077049+(4.717434*(0.000000+x1)))))*-1.532010)))))+((-648416522.269533+(29087.537384*((((-24.016403+(23.141757*((0.000000aq-5.919000)-(x1aqx1))))*(((x1aqx1)*((x0*98.233478)+26.679528))+(((400.641402aq43.002923)*0.625791)+-244.505792)))*((-36009767.884080+(-60565749.760000*1.370157))+(2014560.228111*(474.112871+(x0*-1427.344280)))))*((-0.000000*(((x1aqx1)*((x0*98.233478)+-24.568298))+((-2168457.840978*0.625791)+-244.505792)))+-0.000012))))+((30.443040*((((-24.016403+(23.141757*((0.000000aq-5.919000)-(x1aqx1))))*(((x1aqx1)*((x0*98.233478)+26.679528))+(((400.641402aq503.707198)*0.625791)+-244.505792)))*(-118994368.928114+(2014560.228111*(((0.000002*-188240363.520000)+-3.251023)+(x0*-1427.344280)))))*((-0.000000*(-24.016403+(((-2.730084*x0)+2.554432)*((0.000000aq-5.919000)-(x1aqx1)))))+-0.000006)))+(((((x3+(0.176828+((x4*0.665291)+54969.978011)))*((0.000000*(-462070653611178944.000000+(x2*151551388233.831635)))+(65091.927337+(0.364790*(0.253835aqx2)))))*-44129.645385)+-3378069994064.150879)+(-153220005.719241+(1.090661*((-6042090.792087*(-5.819868*((x12aqx11)-(x19*x42))))+(-14535078576178012880896.000000+(((x1*4.973326)+-1634042090078005.750000)*(-8895167.795515+(x34*0.000000))))))))))))
sbp,623_fri_c4_1000_10,ok,10,200,0.904973,0.25817,289,2163.25,,-6.149821+-0.000000*(((((292.570097+(((((1.674609+((x2*x2)*-2.171851))+(((0.000000-0.000000)aq(x1*x0))*2.937256))*0.674658)+(0.904684+((((x0*1403.099891)+-324.051197)+((x0aqx0)*-1978.778843))*-0.011332)))*9.757557))*((((13.732835+(2.651329*((x0aqx0)-(x3+-2.435066))))+(-0.000186*(((-0.518744-(x1aqx9))*((0.000000aqx5)-(0.000000-x0)))*(((-25.296997aqx0)*-4299.422548)+-69184.423592))))+(-0.000029*(((x1*x4)-(3902.421990+(1002.149071*(-6.565000aqx1))))*((x7aqx5)-(x7-((x1*-78.501370)+-12.626665))))))*(6.339699+(((((-379.236136+(0.000000*-1.000000))*x4)-(3902.421990+(1002.149071*(-6.565000aqx1))))*(-747.661521+(((5.016891aqx0)-(0.000000+x1))*206.091638)))*-0.000004))))*106404616779.755478)+((((((((-19.682623+(-1.141867*(-25.296997aqx0)))-(x1aqx9))*((x7aqx5)-(((x1-x4)*-20.017719)+-5.427200)))*0.212254)*0.000175)+(((-0.000000*((-0.518744-(x1aqx9))*((706657767.102883*x0)+-292682143.713308)))+-0.199937)+(0.023419+(((((298.873631aqx1)*15.438286)+-2535.707842)+(((0.000000+x1)*(x1-0.000000))*896.134668))*((((0.316481+-0.316481)aq(x2*x0))*74459768.992012)+(((0.000000aqx0)*0.000001)+-0.000018))))))*72782032375037648.000000)+((-209742799987892448.000000+(54408404270945976.000000*(((((-0.023976*(-411079914.198009aqx0))+-7152024.845645)*(((-25.296997aqx0)*-4299.422548)+-69184.423592))*0.000000)+3.852379)))+(-43493.452520*(((-790679.047678*((x3+x1)*(0.000000-x3)))+((((x3+x1)*(0.000000-x3))*637333.257765)+-259021.331021))*(((-0.518744-(x1aqx9))*((0.000000aqx5)-(0.000000-x0)))*(((-25.296997aqx0)*-4299.422548)+-69184.423592))))))))
sbp,624_fri_c0_100_5,ok,5,100,0.943045,0.227668,533,2010.88,,22.911359+-0.000004*((((((-5.140489+(103091725470384410368933888.000000*(0.000000+((0.000000*(-44.225559aq(x0aqx2)))+-0.000000))))*((((1.063952+((x4*3128681767013966336.000000)+1983096692930314496.000000))*((-0.054914+(0.054914+(x0*-0.000000)))*((0.000834*(x2*x3))+0.000246)))*0.000000)+-0.000344))+((-0.676442*((((((377492633517.014709-x3)*20.340835)*0.433011)+-3324884336123.153809)+(((-72.911578+(-18791.350469*-44.354632))aq(12117539.957685+(x3*-8340881.971967)))*61.898354))+(((((x1*-1.139346)+-0.290687)+(1.022184*(x4-x3)))*((x0aqx0)-(x4-x3)))*5.570937)))+-629.035945))*((((0.103355*(((14.168900*((x4+x1)+(x3+x0)))+-2.186171)-(68.278459+(((7.895000-0.000000)aq(x0aqx2))*-4.982535))))+-9.797833)-((1.068951*((-1.035518*((x2*x2)+(x3+x1)))+(2.768630+(((7.312000-x2)aq8.671784)*-0.604947))))+(((0.034606*(((-3.043000aqx1)aq(x0*x1))*((x0*16.418630)+37.554320)))+15.181243)+((2.812035+(-25.223123*((7.312000-x2)aq(90.074000aqx2))))+(0.044913*((4.073489+(x3*-9.700577))*x2))))))*((-1.910346*(((0.007337*(((x1aqx0)*-227.252833)+((172.676801*x1)+-16.739030)))+12.673358)+(((0.621977*(5.877492aq(x0*x1)))*-0.312174)+((-0.000011*(-226712741.632724+(x0*4827.443203)))+((-0.136342*(x0*x1))+14.368334)))))+(((((2704.422646*(-44.924998aq(x0aqx2)))+-20157.252420)+-3.137730)*(((((x1*x3)*-49299.809711)+-1544.736723)+24.097055)*(0.000000+((0.000001+(x4*-0.000003))*-0.000000))))+((-0.356446*((7.312000-x2)aq(55.053533+(-37.934471*x2))))+(4658.897031+((((x1aq1.673000)*(0.000000+x4))*(-9.254913+(-13.776320*x2)))*-0.040978)))))))+((1.413167*(((((54.956576*((7.312000--3713.112671)aq(296.519304+(-359.631064*x2))))+((-5607.968515*(x4*x0))+-1965.254706))+(((-72.911578+((6753136871.826754*x4)+4288707425.620918))aq(((x2*x2)*825053492.081707)+-179319518.842982))*22.624595))+(-1104627.077728+(-0.002667*((-11153009153428409157482576871424.000000+(15733250232469862032918750167040.000000*(x0*x1)))aq((-194961654146216757011939328.000000*(x1*x1))+540509133016606606090043392.000000)))))*(((((((x1*x3)*-221712.190775)+-1544.736723)+((-27908.547924*-0.648627)+(-814.288850+(x0*4226.296378))))*(0.000000+(-17.184046+(24.507908*x2))))*-0.000000)+((59087654850420663123968.000000*((((0.000000*18851597553800136.000000)+-27.549915)+((-3.043000aqx1)*-44.354632))aq((-1150727426189882252161187840.000000*(-61.648902aqx1))+-39328200756143751396287578112.000000)))+1.071471))))+((1.467029*((1463991.208648+(-51.081676*((-72.911578+(55522181773.851738+(68392012030.192001*x4)))aq((-289171635.788166+(563851121.025240*x4))+(542863245.090424+(x2*-307744313.627567))))))+1458467.995640))+(((((0.000000+(((x2*-345.737935)+-104.648270)*-0.000000))*((1782086656845622648797701585453433262573351539516039083935907587196196122263552.000000+((-3.410817aqx2)*855373644540387831590799836876682440915989690432921446755050688426961644027904.000000))aq((-1308072695601794733627293040640.000000*(x3+47.419946))+((1304734536952295537790678990848.000000*x3)+62030985785743066635517183393792.000000))))*((0.000000*((-72.911578+(-18791.350469*-44.354632))aq(39738.432890+(x0*25839.485479))))+0.000000))*-0.045413)+((-642.956873*((-72.911578+((-2122.295503*0.000000)+4288707425.620918))aq((48888987.917073+(-24720416.348700*x3))+((x0*-309500705.567710)+539574418.866483))))+((28.540738*((-72.911578+((6753136871.826754*x4)+4288707425.620918))aq((77493575.203836*(x4--145773.343909))+-11296395406596.283203)))+(2151565.017639+(-6.768833*((-72.911578+(-18791.350469*-44.354632))aq((x0*28169.213522)+47024.907681)))))))))))
sbp,626_fri_c2_500_50,ok,50,200,0.918943,0.297819,403,2005.81,,-80.155513+0.000000*((((-39805.255202+(((((-0.390565*(6.372954aqx1))+1.373362)*(((((-0.591372*x1)*63.020784)+-8.069459)*(0.208511+(1.914735*x0)))+(((0.422957+(x0*4.330960))*(-4.599549+(0.000000*-2.211797)))+-0.569243)))*(0.149293+(((((209267.156201*x0)+-6904.174430)*x1)+(((-2088368.724232aqx1)*-0.516143)+-1014556.503520))*-0.000001)))*51.040661))*(((((((-2.353980+(x3*-8.612457))+((x4+783.093915)*-2.915694))-(((x1aqx1)*-10.995118)+-0.043367))+((((5.510037*(x1aqx1))+((x1*-3.429983)+0.705463))*16.143693)+(-11.130612+(4.569460*x2))))*-0.167870)+(((((-10.221856aqx1)*((-0.003796*(2317.434335aqx1))+12.680786))*-8.502011)*-0.051503)+28.697123))*((-0.106899*(((-0.390565*(6.372954aqx1))+1.373362)*((5.510037*(0.208511+(1.914735*x0)))+((((6.741816*x0)+-3.057413)*x1)+-0.569243))))+((-13344.715319*(((((16323.314513*x0)*-0.000000)+-0.006303)*0.000001)+((0.000014*(x4+2083709.509345))+(-29.684630+((x22*0.000000)*-0.000012)))))+((((((0.887900*x3)+-0.500409)*x2)*(((x22*x6)*-0.343424)+-16.992502))*0.017917)+((-0.451072*((0.076722+(x33*0.000000))*(0.208511+(1.914735*x0))))+-477.205516))))))+(((((-1.556737+(-0.000491*(((-0.390565*(6.372954aqx1))+1.373362)*(((16323.314513*x0)+6609.210160)+((-3.518215*0.000000)+-0.569243)))))*(((-0.390565*(6.372954aqx1))+1.373362)*((5.510037*(0.208511+(1.914735*x0)))+((-3.518215*x1)+-0.569243))))+((21.084941*(((((6.741816*x0)+811876089398039.000000)*0.076502)+-62110198595534.070312)*((5.510037*(0.208511+(0.512378*x0)))+(((0.000000+-3.057413)*x1)+-0.569243))))+-24139.718540))*412977.984025)+((((-13344.715319*((((9.990379+(x8*16.546162))*(0.208511+(1.914735*x0)))*0.000001)+((0.000014*(x4+2083709.509345))+(-29.684630+((x22*x6)*-0.000012)))))+((-260.663478+(((-0.003796*(2317.434335aqx1))+((x36*0.000000)+6.868219))*0.216862))+((0.000019*((-1814.215869+(2523.311276*x33))*(0.208511+(1.914735*x0))))+((-0.024009*((x1*-3.429983)+-1182479483913.756836))+-28390128886.228214))))*-7224139.848041)+((-467558.719851*((((x3--877519.691371)*-7.771144)+6961918.744320)+(4.569460*x2)))+(73468756294.907562+(((((-0.390565*(6.372954aqx1))+1.373362)*(((0.000000*x0)+6609.210160)+(-6607.112078+(-16314.297571*x0))))*(0.019409+(-0.203866*(x1aqx1))))*-4343.442196)))))))
sbp,627_fri_c2_500_10,ok,10,200,0.898526,0.300878,345,2013.11,,43.524760+-0.119422*(((-0.788732*(((((x0*(((17.142000aqx1)*17.260367)+-194.430014))*(-0.020497+(-0.068005*((x1aqx6)aq(x2*x0)))))*2.374165)+-11.406133)+((((-0.236771*((x2*x2)-((x0aqx1)-(-13.918771+-236.215049))))+((((17.274902+(-3.343994*x1))-(17.142000aqx1))*0.146520)+-0.547873))+(0.274901*((0.384254+(7.682348*(x1aq(x3+x1))))aq((x0*x0)aq(x6aqx8)))))*((0.000000*((-15.044885+(-1.149280*((0.000000-x4)-(17.142000aqx1))))*((((x0*x0)*-12451756764.741844)+16193388205.680492)aq(x3+x1))))+(((-2146.758003*(((x2*-1.566162)+-1.001957)*((x1aqx6)aq(x2*x0))))*-0.000014)+(0.121854+((-2.016699+((x4aqx1)*0.006082))*3.836053)))))))+((((((-0.294026*((17.274902+(-3.343994*x1))-((-6.225634*(x1aqx1))+(-37.370291+(x1*0.465610)))))*1.310787)+25.246043)*(((((((x3-x5)+(x0*x0))-((x1-x4)--0.990049))*0.055832)+-0.774827)+((x0*(((140.044507aqx1)*2.085663)+-183.984826))*-0.003741))+((0.000043*((((-4679.775112*x3)+-2150.014497)+((x3aqx1)*9948.196782))+(5547.535584*((x0aqx1)-x2))))+((-0.001947*(((x1*93.671244)+31.546411)*(x1aq(x3+x1))))+4.164766))))*-1.457657)+((-1.651756*((((((x6*0.014679)+0.011813)*((x1aqx6)aq(x2*x0)))*40.664276)+2199.652390)+((((((-798.029648aqx0)*-0.457851)+(-310.544453+(x4*-39.904719)))*(((17.142000aqx1)*17.260367)+-194.430014))*0.000201)+(-2198.215545+((x1-x4)*-0.275603)))))+(((-1838959736.485824*(((((x0*x0)*-21647.537257)+30227.913193)*((-0.000000*(144911774.852501aqx0))+((-1.490159*0.000000)+24.707592)))*((((x1aqx6)aq(x2*x0))*-0.000000)+-0.000000)))+11.908803)+(((0.000043*((((-4679.775112*x3)+-2150.014497)+((x3aqx1)*9948.196782))+(5547.535584*((x0aqx1)-x2))))+(((-202.036419aq(x3+x1))*0.002562)+-3.877340))*-2.728228))))))
sbp,628_fri_c3_1000_5,ok,5,200,0.84642,0.341448,385,2016.03,,34.714356+-0.047968*((((((-6.252172*(-1.274607*(((x1+x0)aq(x0+x1))-((((x1+x4)-(0.000000-x0))*0.292791)+-1.952216))))+-42.346625)+((-1.357625*(((((-58.208648+-631.754589)aq(x1+x0))*-0.008608)+-35.824830)+((0.014380*(((0.000000*x3)+86.237572)*((x3aqx3)+(x1*x0))))+-33.239575)))+((0.020724+((((6.543000*x0)*(x1*x1))+(0.107309+(0.046039+(x1*-8.713194))))*-0.085174))+((((((0.000000*x0)+-4.070577)+(26090.562806*x2))*(-2184.664682+(x2*2265.988985)))*-0.000000)+(((40.390447+(x4aqx1))*1.827987)+((((x4-x0)aq(x4aqx3))*0.301600)+(-73.036223+((x0*x0)*-0.321753))))))))*6.127412)+((((((-158800.914182+((((6.543000*x0)*(x1*x1))+((x1*-13.429992)+6491.043396))*24.453997))*((((6.543000*x0)*(x1*x1))+(((x1+x0)*-4.939159)+0.059121))*(-686.564761+(-44.896297*((0.000009*x4)+-15.292229)))))*-7.286735)+500.938123)+((((((6.543000*x0)*(x1*x1))+(((x1+x0)*-4.939159)+(-1.126775+(1.323687*(x0*x0)))))*(((((0.000000+28.659667)aq(x0+x1))*(9900.437891+(x2*-941.894880)))*-0.000000)+(0.022848+(-0.001090*((x1-x4)*-23.210350)))))*-18.240848)+((-1.015316*(((40.390447+(x4aqx1))*1.827987)+((((x4-0.000000)aq(x4aqx3))*0.301600)+(((0.000000*x0)*-2.472865)+-29.824942))))+-1222.579475)))+((-763.820067+(0.000001*((-158800.914182+((((6.543000*x0)*(x1*x1))+((x1*-13.429992)+6491.043396))*24.453997))*((((6.543000*x0)*(x1*x1))+(((x1+x0)*-4.939159)+0.059121))*((((x0aqx3)*1275.166085)+143.081458)+(-44.896297*((0.000000*x4)+-15.292229)))))))+((1253.780483+(0.004799*((((6.543000*x0)*(x1*x1))+(36193.765533+((x1+2587.637470)*-13.985839)))*(-686.564761+(-44.896297*((x2*x0)-(14.787000-x1)))))))+(-3.274100*(((((x1*x0)*-0.662227)+0.672406)+(((-4.070577+(-322.795023*x2))*(-2184.664682+(x2*2265.988985)))*-0.000000))+(((-3.406438*((x3-x1)aq(x1*x0)))+(((x3-x1)*2.279248)+((0.436981*0.000000)+454.575780)))*-0.421374))))))))
sbp,631_fri_c1_500_5,ok,5,200,0.925181,0.266301,389,2003.33,,1.866894+-0.014062*((((((((((((0.000000aqx4)-(x0+0.000000))+((x0*x0)*(x1aqx0)))*(-20511525008438.125000+(-64328288182811.773438*(x1aqx0))))+-3.398952)-(((((x1aqx3)*-8090244431046.275391)+38510324407627.687500)+(-10965563685984.240234*(x1*x0)))+(((-3725113985271.507812*(x1-0.000000))+47050853524455.570312)+((8013809985383.995117*(x0aqx1))+38735977897385.289062))))*-0.000000)+-7.659564)+-17.904706)*((1.615555*(x3-((2.706855*(((x1aqx1)-(0.154000*x4))aq((x1*x1)aq(x4-x0))))+((((x0aqx4)*(x1*x1))*-0.622063)+3.395789))))+((0.000755*((((x0aqx1)aq(x1*x2))aq((x1aqx3)+(x1-x1)))*(-4113.005882+((((x2-x2)+(x1-0.000000))aq((x0aqx3)-(-6.308000*x0)))*-33699.147034))))+(((((-0.000100+(-0.000719*-784698.373735))*(((0.000000aqx1)aq(x1*-9.664000))*((x1-x0)aq(x4aqx3))))+((-18.478052+((51.243975aqx1)*-0.082917))+(54.615405*((x0*x0)*(x1aqx0)))))*0.015364)+(5.964490+(0.000000*((2469756586.913326+(x0*2816189128.833373))*x2)))))))+((-0.000000*((-24664396292471.632812+(-0.894325*((((0.000000aqx4)-(x0+0.128033))+((x0*x0)*(x1aqx0)))*(-20511525008438.125000+(-64328288182811.773438*(x1aqx0))))))*((((((0.000000aqx4)-(x0+0.000000))+((x0*x0)*(x1aqx0)))*(-20511525008438.125000+(-64328288182811.773438*(x1aqx0))))+-3.398952)-(((((38191518458024.695312+(x0*1238087661557.270996))+(-0.974872*(15727244503717.910156aqx0)))+(-10965563685984.240234*(x1*x0)))*1.530222)+-31766733251976.335938))))+((1.201363*(((-6.507080*((x0-0.000000)aq(x2*x2)))+((-0.000000*(328662294873992.625000+((x1aqx3)*-5440381698106.966797)))+777.329659))+(0.954553+(-0.000000*((2469756586.913326+(x0*2816189128.833373))*x2)))))+((12.824250+((((-0.015310+(0.000522*(51.243975aqx1)))*(979.182469+((x1-x3)*-1270.291889)))+(20.915669+(54.615405*((x0*x0)*(x1aqx0)))))*-0.168937))+(((((4.679864*(x3*x4))+-117.838193)+(((207.297712+(x1*202.623285))*((x1-x0)aq(x4aqx3)))*0.058656))+(((92311.086535+((71873.781388aqx0)*-1.223596))aq((x0aqx3)-(-6.308000*x0)))*(0.019881+((0.010779+(x2*0.001045))+((781268.808564aqx3)*0.000000)))))*0.523419))))))
sbp,633_fri_c0_500_25,ok,25,200,0.922214,0.287808,415,2017.07,,-5.567028+0.009107*((((((-92.376424*((-0.000247*((-6.303662*((-1.315231*x0)+2112.360853))+12378.126599))+(((((x1+x0)*-3.154696)+((5.413553*x0)+5.758452))*0.000717)+-0.223172)))+-12.329653)+(39.157886+(3.545210*((((((x14*x9)*-53.876263)+((45.992728*x16)+-233892.068373))*-0.000876)+-204.856492)+((((-29.602933+(x2*0.000000))+(4418.783140*(x1+x0)))*(x1*(0.030956+(-0.051289*x4))))*-0.000094)))))*(((((((-5.830896*((5.951000+x3)+(x1+x0)))+(((x4*-3.647185)+-3.803748)+(-3.651102*(x2*x2))))*-57.253102)*0.017983)+(-31.044587+(((-1.500672*(7.951094+17.221213))+((-1.169289*(x1*0.000000))+1.151521))*-1.224753)))*(((((((-0.000012*x2)+-118.412102)+(0.000000*(0.000000+x2)))+(4418.783140*(x1+x0)))*(x1*x0))*-0.000001)+0.198701))*(((-0.000000*((((0.015657*(x1+x3))+0.005140)*(((x1+x0)*3.291201)+-6.059874))*(-2105400590519.899658+(((x20*x9)*(x24aqx23))*5531543703297.027344))))+(0.154901+(((((x1+0.000000)*2.711938)+-6.107438)*(((90.299502*x2)+-48.754279)+-6.059874))*-0.000039)))+(((0.117323*((((x1+x0)*2.711938)+-6.107438)*(((x1+x0)*-3.154696)+-6.059874)))+(((-5.830896*(-21.612757+21.559465))*0.085007)+(((-22.568682*(x1*x0))*-0.180580)+50.294970)))*((((((x1+x0)*-1.335210)+-6.107438)*(12.957540+(-3.771011*(x1+x0))))*-0.000075)+(0.800715+(-0.000461*(((-0.203675*x1)+0.564081)+((x4*1.217471)+1666.474499)))))))))+((-44.966972+((-2465.474719*((-0.000247*(((-2.908785*(x1*x0))+(0.644368+(x0*-7.541154)))*((x1*x0)aq(x15aqx20))))+(0.519543+(0.000000*((x20*x9)*(-835691761326406144.000000+(-2520968447464769024.000000*x13)))))))+1324.111796))+(((((((0.008772+(x3*-0.021683))+0.005140)*(((-3.261064+x0)*-3.291202)+-6.059874))*((101059258598506.937500+((x9-x11)*237510544198649.250000))+(((x20*x9)*(x24aqx23))*5531543703297.027344)))*-0.000000)+-1.166954)+(((1.003030+((((x20*x9)*(-4935648618705566.000000aqx23))*((-0.000000*x16)+-0.000000))*-436424126.552803))+(74.455543*(((-26.148570*((-4935648618705566.000000aqx23)*0.000000))+-0.193799)+((((x2*0.006188)+0.004136)*x0)*-6.632787))))+(-0.000000*((-0.000248+(((0.000000+0.143338)+(x9-x11))*0.000724))*(-2105400590519.899658+(((x20*x9)*(x24aqx23))*(42020849805518.398438+(41183854782604.484375*(x1*x0))))))))))))
sbp,634_fri_c2_100_10,ok,10,100,0.271101,0.939353,477,2020.92,,42.212446+0.001517*(((((((0.000001*(((-0.103564+(-1.351676*(0.000000+x1)))-(((x0+x2)*-2.208528)+-0.167981))*((((x3-x5)+(0.000000*x0))*1798.285883)+-3639.094497)))+(((x1+(2.816684+((x1aqx0)*-1.473151)))*0.033715)+((((-492463.950019+(x6*x5))*0.007169)+3532.257910)+(0.000003*((-1606.452239+(x9*1758.440872))*(x3*x9))))))*-115.368865)+109.893622)*(((0.881956*(((((x9aqx7)-(x5+1.092753))+((x4+-0.326786)*(x8*x5)))aq(((x7*x1)+(x9+x0))+((-0.428000aq7.946000)-(x8*x8))))-((((x1aqx0)+(x2-x4))*-2.116304)+0.037857)))+((-2.669103+(-9.182155*(x1+(2.816684+((x1aqx0)*-1.509821)))))+((-0.753134*(((x3-x5)+(x0*x0))-(-11.068154-(11.926000aqx1))))*1.785067)))+(((x1+(((((0.000000-0.000000)+66.232820)+((x7-0.000000)-(x1*x3)))*-0.918588)+(0.097617+(((x1-x3)*(x7*x8))*1.293194))))*0.987060)+(12.202153+(((((x5aqx3)*3.117080)+21.363690)*(((x3-x5)+(x0*x0))-(-11.068154-(11.926000aqx1))))*(((((x1-x3)*(x7*x8))*(-695.537961+(x0*856.756161)))*0.000001)+((((x0-x1)aq(x3+x6))*0.005258)+((0.002821*(x1aqx0))+-0.026853))))))))+((((((((((x6-x2)*(x4*x7))*((x9*x1)aq(x8aqx1)))*(6506.150567+(16218.861262*(x8aqx1))))+((((-2103.093215*x2)+-19307.043282)+(-12025.130298*(-0.794046aqx3)))+((1468.863831+(x4*-1137.042491))+(11367.244496+(x8*1363.468567)))))*-0.000233)+(111.315401+(((((x0-x1)*-8.012662)+-1.292055)+(59.829475+(21.500450*(1.262258aqx0))))*(5865.680413+((-492463.950019+(x6*x5))*0.011911)))))*(-47.185543+(-0.000016*(((((x4-x3)aq(x2+x2))*-125.822442)+-47.641839)*((156.637239*(-11.325000aqx5))+1428.151231)))))*0.969577)+((0.502930*((-0.001444*((116080099.548330+(58058.857821*((x9aqx7)-(1707.365671+1.092753))))+(-0.172309*((-177694.300300+(x8*-350390.940132))*((x9*x1)aq(x8aqx1))))))+((-0.000000*((((x6-x2)*(x4*x7))*((-59670.525630*x9)+20878.256810))*(6506.150567+(16218.861262*(x8aqx1)))))+(203152.944872+(-0.036378*(((x1-x3)*(x7*x8))*(-695.537961+(x0*856.756161))))))))+(-127233.926160+((((1.351955*(((x6-x2)*(x4*x7))*((x9*x1)aq(x8aqx1))))+-178.682534)+(-0.017923+((((x0-x1)aq(x3+x6))*(-0.276507+(-0.353856*x2)))*-10.662757)))*(((-572181.916783aq(x3+x6))*-0.000001)+((((492463.946887+(x6*x5))*(-0.016384+(0.000000*x2)))*-6.369101)+-51406.163109))))))))
sbp,635_fri_c0_250_10,ok,10,200,0.89125,0.336016,343,2011.71,,3.297111+0.000319*(((((((-252121.734319+((((5.361000aqx2)-11.026778)*((4.866598*(-4.236134aqx2))+-11.407923))*((-27.570140*((0.000145-x6)aq(x0*30.960424)))+355.715998)))*((-1514.212153*(-6.383000aq((-41.423856*(x9*x7))+37.766114)))+((13970.353093*(((x8*x7)*0.041926)+-4.935927))+-117687.504714)))*0.000000)+157.044299)*((((x0+((x3+x4)+((((x0*x0)-(x1-0.000000))*-1.000159)+7.969215)))*2.346607)+(14.374451+(((-6.383000aqx2)*0.864866)*3.338340)))+((1.477840*((((1.780570+((x1*x1)*-1.532298))*0.940090)+0.220605)+(0.076354+(0.835028*((x1+x0)+(2.952000*x3))))))+((((-0.000002*(((x0*-560526.958467)+301831.650326)aqx1))+0.535673)+((x0*((-9.646268*(x1*x1))+6.088015))*0.167665))+(0.000410*((-5.785747+(0.813814*((0.000000*x0)-(x1-6.976000))))*(((3857.912685*(-11.116637aqx0))+31120.971096)aqx6)))))))+((99.886884*((-0.002677*(((-90.110918+((x4*x5)*-406.731952))+(0.001388*((22035.628632+(x3*-45942.812398))*((x5*-9.410512)+-3.480639))))+((((5.361000aqx2)-11.026778)*((4.866598*(-4.236134aqx2))+-11.407923))*((-27.570140*((0.000145-x6)aq(x0*30.960424)))+(((x9*x7)*2.450383)+355.995136)))))+(((((x0*((x1*-134162770979506640.000000)+531554540190925248.000000))+301831.650326)aq((((x0*x0)--136.530390)*3645181028913770204758016.000000)+-498714373324617042714689536.000000))*2508178.139922)+(17.911751+((-6.383000aq((-41.423856*(x9*x7))+(7.439111+(x3*-10.612967))))*1.365357)))))+((17.701741+(((-5.785747+((-22035.628632+(x3*-45942.812398))*((0.001198*x2)+-0.000920)))*(((3857.912685*(-11.116637aqx0))+31120.971096)aqx6))*0.000434))+(((73.336981+((((22035.628632+(x3*-45942.812398))*(0.000000+(0.000000*x0)))*(((x8*x7)*2692.796522)+1987.756226))*-6015097.499813))+(-0.007684*(((-503.123675+(-66.616595*(-11.116637aqx0)))*((-25365808667946139648.000000*(x1*x1))+(23855363938660048896.000000+30976.000000)))*(0.000000+(((5.361000aqx2)-(x4aq-2.680000))*-0.000000)))))*0.634698)))))
sbp,637_fri_c1_500_50,ok,50,200,0.878876,0.356265,329,2009.17,,-4.044758+0.000144*((((((-0.009740*(((((x0*-2.192463)+(2.033353+(-4.587863*x20)))*(x0+x1))*-0.427123)*-86.295645))+(-226.217189+(0.009322*((0.394217+(1.769113*(x3-x0)))*(0.002382+((x3-x0)*0.006131))))))+((((((3.879997+(x3*-4.314736))*(x3-x0))*-46.527767)+40.033413)*((((x1aqx1)*((-3.259534*(x0*x0))+2.624734))*-0.953363)+(-1.257658+((((6.198693*x0)+-4.177562)aqx1)*-0.396652))))*-0.007339))*((-189.012519+((((((-1.244219+(3.272971*x1))+(-5.246977*(x1aqx1)))*-2.257701)+11.392502)*((42.402497+(0.097711*(-306.667081aqx1)))aqx1))*0.657780))+((((((x1aqx1)*((-3.259534*(x0*x0))+2.624734))*-0.953363)+((5.217933+(1.709066*(x3-x0)))+((((6.198693*x0)+-4.972875)aqx1)*-0.396652)))*-5.961418)+((0.791252*((4.713989*((x4*-1.227578)+-0.294236))+(((-13.094476+30.940713)*-2.871741)+-0.126897)))+(((1.465929*(5.310263*((x8*x37)aq(5.107000*x45))))+-0.483226)+(((1227.312219+(-1227.312221+(x1*0.000000)))*(-64.447133+((x0*0.000000)*57.836704)))*-0.000019))))))+((-889.346040+(((0.015424+(0.701659*((x1aqx1)*((-1.397520*(x0*x0))+2.624734))))*((((x1aqx1)*((-3.259534*(x0*x0))+2.624734))*-0.953363)+(37.335624+(((9.382231+x0)*((x1*-2.776124)+54.389263))*-0.074072))))*867.217360))+(((-119.743524*((-77.563983+(((12.007317+(x2*2.806163))*(0.422040+(x2*-0.083819)))*4.382586))+(((1227.312219+((x19*x32)*-3869.199958))*(-64.447133+((x0*x0)*57.836704)))*-0.000019)))+(-21946.050238+(1.983102*((((12.007317+(x2*2.806163))*(-10.841731+(x2*2.562533)))*66.326153)+(15415.241019+((x3+x0)*229.432138))))))+(-1495.535799+(1.069439*(-0.024324*((-1283.673793+((-306.667081aqx1)*-5.864685))*(-64.447133+((181.825789*(x0*x0))+-77.404529))))))))))
sbp,641_fri_c1_500_10,ok,10,200,0.910165,0.265381,297,2012.09,,2655.482162+0.000467*((((((-81.927516+((((219612636111026696440150686506777007217417009272811113110787063808.000000+(x0*-830086819164851255969461632471024705904934018001599943966147477504.000000))+(39307611292287.507812+(x1*557837310790235.562500)))*((-0.057862*(4442249.046521aqx1))+162267.923808))*-0.000000))*0.000000)+-45.673518)+(484.148316*((((((-1.785567*(2360.045325-(x0*x2)))+-0.771592)+(-0.080640+(((0.000000-x1)aq(x1aqx6))*4.871920)))+x4)*0.390103)+(0.121595+((-0.009683+(-2.371697*(x0aqx0)))+(0.000018*(((-1515.735000*(x1*x0))+1417.016711)*(((0.000000+x1)*-92.842262)+-22.790633))))))))+((22.566433*(((-30.471911*((((x1aqx0)*-0.812349)+-0.082885)*(x0aqx0)))*-5.409232)+((((((-3121.734839+(x0*125756.439858))+(-211706.628103*(x0aqx0)))*-0.000097)+6.217161)*(((((-6.015000aqx1)*-734035.633683)+-3058389.687769)*(((8.541000*x0)-(0.000000aqx8))*-14774.643184))*(0.000000+(-0.000000*(-0.967947*(x1aqx0))))))+(425.617480+(-2.615535*((((x2*-7.869341)+158.140631)+((0.000000aqx3)*-4.425769))+(((0.000000*x6)-(x0*x2))*4.358506)))))))+((((((-0.726266+(((x7*x6)*-22.106712)+10720.137272))+(((93069.980170+(0.000000-x4))*-16.400717)*0.683622))+(-2.615535*((-1.831422+((x4aqx3)*-4.425769))+(65.570292+(-0.000009*(12029176.588825aqx1))))))*4.754448)+1084.682707)+(((((0.838663*(-22806.736521-(x0*x2)))+19129.393423)+(-0.000001*(((x2*134753.218771)+-6425.459726)*(-11.965246*x2))))*146.502684)+((((-1.831422+((x4aqx3)*-4.425769))+(((x3+-14603450387270.115234)*-15.342222)+-224049379430230.437500))*-50.170751)+((((-2.551714+(1.797127*(x1*x0)))*(((-1866111328695.913086*x1)+-675418836571.132202)*(x1*x0)))*0.000000)+((-0.000005*((x7*x6)*(4278734.587756+(17343251.501364*x3))))+(14252.702475+(0.000066*((-1075527.971300*x5)+-159526.258723)))))))))))
sbp,643_fri_c2_500_25,ok,25,200,0.938724,0.218959,365,2031.59,,156798.101174+-0.000124*((((((4.107686+(1228.466110*((0.040689+(0.016387*((x1aqx0)*4.345808)))*((((-0.025199*x0)+-0.009668)aqx0)*(8.777786+((x1*x0)*-3.926426))))))+(((9.285139+((((x2*-12.962974)+-16427952.851889)+(15.920079*(x2*x2)))*0.081644))+(3.193297*(((x3*1.284343)+5.038444)aqx0)))+(((0.312531+(1.676569*(x1-x2)))+(0.300525+((x4--0.412201)*1.217747)))+(-0.254527*((x1aqx0)*(18.709314+(-7.609173*(x1*x1))))))))*((-0.040493*((0.010902+((((x1*-2605.945112)+-1225.457112)+((x1aqx0)*2414.820544))*(((x1*x0)*-0.000247)+0.000434)))*((0.040689+(0.016387*((x1aqx0)*(8.777786+0.000000))))*((((-0.025199*x0)+-0.009668)aqx0)*(8.777786+((x1*x0)*-3.926426))))))+((0.000014*((0.312531+((43247.918352+(x18*1.623964))+(5.728293*(x1aqx0))))+((((x5+x7)*-1.132628)+(0.701184+(x0*3.200162)))+((2.503251*(x4+x1))+0.474538))))+(-116.930163+(((x6aq(2681371492306.249512+(1140179691556.865479*x6)))*(-104031144.893800+(548194827.719925*x19)))*0.143981)))))*8.133737)+(((((((((-932467897702002649464832.000000+96.949247)aqx0)*(18.709314+(-7.609173*(x1*x1))))*(-0.000029+(0.000008*16.409039)))+0.094260)*(((-0.022920+(16.409039*0.000732))+((((0.000000*-2605.945112)+-1225.457112)+((x1aqx0)*2414.820544))*(((x1*x0)*-0.000247)+0.000434)))*((0.040689+(0.016387*((x1aqx0)*(8.777786+0.000000))))*(-0.000000+(((-0.025199*x0)+-525754081.971543)*-0.000000)))))*-634753215441473.375000)+142.319423)+(((-0.000000*((0.040689+(0.016387*((x1aqx0)*(0.000000+-5.480880))))*((((-0.025199*x0)+-0.009668)aqx0)*((((20927194047212.640625*x3)+-7849690854616.473633)+(x19*0.012283))+((74553206730.068024+(x3*-344948617899.145508))*-3.926426)))))+76.228769)+(((((0.312531+(1.676569*(x1-x2)))+(0.300525+((x4--0.412201)*1.217747)))+(-0.069247+(0.018311*((x4--0.412201)*((63.509603*x18)+8.434072)))))*-138.071995)+(322.179617+(0.000000*((((-26626360309949646000044530061102517583872.000000*x16)+-2042004729430166905806074163857299865600.000000)aq(2681371492306.249512+((3685272810196087751124713472.000000*x12)+3221548816654094447314731008.000000)))*(-104031144.893800+(548194827.719925*x19))))))))))
sbp,644_fri_c4_250_25,ok,25,200,0.845929,0.331207,345,2032.19,,-217.919665+0.000000*((((((-2456.597648+(4.486752*((8.113903*(((x1*2.061991)+-0.098992)+(-2.323010*(x1aqx0))))+(-5456462.037350+(0.671873*((x0*-6.279125)+8122080.306624))))))-((((((-99.102579*(x1*x1))+-336.066316)aqx1)*0.413953)+317.596969)+(((x3-(0.535985+(-0.567963*(0.000000*x4))))+(0.130780+((-1.376676*(x1aqx0))*0.945381)))*-3.587395)))*(((((((-4250.930739*(-0.045263aqx0))+-166.103308)+3.480316)aqx1)*((((-0.549879+(1.046994*x1))*(x1aqx0))*-8651.591086)+5773.801882))*-0.000054)+((1.033464*(1.084929*((((x4*x2)*1.384080)+12333815.393245)*((-0.000000*(x3-x1))+-3.750833))))+((-0.000000*(((-496529119171.166809+(313213.464879*0.000000))+(-16062069032391.275391*(121.777163aqx0)))*((6.467103*(-0.756209aqx0))+((0.132866*x16)+7.354431))))+(51870966.268569+((0.235069*((x12-x2)*-4.278453))+0.020529))))))*20461625719.590641)+((((((((9249561448730281094195271284782251638784.000000*((x1*x1)aq(x13*-14827017570915251650560.000000)))+1004261163162675712.000000)+5906743.710553)*((((217.417213+-105.079767)+((x3aqx14)*-130.828848))+(((x3*x23)*5300.055998)+-2828.697793))*(((x1*x1)aq(x13*x13))*((0.000000-x1)aq(x11aq-4.557000)))))*-0.000000)+(((-172164594.797203*(((-0.000000*(-519622655349976.875000aqx1))+-0.000000)*(x1aqx0)))*496729.678029)+(((((3.698631+(x1*-2.007452))+(-16062069032391.275391*(121.777163aqx0)))*((6.467103*(-0.756209aqx0))+((x16*-0.214223)+7.383133)))*0.000000)+-27745.855318)))*21782757015.410042)+((((772.676441*((((-2449.103883*x14)*((138.993290*x1)+0.441284))*29186.415698)+-18776639263646.394531))+27167319035322872.000000)+(((((-63.881868+((0.030406aqx16)*43187.851844))*(((x1*x1)aq(x13*x13))*((x17--0.058419)aq(x11aq-4.557000))))*8191188459.832777)+-13736400698933024.000000)*-0.921675))+(((-0.001026+(0.000000*((((743076.643612*x12)+-0.000018)+-61826.481251)*(((1.864443*x1)+-0.113659)+(-2.323010*(x1aqx0))))))*9954493415698320.000000)+(762111282022796.750000+(1.296782*(-13208305.118967*(((-0.000000*(-64101563530986344.000000aqx1))+-359075.708024)*((0.593203*x1)+((x0*-6.279125)+-0.691950)))))))))))
sbp,645_fri_c3_500_50,ok,50,200,0.725348,0.481297,267,2156.98,,-14.399240+0.385195*(((((((((x3+(((x4*x4)*0.843659)+-0.740121))*3.276060)+(-1.511342+((x1aqx0)*-15.434721)))+(-0.587769+(((-0.389480+(-4.674032*(x1aqx0)))+(((4.706828*x1)+0.521750)+0.041986))*5.661164)))*0.886465)+((((((-0.389480+(-4.674032*(x1aqx0)))+(((4.706828*x1)+28.576951)+((x0*-1.896076)+-22.622390)))*52.818579)*0.208624)+-16.278665)+(53.790223+(-0.389471*(((x20*x7)-(-10.666364+((4.064936aqx1)*7.869146)))*(-10.191164+(((4.064936aqx1)*7.764888)*0.335248)))))))*0.146745)+((((((-0.389480+(-4.674032*(x1aqx0)))+(((4.706828*x1)+28.576951)+((x0*-1.896076)+-22.622390)))*(24.360244+(((-0.389480+(-4.674032*(x1aqx0)))+(((4.706828*x1)+28.576951)+((x0*-1.896076)+-253.617151)))*0.110779)))*(((((((x43aqx21)-(x41aqx27))-((x29*x21)*(x27+x7)))-(((x11*x26)aq(x20aqx38))+((x30+x25)aq(x1+x30))))-((((-7.831669*x2)+-1024.753111)+((x48*x4)*4.788825))+(((x29+x22)-(x49aqx1))aq((x40aqx13)+(x22+x20)))))*0.012746)+-21.335164))+-15.969703)+((0.059930*(((-1.416986+(19.494211*(x3aqx11)))+(((x3aqx9)*-11.046809)+1.080240))+(-0.198296+(((x28-x2)*(x43aqx43))*-4.134366))))+(((((((x3aqx37)*5.637201)+-0.167006)+(x29aqx16))-((x30-x39)-(0.031686+(-2.423941*((x23aqx6)+(x25aqx18))))))*0.069717)+11.921491)))))
sbp,646_fri_c3_500_10,ok,10,200,0.910607,0.255218,339,2012.29,,-205461.009223+-0.000003*(((607.213928*(((((-0.000014*((((x1*x0)*97543.687022)+119313.461459)aq(x1*x0)))+-106811.254658)+(-0.132810*(-997565.288783+(-0.000000*((x4-3237991704.648587)aq(x1*x0))))))*((((0.051546+((x1aqx0)*-2.458117))aqx1)+(x4*x4))-((0.953556*((((x7-x7)aqx1)+(x4*x4))-x1))+((((-7.085899*(45883.105295-x3))*0.216663)*-0.114023)+(((x1-x0)*-0.287616)+(((x2*x4)*-0.024182)+((0.042802*x1)+-41819.915781)))))))*((-0.637645*((((x1*x0)*17934.316303)+((-17934.316303*(x1*x0))+-0.000000))*((((0.000000-3237991704.648587)aq(x1*x0))*0.000232)+(747255.153047+((x1*x0)*-186112.128756)))))+-0.047128)))+((-0.012199*(((((24.853145*((-490765.325565*(x1*x0))+295762.316909))+(((1847022112147.614502*(x1*x0))*0.000007)+-7350622.035374))*-0.000088)+(-1967367.041366+(14.459180*((((x1*x0)*97543.687022)+119313.461459)aq(x1*x0)))))*((((0.051546+((x1aqx0)*(-48.075283+(x2*29.157006))))aqx1)+(x4*x4))-(((-0.863744*(((0.000000aqx1)+(x4*0.000000))-x1))*-1.001479)+0.561005))))+((((((((x4-3237991704.648587)aq(x1*x0))*0.000232)+((-181853.311674*(x1*x0))+752920.981352))*((-0.000508*(((712100.299650*x1)+-69859.382596)*(-145534.987379aq(-12.903000*x1))))+-21.866099))*-0.000000)+(31931816349.316181+(((((x4--34.979305)aq((x2*0.262077)+7.667533))*-1142388.555455)+-81977018848.016052)*0.574365)))+((((((10310712244416739328.000000+(5974760957940678656.000000*x5))+((-7338148347299683673047040.000000*x5)+-11888434073089668546560000.000000))aq(-748287161459075710976.000000+(-17893111283199550.000000*((0.042802*x1)+-41819.915781))))*-0.000000)+-15155903427.424391)+(((((((x0*14442257546458.169922)+2528081306015.886230)+(-2527303972610.458008+(-14440189741191.990234*x0)))aq(((30197.746080aqx0)*2170932426.805335)+-36640387480542.828125))*-13830203.262235)+-11912107557.284367)+((((((x4*789693838645.281494)+-2647755483482.513184)+((x1*5755156193039.669922)+1040115097193.758911))aq(((30197.746080aqx0)*2170932426.805335)+(-48355031516201.726562+(-2564002661189.753418*x7))))*3485.921562)+(-11912105878.870861+(((x4-0.000000)aq(x1*x0))*-20797.921358)))))))))
sbp,647_fri_c1_250_10,ok,10,200,0.848358,0.407976,417,2020.26,,-0.375802+0.000000*(((((-281.777433+((-15.676883*(((853201.542757+(-1094581.580214*(x0*x0)))*(0.102236+(-0.044975*(x0*x2))))*(0.000058+((-29518689.926626*(x0aq0.000000))*-0.000000))))+772.409173))+11097.627779)*((-152.476157*((-27.853531+((1.858756*(((x3-0.000000)+(x0*x0))-((0.000000-x4)-(9.329000aqx1))))*-3.138587))+((((((x0aqx0)-(0.437787+x1))*7.242580)*-0.254035)+((((0.000000+x1)aq(x0+x0))*-2.453271)+2.701719))*-21.320924)))+((((((((0.000000+0.000000)-(0.000000+x3))+((8.123000aqx8)aq(x2*4.174000)))*(0.102236+(-0.044975*(x0*x2))))*-0.761833)+(((((53.237868-0.000000)aq(x1+x0))*0.044112)*0.471181)+((((2.540339+-4.600748)aq(x1*x1))*0.901679)+-3.556575)))*2962.430323)+(-9700.238180+((((91.940707*((x1--3.688450)aq(x1*x1)))+-535.594839)+(-0.006155*(((53.237868-x0)aq(x1+x0))*(1322.404398+(x0*960.237528)))))*((-0.001234*(((x2aqx3)*(x2+0.000000))*256.873341))+((-0.199088*((8.123000aqx8)aq(x2*4.174000)))+(-6.481823+((0.000000+x4)*0.173368)))))))))+(((((((-20.337477+(-0.536930*((8.123000aqx8)aq(x2*4.174000))))+((15.516881+((8.123000aqx8)*-0.408017))+(((8.123000aqx8)aq(x2*4.174000))*1.449002)))+(-0.062813*((((-17.920069*x1)+-5.294325)aq(x1*x1))*(8.463750+((9.329000aqx1)*-1.404509)))))*0.993859)+((((((50619.145682*(-6.745000aqx2))+222121.257001)aq((x0*x4)aq(x6-x4)))*0.000046)+2.746520)+(0.000202*(((853201.542757+(-1094581.580214*(x0*x0)))*(0.102236+(-0.044975*(x0*x2))))*((((0.000000--0.066823)aq(x1+x0))*-0.000050)+((0.000058*(14514.898895aqx1))+-0.558504))))))*3038477.464941)+((((1.593007+(((((3737743.458352*x1)+-5.294325)aq(x1*x1))*(8.463750+((9.329000aqx1)*-1.484549)))*0.000002))*(((853201.542757+(-1094581.580214*(-0.379343*x0)))*(0.102236+(-0.044975*(x0*x2))))*((((0.000000-x0)aq(x1+x0))*(-0.000094+(-0.029341+(0.043203*x0))))+0.000003)))*-429.397623)+(((((-0.001234*(((x2aqx3)*(x2+0.000000))*256.873341))+((-0.199088*((8.123000aqx8)aq(x2*4.174000)))+(-6.481823+((0.000000+x4)*0.173368))))*(((((x2aqx3)*(x2+0.000000))aq((x0*x4)aq(x6-x4)))*4.524388)+70.228049))*-79970.324901)+-64857288.687660)))))
sbp,648_fri_c1_250_50,ok,50,200,0.845597,0.360063,419,2015.77,,13.442512+-0.000016*((((944.837667+(0.013817*((-199.506576+(((-0.137095+((x1aqx1)*-4.263140))-((-1.318219+(x1*-5.094375))+(4.829061*(x1aqx1))))*42.350115))*(((-1.891223*(((3.156750*x0)+0.394600)+((x1aqx1)*-4.263140)))+0.620427)*(((-0.137095+((0.000000aqx1)*-4.263140))-(0.079381+(4.829061*(x1aqx1))))*(4.764669+((-4.674428aqx1)*1.446671)))))))*(((((((-1.137090*((x4aqx32)-(x1aqx9)))+0.047279)-x3)*13.791758)+((((-5.129616+((-394.545888aqx1)*-0.018131))*(((-364577.271792*x2)*-0.000008)+-0.519957))*7.139785)+178.212886))+((((-3.293642*(((0.000000-x4)*3.019120)+113.358289))+795.820586)+(-0.000097*(((1331.206144+-618.168427)+(108046.075094*x2))*(((3.156750*x0)+0.394600)+((x1aqx1)*-4.263140)))))+(((0.625060+(2.607630*x1))+((x1aqx1)*-4.263140))*-62.636735)))-(((0.197288*((((x3aqx33)*83.931421)+-0.352516)+(-0.670421+(((x40aqx46)-(x21+x9))*14.999191))))+-0.380645)-(((((((x0*-2.999876)+790.335212)+(4.829061*(x1aqx1)))*7.857795)+-6033.568436)+(-1.286351*(((-6.803837*(-4.674428aqx1))+-23.511612)+(7.943493*((x4aqx32)-(x1aqx9))))))-((((5.549240+(-0.056688*(124.806395aqx1)))*(-3.915373+((-4.674428aqx1)*-1.112336)))*-21.381303)+((((2202.404856+(2.607630*x1))+((x1aqx1)*-4.263140))*19.109861)+-42284.665935))))))+(((-528378.247954+(1.071592*((-34.040887*((-6.803837*(-4.674428aqx1))+(9686.595903+(-103.653763*x35))))+(-162398.426398+(((-247.677758*(x3aqx33))*(0.019417+(x47*0.022383)))*-748.924637)))))+(((4.513128+(-5.112759*((-5.129616+((-394.545888aqx1)*-0.018131))*(((-364577.271792*x2)*-0.000008)+-0.519957))))+((((((x27*x43)*(x22-0.000000))-((x47+x1)*(x36*x17)))*(-16.574920+((x1+0.000000)*-10.450771)))*0.663350)+(((((x0-x4)*3.019120)+(66.373920+(x1*-10.344241)))*2.273161)+62.818621)))*319.647714))+(((((((x49*96258.393880)+107004.432244)*(x36*x17))*-0.027508)+501020.635842)+500963.646999)+(((-19.203893+(-1116351744218952.625000+((((x14*x43)*0.000000)+153.911464)*7253207257512.054688)))*(((-1.891223*(((3.156750*x0)+0.394600)+((x1aqx1)*-4.263140)))+0.620427)*(((-0.137095+((0.000000aqx1)*-4.263140))-(0.079381+(4.829061*(x1aqx1))))*(4.764669+((-4.674428aqx1)*((x11*0.043882)+1.416445))))))*-0.821434)))))
sbp,649_fri_c0_500_5,ok,5,200,0.556031,0.527331,411,2010.92,,-115.445721+-0.053906*(((((0.036249*((64.656026+(-0.000000*((-0.266029+(-1223400.066809*(x1*x1)))*(x0*(-497.381242+(794.449515*x2))))))+((0.196411*(((-5.006955+(x1*-41.213801))*((-4.815000aqx0)-(x3+-4.427521)))*(((-4.815000aqx0)*0.263209)+0.758215)))+((-0.946086*((-289.005375-(x4+x1))-((x0+x0)-(x0-x3))))+((((x2*x2)*1.527110)+-1.357871)+(((x1*x0)*(x3*x4))*-1.845867))))))+-22.650340)*(((((1.005762*((((x4+x0)-(x4-x1))-((x2-x2)-(x3-x1)))+(((x4aqx2)aq(x2-x2))-(3.033244-(x1aqx3)))))+0.216199)+((0.791012*((-8.110000+x3)aq(x2aqx1)))+((-0.156489*(((x3-x2)+(x1*-0.236000))+((x0*x0)*(3.783000-x0))))+5.870802)))*0.582021)+((-0.183298+(0.330028*((0.413576*((x1*x0)*(x3*x4)))+(((-0.352498*(x1*x1))+-11.329960)+(((x1+x0)aq(x0+x1))*0.675347)))))+((0.158596*((-4.062401+(3.005612*((x3aqx4)+(x0aqx1))))+((((x3--8.793451)aq(4.671000-x0))*-6.570162)+16.284753)))+(((((-5.006955+(x1*-41.213801))*((-4.815000aqx0)-(x3+-4.427521)))*0.002502)+-2.004234)+(((-17.196153+(-3.403872*(x1+x0)))+(((x1+x0)aq(x0+x1))*8.240483))*((0.000153*(134.427882aq(x0+x1)))+(((x4*x2)*-0.003551)+0.102926))))))))+(((-4.487711*((2.815576+((((-5.006955+(0.000000*-41.213801))*((-4.815000aqx0)-(0.000000+-4.427521)))*(((-4.815000aqx0)*0.263209)+0.758215))*0.107338))*(((15.770292+(-14.638785+(0.111865*(x1aqx2))))*(((0.271422-(x1aqx3))*0.872703)+10.548982))*(0.231953+(((2057.734967*x0)*(x3*x4))*0.000001)))))+(34.450503+(((((((x2*x2)+(x3+x1))*-41.833076)+55.250304)aq(x0+(71.007380+(-67.194584*(x3-x2)))))*-0.306659)+-1120.717615)))+(((0.000002*(((-0.180514+((x3+x4)*-0.651245))+(-0.025631+(0.671132+(-0.024102*0.086188))))*(((((x2aqx0)+(2.490000+x2))*((x2-x1)aq(x1+x1)))*(498300.153247+((x1*x1)*-343376.551317)))+40.738783)))+-560.919028)+(-561.281235+(-0.000255+((80.626335aq(295.061015+(-324.770963*((x1*x0)*(x3*x4)))))*1.137099)))))))
sbp,650_fri_c0_500_50,ok,50,200,0.932674,0.219041,329,2004.5,,-48.058521+0.000336*((((((((((((129.242333*x45)+-3.253600)*(-11.545262+(-45.645448*x6)))*-0.000300)+-1.542105)+((-2.147044+(0.607256*(x3+x22)))*((0.002602+(-1.007875*x1))*(0.000000+x1))))+(0.068575+(((((x28-x1)*0.191777)+(-0.068869+(-0.282144*x41)))+(x19*0.268760))*5.167562)))*-0.166629)+322.314251)*(((-1.972955*(-2.953679+(((((x0+x1)*-13.094232)+15.846115)*((13.427588+(23.263240*x0))*(0.625809+x1)))*-0.002856)))+-30.261884)-(((x3+(((1.782661*(x0+x1))*0.430896)+(0.119268+(0.645112*((x42aqx35)-(x42-x4))))))*-4.946648)+((0.537001*((0.001059*((1378.666268+(x1*-0.009846))*((x42aqx35)-(x42-x4))))+-790.123889))+((((2.218088*((x42aqx35)-(x42-0.000000)))+-23.006818)+((((-0.530085*x0)+3.262481)*((0.115451*x0)+0.605565))*-11.989403))+(((3182.849410*(0.004993aqx2))+-12.049081)+(((x28-x1)*0.206502)+0.237763)))))))+(-30385541.558181+(((((((-2.147044+(0.607256*(x3+3.271136)))*((0.002602+(-1.007875*x1))*(0.000000+x1)))*(-2507102039.356415+(-13474404.804078*((x42aqx35)-(x42--186.238766)))))*0.000001)+((-0.000000*((-2.147044+((-2.097963*x4)+2.004827))*((0.002602+(-105453.735565*x1))*(917.222284+(x8*-1601.189322)))))+-505603.569832))+((((((14201158.906231*x33)+10383792.845465)*(1918.078199+((-16209.791764-x33)*0.118333)))*0.000001)+2.853657)+(((((1.174737+(x1*2.422300))*(-11.545262+(-45.645448*x6)))*0.017476)+0.670866)+(((-1.949548*(x26*x49))+0.125449)+(0.021897*((x0+x1)*(-50.639014+(-59.580590*x19))))))))*((-0.003301*((((((-5.013309aqx35)-(x42-0.000000))*-0.231245)+11.598848)*(((-0.000540+5.114293)aqx2)*((152.508193*(0.004993aqx2))+-1.178867)))*(0.090897+(-0.000004*((11.359537+(x41*-759.790604))*((x42aqx35)-(0.000000-x4)))))))+-60.105540)))))
sbp,651_fri_c0_100_25,ok,25,100,0.64854,0.686966,509,2013.18,,-497.291923+-0.000695*(((((((-33.467271+(-135.723129*((0.000001+((x12-x5)*-0.000011))*(((0.000000+x16)*(0.000000aq0.000000))-((0.000000+0.000000)+(x0-x7))))))*(((((105818617462079382093824.000000+105818617462079382093824.000000)*(0.000000+(0.000000*x1)))*-0.000000)+-0.000099)+(-33.467903+(((0.000000+x13)*(x10+x16))*-0.001204))))*-2.965669)+2791.679579)*((0.043891*(((((241.951973+(0.000369*(-23006.024166aqx2)))+(-1.863849*(-0.166965*(-256.121490aqx2))))*0.680239)+53.805984)-(((((x21-x10)+(x21aqx24))*((x9-x5)aq(x5+x24)))-(((24.501700+(-2.027795*x1))*((0.000000+x3)+(x1+x0)))+-130.737657))+((((x14+x4)*(-7.804000-x24))-((x5+x9)aq(x3+0.723000)))aq(((x2-x17)aq(x10+x24))-((x23*x6)*(x24+x23)))))))+(((22.726707+((9.661000aq(115.262718+(1262.800151+(810.821370*x0))))*-14.247565))+(0.193715*((1.325401*((100.052711+(x1*0.000000))-(x12-x4)))+((((x15-x6)*(x10*x16))*-2.287854)+((-0.979835*(x15-x3))+-16.818096)))))+(((((0.229936*(x8*x20))+-584.726041)+(0.000000*(((243051.149839*x7)+143539.398991)*((36.718269*x4)+18.397568))))+((((94598455365.797180+(x10*473958941094.559570))aq((0.000000-x3)-(-5.121000aqx12)))*(((0.000000+x16)*(x9aq0.000000))-((0.000000+x15)+(x0-0.000000))))*0.000000))+((-1.831222+((((x10-0.000000)*(0.000000+x2))*(-277709.502509+(x20*725924.228284)))*0.000000))+((((-0.899064+(x12*-0.113089))+(-0.000000*(41742836.187614aqx7)))+(((0.000000-x4)*-0.250342)*0.789262))+(((x2*x13)*0.191352)+(((0.000000+x3)*0.142364)+(178.217028+(0.108267*x2))))))))))+((-779.778108*((((((-4410.665064*(x0-x7))+-3589.689798)*(((0.875059+x16)*(x9aq0.000000))-((0.046074+x15)+(0.000000-x7))))*-0.004133)+((((((7.305761*x1)+3.692316)*(7248.556521+(x1*-30194.155613)))*-0.000285)+64852.838252)+(-22.498749*((((x0-0.000000)*-1.000000)+-0.000000)*(x0-x7)))))*((((((946.587215*(-206.676884-x12))+195570.842114)aq(4450462076.603318+(-3030835526.789296*x10)))*(((0.000000+x16)*(0.000000aq0.000000))-((0.000000+0.000000)+(x0-x7))))*-0.374398)+((((12.278293+(-2.617186*(x8*x20)))+(((x24+0.000000)*1.791082)+((x18*-2.157236)+12.265104)))*0.000000)+((-0.000000*(((1474465382893713134452736.000000*x21)+105818617462079382093824.000000)*((0.000000-x12)*(x3+0.000000))))+(-0.002234+(((0.000000-x3)-(-5.121000aqx12))*-0.000002)))))))+((-510632.204041+(((((x10-0.000000)*(0.000000+x2))*(((-419750220626.845215*0.000000)+261708382792.633484)+(x20*725924.228284)))*((0.612753+(0.000015*-17594.924188))+(0.344277+(3432.938467*(x23*x6)))))*0.000000))+(-139739.641650+(((((((0.299082*x18)+-482.742022)+(0.000369*(-23006.024166aqx2)))*-21.728708)+-213895.728814)+(-22.498749*((((x0-0.000000)*-1.000000)+-0.000000)*(x0-x7))))*1.824868))))))
sbp,653_fri_c0_250_25,ok,25,200,0.913621,0.286607,443,2007.38,,3134402.558548+0.000000*(((((1188.398597*((4384.439857+((((0.000000-x0)*(x0-0.000000))*(362.480016+((-7697921.032377*x1)+-9609694.046695)))*0.000002))+(((((0.953040*x2)+-0.065121)+(-232.582382+((x4aqx7)*1.814903)))*20.450765)+9162.241048)))+-8835181.228256)*(((((((3860637649.963200+(42260.986108*(0.000000+0.000000)))+(((0.000000--3691404548488.765625)*(x0-0.000000))*(-161269495964.037689+(-128935118747.173645*x1))))*((x1*(-295.003969+(0.053072*-626.215385)))+328.826930))*-0.000000)+(971.286415+((59.259128+(-45.799438*(x8+x23)))*0.116274)))+((((((0.179599+(x3*0.380778))+((9.131000aqx2)*0.520997))*(((x3*-0.300742)+-19.735786)+(142.840348*(x1+0.000000))))*0.002316)+2.825379)*(55.551312+((((0.000000-x0)*(x0-0.000000))*(0.401044+(x1*1.829089)))*19.286567))))*((-11.294123*(((((-6.788800*(x4+x3))+-0.462597)-(x6aqx19))+((-15.872983*((0.000000+x3)+(x1+x0)))+96.187461))-(29.556443+((((-0.352114*x4)+-1.255204)+((9.131000aqx2)*0.520997))*-11.839842))))+(((((-0.035567*((0.000000-x0)*(x0-0.000000)))+(-0.024695+(0.020204*(x1*x6))))+((((0.000000-0.000000)*(x0-0.000000))*((0.000000*x15)+19.208282))*-0.000576))*-1671.520493)+((((((-0.999970*x1)+0.000022)*x1)*77.587719)*0.912385)+(2111.048922+(((-1.000000*(x1*x6))*(55429.305399+(-112631.271649*x10)))*-0.000276)))))))+(((((((31.021253*((-1136.151251+(-0.282684*x7))+(-0.437931*(10.235761+x16))))*-0.000191)+(((((x6*-904900634826634077151428608.000000)+-98927464801400884769587200.000000)*((0.000000+x3)+(x1+x0)))*0.000000)+-6.785416))*-11661449259474.724609)+108297713599.650909)+(-0.020702*((98076864.385374+((((-1.000000*(x1*x6))*(1.317204+(1.848708*x24)))*2020797.028379)+-145784668.445709))*((((((-0.352114*0.000000)+-1.255204)+((9.131000aqx2)*0.189070))*(5.699468+(-2.253868*(x1+x0))))*-55899.738635)+(28421.214816+(-3801.293068*(((-0.352114*x4)+-1.255204)+((9.131000aqx2)*-12.753056))))))))+((((684505148.028466*((((x14aqx4)*(x23+x0))*((x10aqx10)-(0.000000*x9)))*(30.792510+(x9*-73.603492))))+-1269953482849882624.000000)+(96759.879356*(((((0.000000-x0)*(x0-0.000000))*(327.142747+(426.428304*x1)))*-551.874644)+(((-420533.457914*(4.301958+(-0.626916*x23)))+710439535.134847)+(-13125502567142.585938+(312583.894752*((0.000000-x0)*(x0-0.000000))))))))+(763899244253.909424+(0.000000*((((-23100588317.059944+(-5633832410.015821*1610612736.000000))+(42260.986108*(0.000000+0.000000)))+(((0.000000--3691404548488.765625)*(x0-0.000000))*(-161269495964.037689+(-128935118747.173645*x1))))*((x1*(-348.383030+(-4380.497904*(x12-x4))))+328.826930))))))))
sbp,654_fri_c0_500_10,ok,10,200,0.940594,0.253399,353,2012.27,,-19.272842+-0.028183*(((((-0.172279+(-0.534407*(((-13.558812+(((5.095000aqx2)-(x4aq-2.547000))*3.390180))+(-1.461748*((x1+-0.435795)+(2.805000*x3))))-x4)))+((-0.005503*(((37.083466+(-1223.742214+((x1+x0)*-257.468924)))-x6)aq(x0*x1)))+((1.228621*(((5.095000aqx2)-(3.645068+((x2*x2)*-0.898339)))*((0.864533+(0.166091*(x2-x0)))+0.951258)))+((((((x0*1.694995)+0.903447)*(-5.777000aqx1))+8.521219)*-0.100028)+(((((-0.245553*x1)+0.306758)aq(365.379094+(-445.578237*x9)))*72.969660)+((-0.113040*((7.970000-x6)aq(x0*x1)))+(-6.889081+((x9aqx7)*-0.206361))))))))*-9.224431)+(((((-0.024922*(((7.970000-x6)aq(x0*x1))*(0.511301+(-22.020883+(9.382558+(-2.402002*0.000000))))))+((((((x1+-248375.710912)*9.690342)+2406843.605907)*(x0*x1))*0.051752)+((((7.970000-0.000000)aq(82.797165+(x0*33.253921)))*20.882086)+-70.883216)))+((0.002475*((407.257317+(360.032542*((x1+x0)+-1.207591)))*(x0*x1)))+(((-0.238206*((7.970000--14835.874606)aq(46.154700+(0.330608*x1))))+-0.118440)+((-2.201734*((7.970000-0.000000)aq((x4*-141.990068)+150.352892)))+0.020109))))*2.522751)+(((1.338386*((480864903959320.375000+(0.000001*((-189220336761602.500000+x0)*3941519.858588)))+(0.015274*((7.970000--14835.874606)aq(82.797165+(x0*33.253921))))))+((0.000009*((((x1+x0)*((1.986916*x1)+-1.999860))+(((0.000000+0.000000)*2.318483)+-0.845026))*(30391.609151+((344158.940448+(-2.070005*x5))*((7.970000-x6)aq(x0*-161.672428))))))+-1982.201363))+((4072386661.232431+(2.599411*((-0.238206*((7.970000--14835.874606)aq((x0*-58947.337669)+71872.064157)))+((-0.132555*(8898714013.303410+(4.789655*x1)))+-387092340.491978))))+(((((((x1+-248375.710912)*9.690342)+2406843.605907)*(x0*x1))*((((7.970000-0.000000)aq(x0*-10327.983786))*-58449.438122)+((-1960.452870*(-6.232000aqx0))+-7963.055338)))*0.000076)+((-0.000779*(((-794.180995*(x7+392507162.766468))+311721729481.589294)*((7.970000--14835.874606)aq((x0*-58947.337669)+71872.064157))))+0.202087)))))))
sbp,656_fri_c1_100_5,ok,5,100,0.839478,0.322201,455,2016.02,,-7.620637+0.002415*(((((0.537843*((((-1997732.619905*(x0*x2))+-229543.133757)*-0.000000)+((((((0.000000aqx1)*0.821680)+0.251772)*(((x1*3.852215)+-1.829553)aq((x1-x2)*(x3*-6.013000))))*-0.068910)+(((1.150663*((x0*x2)-(8.835000+x0)))+55.846015)+22.588129))))+72.470963)*(((((4.653056+(1.787561*((x3-x1)aq(x1*x0))))+(((x2+-8.764000)aq(x1+x0))*-0.918707))+x4)*1.000000)+((((9.339763+((8.786554*((x1*x0)*(x1+0.000000)))+-18.780898))-(-79.074221+(((0.977978aq-5.255000)aq(x0-0.959000))*662.477827)))*0.065683)+(((-0.208172*(((x2+30.283866)aq(x1+x0))*(-1.097447+((x1*x0)*-0.612368))))+-3.279338)+((0.403828+((((x1*x0)*(x1+0.000000))*((11138.197479*x3)+10526.865761))*0.000019))+((((-36.483708+(x0*4.535210))*(x2*x2))*-0.017319)+((((x1aqx1)*(0.000000*x4))*-0.431730)+(((0.049607*x1)+34.724776)+((-6.818000aqx4)*0.150284)))))))))+((-0.000000*(((((1.625740+(0.000631*((0.000000+x0)*(x3*x0))))+(((-1.845724-(x0+0.000000))+((x0*0.000000)*(x1aqx0)))*(0.010514+(-5723.996775+(-1235.961166*x0)))))*(589015.955631+(-1.000000*(((x2+21.906938)aq(4.393925+x0))*115122.319276))))+(2441511001.280811+(0.909925*((((0.000000*x0)+1.845736)+(367717.399121+(x0*0.000000)))*(0.010514+(-5723.996775+(-1235.961166*x0)))))))*((((((-16.830280-(x0+0.000000))+((x0*x0)*(x1aqx0)))*(-5.719651+((x1-x3)*-0.077923)))*-41.959660)+3782.533293)*(((((-1.904000aq-7.931000)aq(x1+x0))*-53.363452)+(-9.934551+(2.746081*((x4aqx3)+(x1*x0)))))-((((x1-x4)+(x2-x0))*-2.479073)+(-0.113614+(1.328329*(1.073617*(x2*x1)))))))))+((816.022970*(((((((-11.825000aqx1)*0.000480)+0.046960)*(-2.489598+((x1*x0)*-0.038495)))*((0.003352*((x0+x0)*(x3*x0)))+-0.706578))*((0.000000*((x1*x0)*(x1+-17897855.411023)))+11.821646))*(-2.697620+(((((x2*x2)*-0.000000)+0.000000)aq((-3732461097859.241699*(x3aqx0))+1871232800803.617920))*-9899436271570135040.000000))))+(((0.341688*((((x0aqx3)*((x2*-86855507999756585756174255191490560.000000)+74355633405661735095766391046799360.000000))+-38837284639730565120000.000000)aq((1351072713489588067283750197657600.000000+(x2*-1502005536451343252934499818799104.000000))+1871232800803.617920)))+((((-158.872740+(-9.187084*(x4*-13.181212)))aq((-3732461097859.241699*(x3aqx0))+(29243532996.220734+(x3*2898248897170.059570))))*-6244562498.944057)+2.838922))+((1.059330*((((0.384094+(0.510188*x1))aq((x1-x2)*(x3*-6.013000)))*(-1.238548+((x3*x2)*24450.503042)))*0.005829))+7.348939))))))
sbp,657_fri_c2_250_10,ok,10,200,0.876385,0.364391,363,2033.56,,-635.730160+-0.000000*(((((((4.106639+(-0.239944*(((x1aqx6)aq(x2*x0))*(((x1*x1)*42.457159)+(-51.519650+(x0*42.217250))))))*(((-8.519341*(((x1*-1.158358)+-0.084577)aq(x1*x1)))+0.426657)+(0.000198*(x0*(-124309.022858+(76516.900886*(2.454000aqx1)))))))*-0.216622)+-89690.978874)*(((-37.511278+((((((x1aqx7)*29.856182)+-15.246353)+((x4-x0)*6.073835))+(13.072667*(((0.000000-0.000000)+(x2*x0))*((0.000000+x2)*(x1aq-5.800000)))))*0.617475))+(-2.223109*((0.000189*(x0*(-110481.269623+((2.454000aqx1)*67399.544508))))+(((x2-x3)*5.215556)+30.765581))))+(((((3.537953*((x1--0.261674)aq(x1*x1)))+4.807595)*((-0.202345+(((x1aqx6)aq(x2*x0))*-5.337562))aqx1))*2.361439)+((0.000000*((-846997.078359+((750.034065aqx0)*1242.060184))*(-110481.269623+((2.454000aqx1)*67399.544508))))+(((4.194434*((x4-x0)+((x0*1.713959)+-7003.072912)))+33.317677)+((-0.052609*(((x1aqx6)aq(x2*x0))*(-34.250842+(x0*212.121306))))+((-0.006911*(1326.134421aqx8))+(((x3*0.000000)+-26690.443823)+((269173.974243aqx9)*0.000029)))))))))+((((((9465.724989*((36.219849+(27.383538*(x1aqx6)))+(((x2*x2)*6.628889)+(-41.355803+(-20.722592*x1)))))+-1020581155.051870)+(((2.091641+(((x0*x1)*43744236883113280.000000)+-5062857.970479))aq((x0*(-14.007871+(27.958543*x0)))aq(x6aqx8)))*-0.000000))*((-0.000000*(((-17.157069+(16.052444*(x0aqx0)))+(-6533681.531341*(-0.000011aq(1264800.047273*x0))))+((((x7*-1.972691)+-1.582936)*((0.000000+x2)*(x1aq-5.800000)))*-36.907717)))+((((((x2*2.030806)+0.957063)+(x2*x0))*(-15.106957+((5952.261395*x4)+4625.499208)))*0.000000)+(-0.003124+(((x0*3812946493994000248209408.000000)+(8388608.000000+(x0*-3812946493994000248209408.000000)))*-0.000000)))))*728.689403)+(106670621213.880569+(-86003.317580*(1348915.510096+(((47.534014+((48.397317aq(x1*x1))*(-1.488493+(x5*0.087389))))*((-151.810527+(-0.871410*(-201.879000aqx6)))*(((x1*1.158393)+0.302824)aq(x1*x1))))*-0.007147)))))))
sbp,658_fri_c3_250_25,ok,25,200,0.886669,0.30101,469,2010.09,,1.096759+-0.000000*(((((-2303011.254129+(((56.429651*(((6788211936846.502930+-6788211936846.500977)*((x1*x0)*2.047803))*(-11786831.006616+(-0.000000*(-45055371092636360704.000000*x24)))))+4367542.420658)+-484660.314758))+(((((0.013780*((896409.627197+(1295069.541691*x5))*(x3*x4)))+567311.340599)+(-14146768.737389*((-2604.023934+((8.709408aqx0)*204.211980))aq((17515801.140267*(x1*0.000000))+(44572.755456+(x11*-2347384.690423))))))+(-0.000793*((26584219675720.664062+((0.000000aqx0)*96355229243172552704.000000))*(-206790496.062641+(-3120807.698661*(x3-x1))))))*((((((0.000000*x24)+-0.000000)+0.013622)+0.013622)*-0.013622)+(((((-17616.904401*(-22.021838aqx0))+-568136.355039)aqx0)*-0.000005)+0.094578))))*(((-22.577003*(x3-(((((0.000000aqx20)*-2.694360)+126.600236)+((x3+x0)*1.802889))+((((x1*x1)aq(x13*x13))*((0.000000-0.000000)aq(x11aq-3.929000)))*0.947837))))+(-1193.622179+((((((1.713236*x3)+-1.785429)*(1.207718*0.733298))+(((0.000000+x0)*-2.903694)+85.816229))+(((x8+x4)*(x4-x7))*0.490441))*-14.483453)))*((-308.150363+(((((-12.555915*(x1aqx0))+0.146334)-(x19-x2))+((x5-6.297000)+(-0.025071+(10.155006*x1))))*-49.394316))+(((((x2+x0)*98.766963)+-1.174416)aqx4)+((((x5-x19)*52.626178)+24.356268)+((18.676955*(((x3+x0)*-2.903694)+(-97.116716+(5.529249*x0))))+(1831.062743+(((x24aqx24)+(0.000000+x5))*-15.234276))))))))+((((((-0.045190*(3384731.583342*((-0.840312*(x1*x0))+9061810.035498)))+1386046831371.230713)+((0.064968*((-2604.023934+((8.709408aqx0)*8430470875603.501953))aq((17515801.140267*(x1*x0))+9061810.035498)))+((-758.745907*((x3-x1)*((-55.287411*x7)+14.422998)))+((((x8+0.000000)*(x4-0.000000))*37364.266676)+-111480.961060))))*(-0.000176+(((-2604.023934+((8.709408aqx0)*204.211980))aq((46527.248758+(-17501039.585292*(x1*x0)))+9061810.035498))*-0.033005)))*2489394039527333429248.000000)+(((1408305118950372350623744.000000+(((0.029498*(((x1*x1)aq(x13*x13))*((0.000000-x1)aq(x11aq-3.929000))))+(-0.923118+(-0.000000*((x1*-1590741251203172206116864.000000)aq(x13*x13)))))*1505862652204769697857536.000000))+(((((0.094942+((0.000000*x1)*-0.019948))aq((17515801.140267*(x1*x0))+9061810.035498))*1139000186.838442)*(11.251688+((x1*x1)*(-22469.555268+((x1*x1)*13242.933663)))))*-885661384008122368.000000))+(((0.000166*(((0.094942+((x1*x1)*-0.019948))aq((17515801.140267*(x1*x0))+9061810.035498))*((51803857633164414487455802182336512.000000*((x1*x1)aq(x13*x13)))+-24675365017811563536602190411988992.000000)))+189783945334961416962048.000000)+((558831659725131240712437760.000000*((0.002597+(0.000013*((0.000000+x4)*(x4-x7))))+(-0.000000*(-719936.078163+((x8+x4)*13344.421193)))))+(-1838016315467023347875840.000000+(((-2604.023934+((x0*3.225094)+2609.884106))aq((17515801.140267*(x1*x0))+(-14843419.109068+419261.988207)))*13471944237528370029719977984.000000))))))))
sbp,659_sleuth_ex1714,ok,7,47,0.566966,1525.539032,631,2021.58,,1752579099382324.000000+0.000024*(((((((-0.201764+(((((x3aqx4)--3984472898.674734)aq(1508.422525-(x0*x4)))*-0.000000)+((2.453586*(x6+1201205871888188.000000))+-2947262393524314.000000)))+((-0.000000*(-3768785523483386368.000000+(((x4*-239783.043148)+-7537571021272227840.000000)+(0.002724*(-78732239338.554382aqx6)))))+(((((x2*-11.370019)+343.866077)*((-82580393254.498337*x1)+639437993237.799561))*(((x2*x0)*0.000152)+-0.093788))+-8673.956694)))*((((268146.681831*(((0.000000aqx4)-9.004682)aq((x3aqx3)-(x0*x4))))+((9.677480*(-2570009939642990.000000+(0.000000*199423306341767.718750)))+-12300159533693458.000000))-(((((x5aqx2)*-4520016281.527334)+2049969990.873058)*(226.138340+((x6*45.192861)+-450.501852)))+35702102981925344.000000))aq((457197630797200.000000+(10162649515163551531008.000000*(((0.000000*0.000000)+-0.000000)*((x4*1165595.285037)+-13792692.923085))))+(-2796.958626+(((13214930896.779659+(-6619671489.358967*0.000000))+((x6*41498572.720000)+1773219047.499227))*((2626268324.126266+(x4*-157387869.570963))*((0.000000*1165595.285037)+-13792692.923085)))))))+(-7157370.988238+(0.000016*((((45022495.060151*(x1+x0))+-3084145669.482048)--78.400000)aq((((x1+x0)+(0.000000+x5))*-442.189837)+29374.946504)))))*(((((x5aqx2)-(x4+x2))+((x6+x1)-(x0+x6)))-((151.551250+(21.464678*((x1-x2)*(x5aq-40.795000))))+((x2+x4)+(31.303590+(0.014841*(((x4*x5)-(0.000000aqx2))*((x1aqx6)+(x5-x0))))))))*((-0.000016*(((((x1aqx4)+(x3+x0))*(((x3+x0)*16.228760)+-1858.978273))+1429.715065)aq((2.856208*(((x2*x0)+(x0-x1))aq((x1-x2)aq(x1aqx2))))+-91.760484)))+((14.227619*(((x2-x1)aq((-31030801.561621+(2053092.298998*x2))+-11.568000))*((-86.329699*((x3+x3)aq(x5+x4)))+283.072735)))+(-0.001361+((((117.832356+(x4*-80.828353))aq(-1054498.936258+(x4*325511.536293)))*19.241511)+(-0.127726+(((x0aq286.685440)aq(51.250000-x3))*-0.422546))))))))+(((((((x2--78.400000)aq((-438.085168*((x1+x0)+(0.000000+x5)))+28325.303430))*134.870564)+512.966099)+(((1.806972*((x1aq(-1054498.936258+(x4*325511.536293)))*(((x4*x5)*4364.061320)+-393857.386668)))+(((((0.000000-x5)aq(x4aqx0))*-1.227427)+(-5461977.010946+(0.248166*(x4+0.000000))))+((((x3aqx4)-9.004682)aq((x3aqx3)-(x0*x4)))*40.591055)))+((309.374893*((((x5aqx4)aq(x2-x5))*0.014159)+((0.000015*(x1*0.000000))+(45073.392176+(0.001346*x1)))))+((((117.832356+(x4*-80.828353))aq(-1054498.936258+(x4*325511.536293)))*-24986.739837)+((336.429183*(x2aqx2))+((-5330478.917964*11431304.902904)+((x0*-0.098073)+13944245.355306)))))))*1208531.554933)+(((((((0.020885*(46521502844169058754001966988955678722665581527078606405605450326799810560.000000*(x3aqx3)))+(((x3aqx3)*-971593414059578223520052162494863361943756071604381290083394421547597824.000000)+-18635145776929208517637499850147759672803867725752602460160.000000))*0.000000)+20118973456951.000000)aq((2.856208*(((x2*x0)+(x0-x1))aq((x2*0.628471)+2.794519)))+-91.760484))*-0.000000)+((-8879492657650417664.000000*(((0.000000*(((x3*0.000000)+1.836035)*((-24.275032aqx4)aq(x2-x5))))+0.000001)*((-0.000000+(0.000000*((x1+x0)+(0.000000+x5))))*(((x4*x5)-(57.163147+(0.000000*x4)))*((x1aqx6)+(x5-x0))))))+(((3119.761722*(((392048122089.108765*(x1-x4))+-7216356054.774414)aq((446258423129.905762+(17118257436.147863*x4))+((x1-x4)*-134751850557.174133))))+(31748320391718.351562+((((0.000000aqx4)--3984472898.674734)aq(1508.422525-(x0*x4)))*0.537677)))+((((((x5aqx4)*-650830.932976)+15874167465744.386719)+(-301267358899.082581*((-6780421.924170aqx1)*0.000000)))+((((x0aq286.685440)aq(51.250000-x3))*(-5291678.583564+(x2*64322.419072)))*26.247447))+(((((x3aqx4)--3984472898.674734)aq((829123819286538.000000*x3)+-16578593276440208.000000))*1714057996084.305420)+((101620.091617*((x3aqx4)-5044318426137.841797))+512619974768097472.000000)))))))))
sbp,663_rabe_266,ok,2,120,0.964676,9.933812,447,2004.77,,-5856665.391455+1.490204*(((((0.009114*(((x1+(x1-x1))*x0)-(27365.410152+(80.909382*(((-217.824000aqx1)+(-285.924000-x0))aq((x1+x1)aq(x1+175.422000)))))))+(287.444450+(((((((0.000000aq245.783000)aq(x0+-101.081000))+((28.732000*x1)aq(-242.864000-x1)))aq(((x0aqx1)+(176.497000+-143.108000))aq((112.975000aq167.907000)+(x1+x0))))*-201.732052)+27734.305280)*((0.000011*(((x0aqx1)+(176.497000+-143.108000))aq(35.113303+(x1+x0))))+(((((0.000000aqx1)-(x0*x1))aq((99630856.876927*x1)+-1535733826.294841))*-14.753776)+-0.009129)))))*0.974978)+((-0.000000*((((((-286.424000aq(200.980665+(x1*-4.717287)))*1723300.076679)+11042194.451771)*((((149211952743483072.000000+(x1*-7735929559083232.000000))+((x0*x0)*-26.889127))+((28.732000*x1)aq(-242.864000-x1)))aq(4.920004+(0.000000*(1101213576.688792aq(x1+x0))))))+7314.640750)aq(((((((x0+x0)-(-103.812000*x0))aq((x1aqx1)-(x1-2.850000)))aq(((x0--273.310000)+(-294.747000*x1))-((x1aq124.076000)+(84.762000*-96.986000))))*((((-119.881000+-277.432000)aq(-73.276000+x0))aq((x1+-63.281000)*(270.079000-x1)))*(((262.930000+-214.654000)*(x0+-71.039000))aq((x0aqx0)-(263.080000+x1)))))*2234857.548486)+(563.885077+(-14709.733495*((((x0+x0)-(-103.812000*x0))aq((x1aqx1)-(x1-2.850000)))aq(((x0--273.310000)+(-294.747000*x1))-((x1aq124.076000)+(84.762000*-96.986000)))))))))+(((-0.000000*((((-286.424000aq(200.980665+(x1*-4.717287)))*1723300.076679)+11042194.451771)*(1510387131862.399414+(-504454787744761927756010225664.000000+(327686662471173893500117712896.000000*((x1-0.000000)aq(x1+x0)))))))+((4595.367875+(21745.215053*((292533.270756*((x1*52.534000)aq(196.777000*x1)))+(((x1aqx1)*-2.077896)+(-78096.401443+(0.000004*x1))))))+(-0.041898*((x1*52.534000)aq(((1.938707*x0)+96.030026)*(106.252454+((0.244458*x0)+-110.146966)))))))+((((-0.001032*(((x0aqx1)+((1.802406*x1)+-8.466093))aq(35.113303+(x1+x0))))+(((-0.000500*(23.473151aq(x1+x0)))+-13856.501390)+((((x1aqx1)-(x0*x1))aq((209.548000aq9.310000)-(x0+x1)))*-0.000050)))*-283.627347)+((((((209.603021*(x0*x1))+129212.492641)aq(62.767363+(2.724440*(x1+x0))))*((0.000031+((x0*x0)*0.000005))+(-4418812.599553+((x0*x0)*1826.445289))))*-0.000000)+(((0.132023+(0.047771*(x1aqx0)))+(-0.000000*((-445914645921472117597143088953500368896.000000+(x1*1856124887137772407575963238400.000000))aq((-3.693019*x1)+182.520883))))+(3230412.548717*(((-15039.408867+(2288.648371*x1))+-4067.769626)aq(((x1+x0)*55726453485.684166)+867428522527.036621))))))))))
sbp,665_sleuth_case2002,ok,6,147,-0.156257,10.75346,393,2008.04,,32383.938975+0.000381*((((((((((((x2+x2)-(x4-x5))*((x5*x3)+(x3*x2)))aq(((-76.069000aqx3)*(x3aqx2))-((x0+x5)+(-87.617000+x0))))*0.213356)+221.440251)*((((-167.237000aqx5)-(x2aqx0))-((x1aq315.080000)+(x2-x2)))+(((x0+x2)-(-214.320000+x2))-((x3-x5)aq(x5aq-200.793000)))))*(0.001191+((((x2+x2)-((x4*67.186958)+-3912.004137))*((x5*x3)+(x3*x2)))*-0.000000)))*((((6.979227+((-7.902078+(0.224465*(209.588000aqx5)))*(x0+x2)))*(((130.697000*x5)aq(x1--326.116000))aq((x5+x5)+(-25.804000aqx0))))*-0.000098)+(-0.004543+(-0.000000*(((((x5aqx5)aq(x4*x5))*-682775832.452268)+-161384.502057)*((x5aqx5)aq(x4*x5)))))))*-208552.315172)+((((((161.028047+(-0.001405*((270.479667aq(x4-55.293748))*(508.336922+(-38003.978862*x1)))))+(((((x1*x4)*-182.656984)+10248.371263)aq((35807193.035700+(x5*-1998472.002270))-(-33074192.225548+-24711452.410308)))*2013326.776730))*1.079745)+349.782379)+(-16251023.846612*((-0.000178+(((((-214.320000+x2)*1077406.516826)+230224973.823199)aq((35807193.035700+(x5*-1998472.002270))-(46989218.819083+-76322399.220837)))*0.003420))+(0.000000*(((517.083378*((x3*x2)*(x1*x3)))+-72.405621)*((((0.000000aqx2)*6.562420)+((37785579896.097046*x3)+-56044578176.494064))aq(((x5*-261.736250)+10089.732850)-(-17951.744725+(x5*424.959708)))))))))+(((((((((x5aqx5)aq(x4*x5))*39317784006.290970)+((-389531699.781295*(33.119911aqx4))+201751044.924092))aq(((1971171.785689*x5)+-34454180.825495)-(-33074192.225548+(1773932.673250*30.103465))))*-205.516183)+((((((-214.320000+x2)*1077406.516826)+230224973.823199)aq((35807193.035700+(x5*-1998472.002270))-(46989218.819083+(-2733364.260895*x5))))*-6473.855808)+(35321943.713026+(-21054.144305*(1677.770218+(-0.108684*(x1+x0)))))))*1.621744)+(((11503.217110*((-2.881433+(5.966030*((33.119911aqx4)aq(x2-x3))))*(((6342.398627*(x5aqx5))+-5588.913134)aq(((x5*-261.736250)+13137.904815)-(-17951.744725+(x5*424.959708))))))+-42461347.395704)+((0.492276*((292206.822538+(3262823389.606351*x5))aq(((2212377.929691*x5)+-34973975.876754)-(-2705403.211728+(0.000000*x1)))))+(-42461822.938113+(-119985.219189*((-238596.579479+(8152.709539*(x4aq0.000000)))aq(((1971171.785689*x5)+-34454180.825495)--326.116000))))))))))
sbp,666_rmftsa_ladata,ok,10,200,0.636045,2.776591,377,2056.25,,-19743496735391.667969+0.000000*(((((((-0.000000*(((x4+x0)*(x1+x5))*((0.603044*((0.000000-x0)*(x0-x8)))+((461.852462*(x7aqx6))+11589.438082))))+0.000551)+((((32546241176542044160.000000+(266042571839049824.000000*(x7-x0)))+(((x7-x0)*-266042571839049856.000000)+-32546241176542048256.000000))*(((x7+x5)-(x8aqx8))aq((x5+x1)*(x8-x5))))*-0.000000))+((0.000000*((((((x7+-61.669947)-(x8aqx8))aq((x5+x1)*(x8-x5)))*1988427685432.913574)+183144274184.742828)*((((x5*-599899.771703)aq(x5*x5))aq((x6-x9)-(x3+x9)))+(148465.483910+(939.095998*((x9aqx8)-(x0+x6)))))))+(((((19933.734520*(-5.802081+(x6*x4)))+-2361261.960963)*((43801.639822*(x9-x7))+315057.439477))*-0.000000)+(((((x7+x5)-((1.043153*x7)+1.125356))aq((x5+x1)*(x8-x5)))*-0.006127)+((((-74.618630+(1.025109*x2))*(x9-x7))*0.000003)+0.000043)))))*163875284912210116608.000000)+((1.689476*((((((((x8*660906800159620031578112.000000)+-3775914725464540935356416.000000)-(-26341006745539039782995230720.000000+-57907649553573112910892193783218176.000000))aq(((-487062491018.815918+x6)*37757324.202491)+18390176380006127616.000000))*(-0.000000+(((-487062491018.815918+x6)*34732195777430461509205113150898176.000000)*-0.000000)))*-2195201831886090.250000)+(((0.000004+(-18353609.748868*(x0aq(4090250331241.546875*x0))))*123047186205084136859016523013838340096.000000)+(-227268791765006549165143016603648.000000+(-3802240470240862133133829626818083208580523484670867800064.000000*(((0.000000*41143312413880811520.000000)+-0.000000)*(x0aq(x0*4090250331241.546875)))))))+(((-0.000000*(((5784679323291673419346113308635655961206095742473616421105568841728.000000+(x0*-30787748295650662802888581530074046430735138757951522781114925056.000000))aq(x5*x5))aq(-10958002481.459827+((x8aqx4)*42304994435.979477))))+24384288582251240.000000)+(((-10030156333172654080000.000000*((-0.000453+(0.000032*x8))aq((x9*38.083800)+-1639.853244)))+870584218352551552.000000)+(0.000000*((x0aqx1)*35857105682304324884948597080064.000000))))))+(((0.448601*((-0.000000*(((x5*(-20348681246122441386146987658706944.000000+-446824318685595.250000))aq(x5*x5))aq(-10958002481.459827+((x8aqx4)*19473311052.009865))))+((((-0.000453+(0.000032*x8))aq((x9*38.083800)+-1428.646501))*-4985326879812168450048.000000)+25015409085070204928.000000)))+3699190523874491792855073292288.000000)+(((((((x5*(363674610853368010108192251631884277313919571469365049368516401109048888240444182388909175536677110736224256.000000+0.000000))aq(x5*x5))aq(-10958002481.459827+(18558043102.270866+(-85963853.502576*x2))))*0.000000)+24015209727452820.000000)+((((((-9562459706602120308379437933672425875934609799337497805717504.000000*x8)*0.000000)+-57658086734022656.000000)*x8)aq((54.928173*((11.034006*x8)+-49.054068))+-210.212573))*0.537870))+(3746419492963566.000000*(-1.056874+(((x5*x8)aq(-456.898738+(48.771029*(x8*x8))))*23.940709))))))))
sbp,678_visualizing_environmental,ok,3,111,-14.453874,11.498796,469,2009.78,,-4603681269.584351+0.000000*(((((-94762.364253+(-26223899600.985222+(0.000000*((((-1331336735176911534950712625799740835395206816033692059585963504683606493293779626816962560.000000*(x0-x2))+(-146330105117020195541965952031939390520766721730536649830652704184303222320309467200127762432.000000+(x0*2203391352413359975133300651364525478674870526466020778243952903762128000437043421434085376.000000)))+35445274926.982292)aq(-12028.582054+(42744.485495*((x0-0.000000)aq(x1-x2))))))))+(((-141247205276524593152.000000*((((10757.809141+(-796.224627*x1))*-0.000000)+-25139.175961)+((((-13108.509746+0.000000)*0.000000)+0.000000)*-0.000000)))+((-1.208265*((((x0--1411.531000)aq(x1-87.019043))*((2430536959132146073600.000000*x1)+4951295802904412160000.000000))+-7101676695028482762080256.000000))+-17452384958755551448137728.000000))+-168781549206095973209591882186752.000000))*((x0-(((((((x2-x2)aq(x0*x0))+((x1aqx1)aq(-1337.574000aqx2)))aq(((x2-x0)aq(x2+x2))aq((x0-x1)aq(x2aqx2))))aq((((x2aq-817.259000)+(x0-x0))+((x0-x0)aq(-347.773000+x0)))*(((-1353.396000+x1)+(x1-x0))+((x1*x2)+(x2-x0)))))*5902.882801)+(616.568828+((((x0--1411.531000)aq(x1-x2))aq((x1*x2)+(-226.625000+x2)))*-612.905970))))*((0.000000*(((-59125269428.505310*((933.308000aqx1)aq(x1-x2)))+35445274926.982292)aq((((x0aq-914.246000)*(946.607000*x0))+((x0*x2)*(x0-x2)))aq(((x0--265.449000)-(x2aqx0))aq((-65.557000*-738.672000)-(-415.869000aqx0))))))+((((-9.665164+((x2-x1)*-0.052789))aq((x1*x2)+(-226.625000+-14266.092165)))*-1.815447)+0.353984))))+((((((x2*x0)aq(x1+(-124.481030+(((x0*x2)aq(1299.226000+x1))*413.017330))))*(((149.509335+(11.593698*((x1-x2)aq(-674.769000aqx1))))aq350.551000)-(-2.506275+(-49.579397*(((x0--1411.531000)aq(x1-x2))aq((x1*x2)+(-226.625000+-14266.092165)))))))*172401715239304693196397068943360.000000)+(((-564.510000aq(-313.627158+(((867173.273808*x2)aq(1299.226000+x1))*0.007947)))*-14266252190819861465578828988416.000000)+((-5059833828377565167242488840192.000000*(((((x1*0.000004)aq(x1+-282.599000))*772868517.449241)+-14658.092912)aq(10858.752069+(154.986157*((-1326.069000*x2)aq(x1+1496.608000))))))+2213071413181519034495747976922068963819520.000000)))+((((((((-0.049076aq(x0*x0))+(-66511493738217576.000000aq(-1337.574000aqx2)))aq(((x1+x2)*-0.285009)+109.468851))*-0.000000)+16688165.280324)+((((((x0*x2)*(x0-x2))*-1.117641)+-50862.799857)aq((-2956915.533138+((x0*x0)*10241.858286))aq((-65.557000*-738.672000)-(-415.869000aqx0))))*-0.000005))*106930884913548818496677395839320064.000000)+((0.000000*((((-796058590007987628451202850106133490807995367424.000000*((x0-0.000000)aq(x1-x2)))+288707574604073342563113119073551954188588548096.000000)+35445274926.982292)aq(-12028.582054+(42744.485495*((x0-0.000000)aq(x1-x2))))))+((13588506428453699977216.000000*(((-0.049076aq(x0*x0))+(-66511493738217576.000000aq(-1337.574000aqx2)))aq(91866945918594.515625+((x2-2725122715.615753)*33711.123452))))+((-257032189106000242597184887848960.000000+((((-1.096815*x2)*(x0-x2))*(-90.150432+(2.026806*x0)))*-971211265278083256348049408.000000))+(((((x1*33214640084907596223105842018043813175714339284401557014741602271232.000000)+-7374534307227874003379658768626363630775714590291140630781954747269120.000000)+10790518485518277591166356615535263744.000000)aq(((-241772584745754893724567557404474314458254640926394443837200892616026019350132050435592595407403745280.000000*x1)+66897343711798659400330458021957985785502440268414741435661682217881047881451439617423595664722723078144.000000)+-7764.559698))*-275526621495135563243177119357472933094990152942670605494045900800.000000))))))))
sbp,687_sleuth_ex1605,ok,5,62,0.379976,16.540808,593,2009.54,,949.272994+0.000000*(((((((-546801753851966528.000000+((12460.324509*(((x3aqx4)*-9.826263)+43897147690565.679688))*0.999687))*-0.334398)+12055.795541)+(((((((-0.000053*(x4-65852505.280247))+-3521.256960)*(((x3-2349791885760.838379)*-0.999635)+((x3*0.999635)+-2348935007853.285156)))*((((-272.650000+x4)aq(562.599000+x0))*258313.511523)+-6729455.590892))*-20.820051)+-111522294.904413)*33415.440341))*(x3+((0.001156*((-5589.995218+(64806.478747*(((554.669000+x4)+(x2-x0))aq((x4*-4931.087526)+609825.552586))))-(((x0*x2)*(x3-x4))aq((-286.302000+x4)aq(197.773000+x2)))))+((-46.821736*(((((x1*x1)aq(x2+x4))aq((x3-x4)+(x2aqx1)))*(((x1aqx4)-(x3-x4))aq((x4aq595.311000)aq(x4aqx3))))aq((((x2*x2)+(x3--618.899000))+((x1+x1)+(-512.817000+-480.614000)))-(((x4*x3)-(x0-x0))+((x3-x4)aq(x2*x3))))))+(((521.418000aq(-98844.665635+((x2*x2)*8.841075)))*67.363092)+(((((x1*x1)aq1293.397977)aq((x3-x4)+(x2aqx1)))*2.582887)+((((x0aqx2)aq(-88.107000+x2))*-270.380761)+(0.422642+((x0*x2)*-0.006289)))))))))+((((((((((x1*x1)aq116.767704)aq((x3-x4)+(x2aqx1)))*((-0.983206-(x3-x4))aq((0.000000aq595.311000)aq(x4aqx3))))aq((((x2*x2)+(x3--618.899000))+((x1+x1)+-12847.650090))-(((x4*x3)-14841.987193)+((x3-x4)aq(x2*x3)))))*10012.803668)+((5591266.393886+(6484815.209235*(((x3-2349791885760.838379)*-0.999635)+((x3*0.999635)+-2348935007853.278809))))+(0.000926*((((x4-x3)+(x2+x2))-((x2--185.595000)+(0.000000-x4)))*(((0.000000-0.000000)-(680.894000*x4))aq((x4-x2)*(x1aqx4)))))))*((((((x3--165795933076533632.000000)*-0.000265)+43897147690549.867188)+0.859024)+((((12.717316+(x3*-0.094139))aq((x3-x4)+(x2aqx1)))*(((x4*18.435256)+-1812.385627)aq((0.000000aq595.311000)aq(x4aqx3))))*((0.000000*((x2-119.505518)*(-78.922176+x3)))+-0.000033)))+((((1730966145020771.000000+((x2-x4)*-46993949252293.898438))aq((-116.204758-83925768678.224930)*(-15549751421964.695312+(x4*140828497580.956726))))*-270797.912203)+((-0.000000*(((x2*257520140087136758163102731012937875456.000000)+-29006003981682603872126595470156235800576.000000)aq((4442872467984.595703*x1)+-300442142629978.562500)))+((0.000000*((x0aqx2)*-29400695386387595264.000000))+(-468478622.218283+(468478623.120018+(x3*-0.000171))))))))*107627649.060489)+((0.000000*((169228130652110429618176.000000+(-260804861288045281280.000000*((1730966145020771.000000+((x2-x4)*-46993949252293.898438))aq((x2-119.505518)*(-6282388870196.988281+(468852349499.023499*x0))))))*(((((x1*x1)aq(x2+x4))aq((x3-x4)+(x2aqx1)))*(114730.660319+(-114178.644012*(x4aqx3))))aq((6806263.910530*((x1*x1)aq(x2+0.000000)))+-264819609.545614))))+(((((((12.717316+(x3*-0.094139))aq((x3-x4)+(x2aqx1)))*(((x4*18.435256)+-1812.385627)aq(-6928410.762602+(x0*872050.650917))))*((0.000000*((x2-119.505518)*(0.000000+x3)))+-0.000033))*3933222138781804032.000000)+(-2283451677813.407715+(((((x4*-0.632665)+-258336.823529)*258313.511523)+(((85.334000-x4)*-163425.936784)+66745837830.372871))*-17741961833151594.000000)))+(((-0.893875+(-0.000000*(((x4*26789326226.471889)+-3302929847624.682617)*(-15549751421964.695312+(x4*140828497580.956726)))))+(1.765674+(-0.000000*(((x2*257520140087136758163102731012937875456.000000)+-29006003981682603872126595470156235800576.000000)aq((4442872467984.595703*x1)+-300442142629978.562500)))))*(-5829872414685.531250+(3.386677*((((0.000000*1420877665044.694824)+-1899387332637001.750000)+((x2*-278542916917275904.000000)+34772756477801283584.000000))aq((x2-119.505518)*(-1309732268.830500+(11218218.449589*x4))))))))))))
sbp,690_visualizing_galaxy,ok,4,200,-1.16369,266.047976,527,2006.91,,-2527.694545+3.791929*(((0.017320*((((x0-x0)-(-975.828119+(0.000352*((((x3*x1)+(x0*x3))*((353.388000-x3)*(0.000000+x2)))aq(((-517.272000-x1)+(x1-x0))-((-419.356000+x0)+(x0+x0)))))))+((x1*-82.172000)+(x2+x1)))-(((0.000637*(((((x3-x0)+(260.266000-x2))-((x2+x3)+(x2*x0)))*(((x2+x2)aq(x3aqx2))aq((x1*x1)-(x3aqx3))))*((((x1*x2)*(0.000000+-572.913000))aq((143.142000aqx2)-(x2--320.886000)))*(((x1*x2)aq(x2-x0))aq((x0*x0)+(-478.885000+x3))))))+((0.001724*((((0.000000-x3)-6901112.404226)-((-11463976.844458*342.400000)*(-355.679000*x2)))aq((-5404199175.428738+(x0*324037030.401017))-((0.000000-x3)-(x2+0.000000)))))+(((((-860926.384844*x2)+10679441.598220)aq((x0*-302422.150913)+2978930.541444))*2.701542)+450.766782)))+((713.657549*(((((x1aqx2)aq(x3-x1))*18.425631)+-0.099409)+(-0.171451*(((x1*x2)*(0.000000+-572.913000))aq((x0*-302422.150913)+2978930.541444)))))+((((((0.000000aqx0)*(0.000000-x1))*-0.321489)+145.637453)+(((-88186652604863936.000000*(x3+0.000000))aq((-10925547499872032.000000*x0)+97275151696622256.000000))*-3.584194))+(((((0.000000-0.000000)-(0.000000aqx2))-((x0*342.400000)*(-355.679000*x2)))aq((5508807124.381052+(-684928102.885699*x0))-((x2-x3)-(x2+x3))))*1864.064677))))))+((0.007973*(((((((2619.656202+(-24.260144*x2))aq((x0+x3)-(x1-x2)))*0.000000)+-0.000000)*((((0.000000-x3)-6901112.404226)-((-660.028893*(x2-x3))+-6858469.099187))aq(((1304752241244.027100+(x1*-119842665065.663910))+5409087049.669546)-((x2-x3)-(x2+x3)))))*299381108276105728.000000)+((((((0.000000-x3)-6901112.404226)-((-660.028893*(x2-0.000000))+-6858469.099187))aq(((1304752241244.027100+(x1*-119842665065.663910))+5409087049.669546)-((x2-x3)-(-945533835126.201904+x3))))*-3304044221.189970)+((-0.230746*(((118198042069.287781*(x0*x0))+-5136652444211.208984)aq((-5242472883.892040+(x0*697147323.170155))-((x2-x3)-(x2+0.000000)))))+-15144.182706))))+((-0.005630*((((((-88186652604863936.000000*(x3+0.000000))aq((-10925547499872032.000000*x0)+52962806921821280.000000))*11.188619)+-6562.844875)+((1456.100451*(((0.000000-x0)aq(x1aqx1))aq((x0+x1)+(x1+x2))))+-107.065906))+((-19879.683419*(((50417475.418911-(x2aqx2))-((x0*342.400000)*(-355.679000*x2)))aq(((x3*x3)*19835261.082802)+-7767845414.345900)))+((-0.000000*(((x1*1267388927026190537288918761472.000000)*(x3+-572.913000))aq((x0*-302422.150913)+374624.892040)))+(7282.771600+(1428.772896*(x3aqx3)))))))+((-0.002980*(((-0.000000*(((59277646803386677329920.000000*x1)+231216845079388209807360.000000)aq(43809732009870448.000000+(x3*1262532825289320.500000))))+-125280.452461)+((((-88186652604863936.000000*(x3+0.000000))aq((x3*14431555197371118.000000)+330730424463996096.000000))*-25.268614)+((26.019505*((x2-x3)-(2509766520162.716309+x3)))+65302881638851.039062))))+(452.912135+(((((10802709.672132-x3)-6901112.404226)-((x0*342.400000)*(-355.679000*x2)))aq(((1304752241244.027100+(0.000000*-119842665065.663910))+((x1*-239729546415.841431)+707841480.284981))-((x2-x3)-(x2+x3))))*-75013.614472)))))))
sbp,695_chatfield_4,ok,12,200,0.358682,18.329907,463,2006.63,,-1210.092648+0.236594*(((1451139.633749*(((0.000000*((98468221.788938*(((x6-x0)aq(x11--1197.132000))aq((x3aqx1)-(x10+x0))))+((-0.653470*(((x0-0.000000)+(x6aqx9))+((x1*x8)aq(x11-x10))))+80402.408714)))+((((((x6-x0)aq(102911824.894544+(-942073.984398*x3)))*3335377.168546)+(-64.195069+((x1*x8)*0.085502)))*-0.000000)+(0.001900+(((2985.181222+((x11-x10)*-89.220243))*(((x7+x1)aq(x10-x9))*((x11-x1)+(x4+x8))))*0.000000))))+((-0.000000*(((x10-9555.097000)*(x11*x4))-(3281496.163598+(((x5-x9)*(x2*x5))*-76.915401))))+((0.000000*(((-398046276298708.937500+((x10-x9)*-335181986646862.937500))*((x10*x7)*(-2713.013000aqx11)))aq(((x2aqx11)*(x11+x8))+((x10-3443.862000)aq(x0aqx5)))))+((((((x2-x10)*0.000000)+0.000000)aq(102184.257033+((x9*x9)*-4.430821)))*10576873791362594504704.000000)+((0.000005+(0.000000*(x11--12589.464669)))+(0.000000*(((-501.653143*x2)+46050.225592)aq(1991.732583-(x10+x0))))))))))+((0.942907*((((((-14781857.034037*(x8aqx4))+22484346.676417)aq((5158132342.240412+(-52619682.169574*x4))+(-942073.984398*x3)))*-340.059830)+0.460016)+(((494.936394+((0.000000*(x5-x4))+-494.936394))*(-2.099895+((((-786919.579595*x2)+76823433.248498)aq(1991.732583-(x10+x0)))*10.810957)))*21.982703)))+((((0.000000*((((0.000000*(x4*x9))+(0.000000+(-0.000000*x4)))*((-149708076324784208609280.000000*(x11-x10))+163502549016539253702656.000000))*-15723412276480872448.000000))+((2991156175952966247784644608.000000*(((0.000000*(x4*x9))+-0.000000)aq(((-3802.918735*x7)+293086.804399)+((x9*x9)*-4.430821))))+((((x5*x6)*0.001418)+-2662.377553)+((((-26.579230*x8)+221298.646042)+((x1*x8)aq(x11-x10)))*(-0.012125+(0.000002*(x5-x9)))))))*0.801513)+((((((((-3058.179000+x2)*-9249.432286)+-271933253.040768)+(((x8aqx4)*-120960.237736)+244522742.823495))+((-401.217966+((x11-x10)*-45.803303))*(((-501.653143*x2)+46050.225592)aq(1991.732583-(x10+x0)))))*-0.000019)+(((((-0.002648*(x2*x5))*1.333801)+9.878489)+(-74.314607*(((0.000000-x0)aq(x11--1197.132000))aq((x3aqx1)-(x10+-135.486935)))))+(((-1554299626.039866+((8527.708000aqx10)*964874.631144))aq((-173182.871968+(x7*3305.363340))+((x9*x9)*-4.430821)))*-0.000130)))+((-10.581116+(((((x7-x6)*0.000000)+-0.000000)aq((-339269909487169669071592404519604854988996608.000000*(x11-x4))+15267721209966569925102762498132953869603307520.000000))*-43029382128756879864604584268044973241063947555051091133352145210627980263424.000000))+((-0.234761*((-834033704645124.000000+((947791426.506724*x3)+833974188859919.375000))aq((5158132342.240412+(-52619682.169574*x4))+((x11*-44720879.990760)+3642293623.001656))))+(-11.326590+(14542299509.042870*(((x11*-0.000166)+0.014208)aq((-506033.292044*x11)+42803084.737390)))))))))))
sbp,706_sleuth_case1202,ok,6,93,-3.158942,178.594091,497,2007.07,,-436.307105+-0.000000*(((3467235742537387.000000*(((-304.746856+(-0.000000*((((427387867834861027297721941952470652689237007050687623311772964359817855441847453745152.000000+(-128528270167003740575620322414921108039540411643195047440427591008751345933258915315712.000000*x5))aq(x2-x0))+((x4*x5)*(x5aqx3)))aq(((x1*x2)+(x1+x0))+((-1191.853845*x3)+((x3*1220.353530)+-24507.765737))))))+(0.000000*((((3647100481753368469958215283630989023419301888.000000+((x4*x4)*-34032925066615640867241059513077350793216.000000))aq(x2-x0))+((x4*x5)*(x5aqx3)))aq(((x1*x2)+(x1+x0))+((-1191.853845*x3)+91900.221681)))))+((-68.198329+(-0.000000*(((((0.000000+0.000000)aq(x2-x0))+(2514241313.273897+(-967072147.195541*x5)))aq(((x1*x2)+(x1+x0))+((x5-x0)*(x2*x5))))*(-353587196.623757+((x1aqx5)*(42285.365755+(19373.554584*x5)))))))+(-71.513728+(((x4aqx2)*(64038.964857+(((x4aqx2)+(x4+76769.263000))*-0.828925)))*0.000958)))))+((79177430068583.140625*((-1209838673670.416748*(((((11146205498030374568239215472081488740257628160.000000+(-33374416771966659185200937951142757055594496.000000*x4))aq(x2--5415.297297))+((x4*x5)*(x5aqx3)))aq((135857478688416353746944.000000*((x3*x3)*(57194.384000*x3)))+-3442345348627313435096594142724096.000000))*(-0.000000+(-0.000000*(-160087335396002.218750*((x2*x5)aq(x0aqx5)))))))+((0.060730*((((x4+x2)aq(x2-x0))+(-7325808.686003+((x1aqx5)*2315.897947)))aq(((x1*x2)+(x1+x0))+((1.948355-x0)*4.059629))))+(((((-590.060397*(x2*x5))+-17107.697100)+(-11001.018741*((x0aqx3)aq(0.000000-x4))))+(((-0.000000+(0.000000*x3))*(-55360.317560+(334.134917*x3)))*-0.000000))+(15952.016176+(-0.000000*(((-803309403127009235121666253897495897016884500120678211663150281731410448371642849208646327546675200.000000*x4)+249581135364710630967816668517620952408904706825360407510244151514093734899265768357340235179405344768.000000)aq(5415.297297-x0))))))))+((((((78926249535279540096466944.000000+(1716720412639015993344.000000*((x4*x4)-(x4*470.743243))))aq(-561786336066729220245424483733401119561673656675226200571904.000000+(((x3*x4)+(0.000000+0.000000))*17470447926179064418033685875541983295797407196460875776.000000)))*-67262222993220253758502724106407413610147777347584.000000)+-4449102923162788352.000000)+(((((-15746188764058733676124442287740980472177626185728.000000*((x4*x4)*-34032925066615640867241059513077350793216.000000))+-52003154061601243214241935119560820168989462730303797479985778088937542529875301649983459033088.000000)+((x4*x5)*(x5aqx3)))aq(19641.138815+((((x1*x2)+(x1+x0))+((-1191.853845*x3)+(97079.622436+-24507.765737)))*0.932234)))*-0.000000))+((((((((-0.000000*x5)+0.000000)aq((x4*6293532883714641947608168931788474904459308918685887647845583664613800542208.000000)+-2116600677636524439327324592861733721969603461159250232482111026907287383965696.000000))*12527099590784274614798458015142612227609971374009657210803289073186046167324662845346117543319840601609981883580416.000000)+2988879685094775296.000000)+((((-37919310.676964*37919312.622612)+((589201360398136.750000*x2)+55191094634332288.000000))aq(-47783577916067624.000000+((x4aqx5)*280490316119488.312500)))*-1243040720213320.000000))+(1502457064939972352.000000+(((((x4aqx5)*(-64944.605000-0.000000))*((x4*x4)-(x4*470.743243)))*((-0.535349*(x3*x3))+3057.481573))*-28.446230)))+((((-0.000000*((16235757217126201626551183949499990016.000000+(-205801681621890286202435458352283648.000000*x3))aq(x2*x3)))+((((x2*x3)*-1903882505585051.250000)*-0.457483)+-223654406615508736.000000))+((-55595171928036712.000000+(((x0aqx3)aq(0.000000-x4))*341662595513329600.000000))+((((0.000000+x2)*(x4aqx2))*147876582731491.250000)+(-54798789498392168.000000+(3611984550374508.000000*(x5*x5))))))+(((-203997326034440000.000000+(((x1*x2)+(0.000000+x0))*-7481319782443.177734))+(-2312745910254009960117988650599731882911661950913704537713920112599572167852379387508040834872659009183611298109351196113793712128.000000*(((0.000000*x5)+0.000000)aq((1764935386073807267099610583758985538655556934413816630863767689713130664664708505648758784.000000*x1)+-15335809345075544236110364582842250105846893028639917727804803834352512624657207849879636803584.000000))))+(((-546812681195752981093125556779405341338292357723303109106442651602488249799843980805878294255763456.000000+((x4*x4)*6908101824188940875145796841245353358295520427045962227985153798770999373284138249642944905126829655842619392.000000))+((-6908101824188940875145796841245353358295520427045962227985153798770999373284138249642944905126829655842619392.000000*(x4*x4))+820219021793629471639688335169108012007438536584954663659663977403732374699765971208817441383645184.000000))*-0.000000))))))))
sbp,712_chscase_geyser1,ok,2,200,0.472349,9.464988,503,2015.79,,7363.269657+-0.000000*(((((((((x1*4.433000)+(x1*-61.456000))-((-53.636000-x0)+(-98.315000aqx1)))+(5.111871+(((((x1+x1)aq(-36.017000-x0))+((x1-23.869000)*(x0*x1)))*(((-42.420000-0.000000)aq(x1-55.021000))aq((-27.991000*x0)+(60.366000*x1))))*-1.352393)))*0.030785)+((-0.000001*(((-3234.615438*(((x0+x1)*(-100.489000-0.000000))aq((0.000000+10.662000)-(x0*x1))))+((((x0+x1)*(x1+x1))*5904.503533)+-379521726.445909))+((379086329.712539+(-93674.643571*((x0*x1)aq(x1-x0))))+((((-99.000000*x0)aq(102.411000-x1))aq((16.745000--18.632000)-(x0*x0)))*(794449.143607+((x1aqx0)*-1922352.881503))))))+((-25770.732016*(((-42.420000--13.092000)aq(x1-55.021000))aq((-38203.939362+((29.118000aqx1)*6242.288713))+(1080646.021994+(-2726.789709*(x0*x0))))))+(-240.272076+(-0.003708*((4543.629296+((x1*x1)*-9786.268159))aq(x1-((x1*-2041.624640)+4169.503287))))))))*557283422884438.062500)+(((((-0.726680+(-1.181109+(0.000000*((49000961305597728.000000*(x0*x0))+(3605284877966979072.000000+(-1118611318685148928.000000*x0))))))*(23361089464606679040.000000+((-9046575.580113*((5164625937680.150391+-31836.766923)+((29.118000aqx1)*6242.288713)))*0.500000)))+299210037047389.375000)*(((94195071288.031494*((((x1*-40345185.147366)+((32362608341.361450*x0)+-611422125603.650391))-((x0*-47.874000)*(-53.355000*x1)))aq(((2.409584aq(-36.017000-x0))*-22228333.039533)+(-173923521.116158+(1018454570.843299*(x1aqx0))))))+((((4543.629296+((x0*471626.327862)+-11894525.564643))aq(x1-((x1*-2041.624640)+7031.571856)))*-11753032883.381596)+7715036166366549.000000))*(((((-42.420000--13.092000)aq(x1-55.021000))aq(-403788.876619+(2770076.597143*((x0aqx1)aq(x0+x1)))))*-0.000000)+(-0.000000+(0.000000*((((x1*4937.822232)+-7593.932884)-((x0*-27.624734)*(-53.355000*x1)))aq(((x0+x1)*(x1+x1))-((x1--12.024000)-(x1+-27.788000)))))))))+(((((((-42.420000-((x1*-22669061456719235180920832.000000)+52470908420708070554861568.000000))aq(-347615.136937+((x0aqx1)*395055.437573)))aq(((20777.768610+(x1*6552.072694))+((29.118000aqx1)*6242.288713))+(1080646.021994+(-2726.789709*(x0*x0)))))*0.232142)+828585360387264384.000000)+(((((((11.648000aqx1)*-350454679820.309692)+1869661443138.950684)aq((665.212570+-4.892616)-((x1*-2041.624640)+7031.571856)))*176398.119893)+132509550368783840.000000)+(189068296327743296.000000*(((-42.420000--13.092000)aq(x1-55.021000))aq((-38203.939362+((29.118000aqx1)*6242.288713))+(-22143.420561+((x0aqx1)*10339.717561)))))))+(((45388991970717.304688+(-2778973.380502*((((0.000000*x1)+-0.302482)+(8979748438.480019+(-1307335799.258687*x0)))*((-23.130757aq(x1-55.021000))aq((-27.991000*x0)+(60.366000*x1))))))+((((-5438791881.939823+(883757512.291692*(x1*x1)))aq(((x0+x1)*(x1+x1))-((x1--12.024000)-(0.000000+-27.788000))))*-215356.243335)+84290722166001.062500))+(((1608487278102698496.000000*((((x1*-2041.624640)+-1449430999179584000.000000)*0.000000)+((0.000915*(x1+-27.788000))+637156522132.511108)))+289685325168770048.000000)+((((((11.648000aqx1)*156947575922229888.000000)+1869661443138.950684)aq(-216436256.469913+(244587074.006911*(x1aqx1))))*-1.970558)+99444919658548.296875)))))))
sbp,_deprecated_195_auto_price,ok,15,159,0.75412,2088.781346,619,2010.3,,-68607.026105+0.000000*((((((((((x8-x1)aq(x5-17945.862000))+(0.000000+(-0.999985*((x8-x1)aq(x5-17945.862000)))))aq(((-4228.602369*(x9aqx9))+((66.980028*x14)+2418.509398))*((x8*((31566.743351*x10)+-183983.211084))aq(x13*x9))))*997821362700530176.000000)+19955361.113176)+(((((x7aq((29454.148555*x9)+-94617.763078))*-46854185578352312.000000)+501061132524464960.000000)+(-0.000000*(((x7aq((29454.148555*x9)+-94617.763078))*-514555809441583036666170310656000.000000)+5502686973284258072409988432658432.000000)))*((((x8-x1)aq(x5-(((x5-17945.862000)*1.999997)+17945.800388)))+(0.000000+((-1.000000*((x8-x1)aq(x5-17945.862000)))+-0.000000)))aq(((-4228.602369*(x9aqx9))+((66.980028*x14)+2418.509398))*((x8*((31566.743351*x10)+-183983.211084))aq(x13*x9))))))*((((-0.000000*(((16656204972376076288.000000*(x1*x9))+-10546092638810132185088.000000)aq((-185.289526*(x1*x9))+110477.333939)))+824491.496340)+((x11+(x14+(-7.056210+(-0.987297*(x11+x13)))))*188606.882789))+((((-0.161581*((((x1*x9)*23382451991.272587)+((-75561509796.401535*x1)+24675817869.021484))aq(((x3-0.000000)*(x4+0.000000))*((x8*x12)aq(x13*x9)))))+1519023.686241)+(((((163.811024+(1.000000*0.000000))+(x11*x11))*((x14*x7)+(x7*-31.874016)))*(-21222.606067+(((x6-x1)aq(x6*x4))*1474821.053297)))*0.000024))+((1534.550048+(((((0.000000+0.000000)aq(x5-x9))-((x7+x8)+(0.000000-x6)))aq(((x14*-63.243000)aq(x13aqx13))+((x10*x10)+(x0+x2))))*427.496754))*((((((x4-x9)*713.421517)+-38863.044124)*((-4901.547000aqx11)+(x2+-16.665075)))*0.003571)+((3063.475484*(x7aq((29454.148555*x9)+-81911.052309)))+1838.327696))))))+(((-14083242925920546352791552.000000+(((((((x10+0.000000)aq(x5-x9))*0.000383)+-11900687715.444738)+(((x8aq95.071447)aq((-37.023142*x1)+5990.970146))*-0.132822))+(((x7aq((29454.148555*x9)+-91982.258710))*0.000612)+-0.000008))*-1183397402120686.000000))*(((((-1100660.567493*((x8aq173.200782)aq((-37.023142*x1)+5990.970146)))+-10260.280292)+(-0.000001*((((x7aqx9)aq(-660.191000aqx8))*((-67896.666150*x4)+4310165.163286))*((20.587656*(x8*x4))+(-85684.969082+(x8*22838.135510))))))+((((((-484029286.803150*-0.000000)+4.452390)+(x11*x11))*((x14*x7)+(x7*-31.874016)))*(-21222.606067+((10470.755923+(-0.000000*x1))+(371701.032761*(x0aqx1)))))*-0.000000))*((0.000000*(((16656204972376076288.000000*(2002437906619696414720.000000*x9))+-10546092638810132185088.000000)aq(((-105664218789922377375166406590464.000000+(x1*643394587479176258791250329600.000000))*((3.332053*x1)+-9.931080))+110477.333939)))+((0.000000*((((x14aqx13)*27761211217359966208.000000)+1.000804)*(x7aq((29454.148555*x9)+-93290.150964))))+(-0.001078+(-0.000000*(((x10+0.000000)aq(x5-x9))*(-7628.404287+(x8*744.563144)))))))))+((6574509143.290026*((((((x13*x9)*20.882558)+69409.327115)+(-15.731584*(x7aq(-326.819402+(x7*3.633906)))))+(0.000000*(((x8aq95.071447)aq((-37.023142*x1)+5990.970146))*(((x4+x10)*-1173762470253378816.000000)+86003739319278927872.000000))))+(((((-0.013536*(x8*x12))+226.757463)*((-20.334472+(x9*6.391288))aq((1262.564908*x11)+-101863.542956)))*-115376.759760)+34755.109950)))+((((-7020059667830536335785984.000000*((20.587656*(x8*x4))+(((x8*x4)*-20.587656)+(-0.000000+(x6*-0.000000)))))+-285265599366411.562500)+(0.001508*(((((x7aqx6)*-0.000068)*44050508788151352421253120.000000)+(101382648813217742848.000000+(x12*9754668793794254.000000)))aq(((-109.484847+(x1*-2.684149))*(x1*x9))+110477.333939))))+((1370022737579.592285+(-1167.680330*((((x1*x9)*23382451991.272587)+((-75561509796.401535*x1)+24675817869.021484))aq(((x3-x7)*(x4+0.000000))*((x8*x12)aq148799.195506)))))+((x7aq((29454.148555*x9)+-91540.145507))*7780216001380.888672)))))))
sbp,_deprecated_207_autoPrice,ok,15,159,0.627555,2628.282962,545,2004.57,,487328043.324699+-0.000000*(((((73581600790366912.000000*((((-0.000000*((42650769655238408273920.000000+(-5212459520235092836352.000000*x10))aq(-846890977121725952.000000+(x10*100680734754790688.000000))))+(-0.000000+(0.000000*((x10+x11)aq(x5-x9)))))*-13807205244597449761020660678656.000000)+-104.769790))+-509653941800602175050612736.000000)*((((-2711.740591*((-2.506069+(0.000723*((x13+0.000000)-(-65.552628*x4))))*((((0.000000+x11)aq(x5-x9))-((x7+0.000000)+(x10-0.000000)))aq(((x14*-63.243000)aq(x13aqx13))+((x10*x10)+(x0+x2))))))+-12139568.800147)+(0.000000*((((((x4*-794488088404.687622)+49704985505949.726562)*((x8*x4)*(x3*x7)))*0.000000)+51104920236.187500)*(((((x2-x5)aq(x13*x7))*40916290.485164)+-26673074409.979351)+(((2823.360100*(x8aqx9))+-2523.745315)*(((x2aqx3)+(x5+x12))aq((x13-x3)+(x7-x10))))))))*((((-0.109632*((((x6*x10)*-66330680849320.171875)+1044822006709725952.000000)aq((1024.413909*(x6*x10))+-16909079.376045)))+(((((-0.000000*x3)+0.000000)*((x8*0.000000)*(x3*x7)))*-1141718902149584.500000)+470012344521520.625000))+(((((-2344.735979*-354727780348270608384.000000)+(-1065378039839792077733888.000000+(117835486581214752538624.000000*x9)))+(5223762852268530802224042835181568.000000+((x6*x10)*-266966002575882071077401133056.000000)))aq((196491169.807834*(x9*x8))+-1925785545.933621))*0.000000))+((0.000000*(-123684599479173667007213205731672064.000000+((23276528203116341744563474399232.000000*((x0+x2)*0.048449))+-13071132968582171769069612564480.000000)))+((492852786.326389*((-2523.715326+(2823.329693*(x8aqx9)))*((0.165494+(-0.001551*x1))+((x13*x12)*-0.000000))))+((((1545.322085*(x8aqx9))+((x5*-52.916195)+-295720448.015534))*60244513.601641)+31414716054363488.000000))))))+((((-0.000000*((3877018209301774606193810377370501224579232432128.000000+(2497978270004803532566298624.000000*(-0.462781*(3353773736020546158592.000000+(x7*1566.823081)))))*((((x10+x11)aq(x5-x9))-(-2302417217820982982510396120760320.000000+(122201609677404725375813025792.000000*(x6*x10))))aq((-57786244227473673061948691065810163140256344309760.000000+(814270354655664177988771216484835535181806829568.000000*(x10*x10)))+((-814270354655663853470217558058108752025786253312.000000*(x10*x10))+57786244227473652292761256926499649018271027429376.000000)))))+(((((0.655758*(-8.975158*(x0+436052708.056929)))+2566188965.162040)+((((x6-0.000000)+(0.000000*x8))+(6153362.413642-(x2*x4)))*0.043483))+(((((0.000000-x11)+(0.000000+x1))*((x10*18101432223575978864399910605990282657792.000000)+-183696754428700854290418764306996864745472.000000))*0.000000)+((-2.738600*(x10-x4))+-53105.341044)))+(((((-59613658796655951268299195547648.000000+(26783812438804128490494877499392.000000*x10))+1044822006709725952.000000)aq(-25381129.528969+((x10*x10)*393928.165261)))*0.000000)+((-0.000000*((233317437702757674192606894454070784935432552448.000000*9078486107718617968973617037312.000000)aq(-846890977121725952.000000+(x10*100680734754790688.000000))))+((270432935.346103*((x4*-0.000000)*(0.000000-x14)))+-384.231929)))))*-13643615534722232624080328768150832580395008.000000)+((1.108151*((-6995237600291704884240870757578152695907834024193840620312995990922827137024.000000*((-1541894209272750592.000000+(((x2-x5)aq(x13*x7))*106089286596748247040.000000))aq(((-272687832828150458642438164866910532874871429398528.000000+(25010109507394786583099387926486729419454511316992.000000*x10))+(-814270330531169730303850225918147414828557271040.000000*(x10*0.000000)))+((813951587116082303779184983619200459081500327936.000000*(x10*x10))+-57345445613582550668805205795058399837846954311680.000000))))+((18284729165696637308548445605571470825925390056897111734110358142402434225305288704.000000*(((-59613658796655951268299195547648.000000+(26783812438804128490494877499392.000000*x10))+((-26783812438804128490494877499392.000000*x10)+59613658796655987297096214511616.000000))aq(((-752831782923754018298740000504034656685911231525027840.000000*x6)+2645097796571281701629450402469178970353917821167410872320.000000)+((x10*x10)*393928.165261))))+282355130007785238426462581289501407672051070899585024.000000)))+((((((1.138245*(-1113158039456058250904671623974633148926305130031558748503898038425116221636608.000000+(x11*13088042998861567845189372155004712978012036482915356539377239380694384246784.000000)))+954.847602)aq(-94373274568898784852274632995480010752.000000+(7255136025734365245026235276053411004416.000000*((x2-x5)aq(x13*x7)))))*(-119999539443126776545057250163204030464.000000+(-23900058643563216197962856136704.000000*((x4*x6)*(0.000000-x14)))))*-0.000000)+((52140740332629.695312*((-0.000000+(((x2-x5)aq(x13*x7))*0.000000))*((2487701763211008780411202509223910965248.000000*((0.000000-x11)+(0.000000+x1)))+(-61966752187711061968528553398635493064704.000000+(207409855395204202302284036649286688047104.000000+(-1728266056578833101531917274087807778816.000000*x1))))))+(-312892153857024655662476557038580858851954862137016320.000000+(24185536307863967333364929658880.000000*((-2114794939236424167194624.000000*((x13aqx13)*-17885.070904))+(1007152651042816.000000+(-37823257434983767188074135552.000000*(x13aqx13))))))))))))
sbp,auto_insurance_losses,ok,24,164,-0.296857,50.619715,373,2007.68,,-2225.180544+-0.000252*((((((3486.300950+(-26.274928*(((x18*457.637021)+8407.933188)aq(-319886.597552+(x12*321467.498844)))))*(((2585.041497+((((x8aqx7)*-890.435124)+(1099.688912+(2.680485*x8)))*1.032127))+(889.055699+(((x10+x0)aq(x11*x4))*-7.182989)))+(((((x0+x1)+(x21aqx5))*14.126387)+-396.953238)+((-2627.983116*(0.726776+((x10+x12)*-0.012638)))+53.001283))))+((-4690.087222*((7272.084703+((((x18*457.637021)+-2171.425754)aq((32.367730*x21)+-650.024069))*-0.190970))+(1.544263*(((56.301364+(x0*-63.417028))+x0)aq((0.062965*(x22*x0))+-4.346360)))))+(((((((x10+x12)*-0.025960)*-69.071712)+-100.365695)*(x10+(-48.685522+((x5*x15)*-1.267265))))*-5040.867351)+(70902568.717224+(((-17072.087703+(-0.847055*(x13*x22)))*-0.072519)*(-71196.717304+((x0-x9)*(-6.720682+(x12*0.419244)))))))))*0.238533)+((((0.000000*((9040.269038+(1136.867371*(((0.000000*457.637021)+-2171.425754)aq((32.367730*x21)+-650.024069))))+((((x18*457.637021)+((x21*-136929.591333)+2409266.404650))aq(18.712728-((-98.972689*x21)+2004.056858)))*-16.575003)))*(((-36089802.721218*(((-0.016432*(x5-x10))+((-16885439326.031969*x7)+1602977564398.560303))*(0.726776+((x10+x12)*-0.012638))))+-27714075140912068.000000)+(27714075140912088.000000+(36089802.721218*(((-0.016432*(x5-x10))+((-16885439326.031969*x7)+1602977564398.560303))*(0.726776+((x10+x12)*-0.012638)))))))*10568894.333963)+((((0.000000*((9954819978196603109376.000000*((x4aqx14)*(x11*x22)))+-9400577285341095626014720.000000))+(6.037294+(0.103164*(((260.261986*x7)+-31011.366462)aq((x9aqx1)-(x0*x18))))))*-423.696461)+((1.138879*((0.575329*((425124.777812+(-104.644495*(x11*x4)))aq(188.887935+(-46.117038*x13))))+((-13094.923257+(0.113525*(x18*x23)))+(-0.000000*((44163223.847364+(-461812.702584*x7))*((x12*-613345.287763)+1124928.595928))))))+(((-1900397869630936425072635547232297789260724801896448.000000*((31.767089+(-26.946965*(x22aqx21)))*((-0.000000*(84949415795.355453*x7))+0.000000)))+(4286.264807+((((-4229369102713447966415560442561021412309572274766736768915880438949990134130884848264593157266357126868365087866880.000000*x10)+218720677518120429242205373794203091461240215697440925388897110686520387765986726409085229135983504391071649727774720.000000)aq(-915631.933316+(9696.237827*x7)))*0.000000)))+((((8407.933188+(3212830456019109232322203228239226603466750344420589572194304.000000+(x10*61403518468948077974561422770756242749271313089533598236672.000000)))aq(-915631.933316+(461957235233567294566937400927378053996147348696495302966496733521292671987255755256666932824657930162958210379336908800.000000+(x9*-6810915949647458553145200111608950398751070734976170607637085903428651615237557949468391814953043484774799410064261120.000000))))*((-0.000000*(84949415795.355453*x7))+0.000000))*2637102730282764240251323755038647248492304436620023272988732612721488155850205731869705969748284776176943104.000000)))))))
sbp,auto_insurance_price,ok,23,200,0.962554,2017.749386,425,2013.48,,24205762.666060+0.000000*((((((-126821082.899132*((((((0.000000aqx1)-(x8*x14))aq((x18*1.000003)+-0.045836))+(2133.841718+((x18aqx21)*-5228.824412)))*0.002624)+(-7.205634+(-0.000004*(((-44553.719325*x14)+3686390.516035)aq(x6+x5))))))+330460679.719356)*((((-1.000000+(((-27032366425557000257536.000000+(6827972494954686464.000000*x11))+8694788909767529070592.000000)*0.000000))*(1.000000+(0.000000*0.356335)))-(((-235.114617*(-74757.446964+((x21*x14)*0.004635)))+-17576970.912345)aq((((-115987.071095+(5647.295120*x21))+((x18aqx21)*-5228.824412))*0.000207)+25.886073)))*(((((-44618.417810+((x18-x21)*-0.457673))*(((x12*x13)aq(x4-x0))+((x0*x6)+44600.930731)))*0.004448)+8848857.587358)*(((x9+x15)*-213.153844)+((((4853958335866031309492524043236913123883953525345018457155744268005381137952682316432849238974160352963893916610190443352085398062349372358656.000000+(-208036403759739837228690579546867297573613589527594672241951793133645714423827472187508336809164664354182977187304883754021157701702912049152.000000*x21))aqx14)*-0.000000)+12377.272568)))))*9712232638494178593011685899894784.000000)+(((((((0.000000*(((x8*39314240586606.804688)+-6803871081645606.000000)aq(x6+x5)))+-0.000000)+(-0.000000*(((x14*21338495049.861244)+(x14aqx14))aq(((x4*4838.609723)+-5150.103745)+(0.197823*(x14*x14))))))+(((66.225349+((x7aqx11)*-1677.742472))*((1815297829.482641+((10404.354000-x15)*-174468.932666))aq(-1412.967444+(0.197823*(x14*x14)))))*0.000000))*((-0.000000*((66.225349+((x7aqx11)*(-415.006044+(-0.504182*x11))))*((1020265358715360758380299549283467657216.000000*(x12*x21))+-39776777376191957088286916286924955058176.000000)))+(((((-31324393299202729213769507622011142566821676112150528.000000*(x5*x18))+232081511791515945630310693735522710054117202234179584.000000)aq(((x12*x21)*-23497274.834377)+1472757186.246812))*-0.000000)+(-194036248724980027873034240.000000+((((x11*-6827972494954688512.000000)+27032366425557012840448.000000)+((x11*6827972494954685440.000000)+-27032366425314812755968.000000))*516705049858170.750000)))))*-1265097707960532218537820734542765255574504819654656.000000)+(((((((((-35702181394603807051699101272558429034819913077385136900543831409310241189265408.000000*x7)*0.000000)+562721031412126068547187948740296510373753618544545461537079296.000000)aq(((3742.337478*x4)+-3549.518399)+(0.197823*(0.000000*x14))))*(-5149.014250+((31156237601.877773+(x7*-327827896.111048))*(-412.509570aq(x4-x0)))))*0.000000)+123979928997102000827849235015756083977285012119332323328.000000)+(-317436903180182080.000000*(((((-3389.520754*x5)+-10719.781362)aq(((-69.842003*x15)+498.217587)+(-18.547485-x1)))*-16219962935836589698785480802304.000000)+((-0.000026*(((x7aqx11)*-49075386199951448180732303718876436234240.000000)+(3339857858342577635511362332354615967744.000000+(-530276104265499184160370590601969664.000000*x11))))+((0.000000*(x7*-2973064793950371429898237123380359595241852343599444641706501964729912279412861781240747365964782441134716725984245386536026112.000000))+((475513279264563336428761863159808.000000*(x18-x21))+(390610991217495813051977153253365252096.000000+(256632163789457247216980889436160.000000*x0))))))))+((((((2682419623.212035*(33289.755909*(x12*x21)))+-4130260387839985.000000)aq(-1412.967444+((-305.681008*x10)+18978.885399)))*(-215251760517885474076191241501933568.000000+(-17379379.729029*(((-1220257147152747359895552.000000*x15)+-2.873019)*(13197.648626+(x11*-3.016966))))))*-482.463695)+((661307239211578490879837910106303799036558037745664.000000+(26125532574193368656951377920.000000*(((-31324393299202729213769507622011142566821676112150528.000000*(x5*x18))+232081511791515945630310693735522710054117202234179584.000000)aq(((x12*x21)*-23497274.834377)+(-49884470994527507377831305805824.000000+(7321037521206685505497883213824.000000*x18))))))+(716032927020712264645575128694673895380330131488768.000000+(175265720473080522998554139361374791570303853720414191616.000000*(((-44750.574257*(x5*x10))+4670582.579829)*(((-44553.719325*x14)+3686390.516035)aq(-969329351643473152.000000+x5)))))))))))
sbp,feynman_III_10_19,ok,4,200,0.74338,3.433625,483,2005.39,,99.022476+1.068691*(((((0.000000*((-32165.718091+(-21379594705.850510*((((x3*-29290.365072)*-1.013242)+((x0*39586259.152926)+-190616902.331540))aq((x3*x0)+(158620360661907.500000+(x0*-37873476436022.312500))))))*(212.198986+(-0.031105*((((x3*x3)*-18.570652)+283.433294)*((340599074095425.250000+-1631404941.868197)aq((-9310352051377.736328*x0)+43808898012193.851562)))))))+5.673651)*(((((x0*(0.123001+(-0.101685*((x1+x2)+(x3+2.783000)))))*(-0.845147+(-0.043654*(((x2*x2)aq(x1*x2))+((7.212000-x2)aq(x0*x2))))))*8.287891)+((((-0.000591*(((-3823.701464*x3)+22033.976394)aq((x3*x0)+(x1+-17.007000))))+5.307750)+(((0.029133*(x2*x3))+-2.006803)*((-3.342117+(3.079779*(x0aqx0)))+(-0.101685*((x1+0.000000)+(x3+0.000000))))))+0.561668))*(((((-3823.701464*x3)+22033.976394)aq((x3*x0)+(((-308584315273.206604*x2)+1195367029183.178955)+-17.007000)))*3486.178083)+((0.000010*((((x3*-29290.365072)+190762.851079)aq((x3*-25282671.724928)+126614177.371625))*((((x3-x0)*-0.863680)*-3832.347579)+-13120.750365)))+((0.000000*(((351275502.892699*x2)+-1631404941.868197)aq((x2*-1132.533490)+4851.279907)))+(((((53144.789185*x3)+-326220.736735)*(-0.000000+(0.000000*x3)))*128355.601781)+(0.137759+(((0.000000aqx3)aq(x0*x0))*-0.000009))))))))+(((((((((2113761814.044049*-2115956042.526146)+1173362673.120997)aq(((14636671424.010672*x2)+-67402458938.186401)+((x2*0.000000)*15740.206642)))*-0.000000)+((((144325554397219520.000000+(-116822248458253168.000000*x1))aq((-9310352051377.736328*x0)+29057150168513.300781))*-0.000002)+-366.088868))+(((((-31665.328603*1.001606)+((x0*39586259.152926)+-190616902.331540))aq((126202535538729.687500+(x0*-26073946454436.960938))+(158620360661907.500000+(x0*-37873476436022.312500))))*(((x0*x2)*0.102905)+-0.756287))*1561582.691703))*(((((((x1aqx2)*-2115956042.526146)+(-25431072438.622467+(x0*7068386347.660335)))aq((75175086725.029449+(x2*-16112168394.367203))+((x2*x3)*15740.206642)))*-0.000237)+0.000006)+(0.244644+(0.000010*((511509884037319.750000+(-159036938736845.687500*x2))aq((-9310352051377.736328*x0)+43808898012193.851562))))))*1.129769)+((((((0.000002+(((25.752586*x1)+-56.045948)*(-5097.695287+(x3*1408.552966))))*((-5253356859876911079613267968.000000+((x2*x2)*476268319953889653484945408.000000))aq((73483949305966.515625+(-17636167357393.359375*x2))+(158620360661907.500000+(x0*-37873476436022.312500)))))*0.000000)+0.115419)+(1.181553*(((((340599074095425.250000+-1631404941.868197)aq((-9310352051377.736328*x0)+30097625931797.792969))*-0.001177)+0.161284)+(((((x1aqx2)*-975624209.281321)+(-25431072438.622467+(x0*7068386347.660335)))aq((75175086725.029449+(x2*-16112168394.367203))+((x2*x3)*-4467126077.293169)))*-0.082528))))+(((((((x1aqx2)*-2115956042.526146)+(-25431072438.622467+(x0*11034836346.933453)))aq(-176216506.990596+(35850500.244234*(x1*x2))))*0.000000)+((((((x1aqx2)*-2115956042.526146)+(-25431072438.622467+(0.000000*11034836346.933453)))aq(-176216506.990596+(35850500.244234*(x1*x2))))*-0.000052)+0.945629))*(0.984510+((-18.474895*((((x1aqx2)*-2115956042.526146)+(-25431072438.622467+(x0*7068386347.660335)))aq(81017874700672.812500+((x0+x2)*-14483264272695.478516))))+-0.034901)))))))
sbp,feynman_III_12_43,ok,2,200,0.442762,0.623059,575,2024.92,,0.066373+0.000321*(((((((3.185922*(((((x0-x0)*(x1+5.330000))aq((x1*x0)*(x1aqx1)))-(((12.339000+x1)+(0.000000+8.172000))-((0.000000+x1)+(x0-1.596000))))aq((((17.932000-4.614000)-(x0*x1))-((x1-13.805000)aq(-11.928000-x0)))-(((-14.394000-x0)aq(8.672000-x1))-((22.347000+x1)aq(x1+18.712000))))))+-103.906273)+((((((x0*x0)aq(x0-x1))-((x1*-3.147000)*(x1aqx1)))-(((x0*x1)*(x1--20.752000))aq((19.759000+3.525000)aq(-17.406000+x1))))*3.757517)+115.160331))*((0.013954*((((((x1aqx1)aq(x0-5.585000))aq((x0aq-20.750000)aq(x0*-18.924000)))aq(((x1-2.749000)*(x0*13.486000))+((x0*x1)-(15.433000--0.914000))))*-67.476171)+(((((x1*-3.931000)aq(x0-x0))aq((x0-3.092000)*(-4.790831-0.691000)))*0.405281)+-103.961914)))+((0.000022*((5119.705480+((988.209477aq(x1-x0))*11.556055))aq(525.093509+((x0+x1)*-70.784592))))+(((((x1*-3.931000)aq(x0--2.101695))aq((x0-3.092000)*(-47.936872+(15.015473*x0))))*0.026894)+0.372016))))*10.710525)+((((147.791615+(-290.973754+(160896.135377*((((x1aq180.194265)aq(x0-5.585000))aq((x0aq-20.750000)aq(x0*-18.924000)))aq(((x1-2.749000)*(x0*13.486000))+((x0*x1)--29.267540))))))+((((36148.961418+(((x0+x1)*1378238.592731)+-12428661.512576))aq(((-10358.014489*(x0+x1))+((x1*-488753312.324727)+2380677131.350733))-(((x0*x1)*1303.817456)+-27883.505584)))*((((-83.941645+(0.000000*x0))aq((x0-x1)*(8.603000*x0)))*((0.117858*(x0aqx1))+-0.031142))+0.004985))*1538.838378))+((-38.693573+(1275.999644*((36148.961418+(((x0+x1)*1378238.592731)+-12428661.512576))aq(((-10358.014489*(x0+x1))+80863.940198)-(((x0*x1)*1303.817456)+(-4856758345.198711+(1179437114.702215*x1)))))))+(9.486709*(((-16860.805844+(-63.084177*((x1+-16.783000)*(x1*x0))))-(((12.339000+x1)+((-11377.279984*x0)+51401.794226))-((x1+x1)+(x0-1.596000))))aq((12284.230456+(0.039223*(-325487.800485*(x1aqx1))))-((((x0*x1)*1325.739052)+-31065.408514)-((22.347000+-269334.110269)aq(x1+18.712000))))))))+((((10060.203378*(((((x0*x0)aq(x0-x1))*-0.047217)+(-0.061665+((x1*x0)*0.039531)))aq(525.093509+((x0+x1)*-70.784592))))+35.287622)+((((36148.961418+(((x0+x1)*1378238.592731)+-12428661.512576))aq((-9900604.139000*((x1+-1133093.451168)+(x0-1.596000)))+-11218243161678.666016))*((((-83.941645+(0.000000*x0))aq((x0-x1)*(8.603000*x0)))*0.007071)+0.004985))*2900.643655))+((-0.002778*(((-16860.805844+(((x0*x0)*512545.251014)+-11410015.917494))-(((12.339000+x1)+((-11377.279984*x0)+51401.794226))-((x1+x1)+(x0-1.596000))))aq((12284.230456+(0.039223*(-325487.800485*(x1aqx1))))-((((x0+x0)aq(x1+x1))*1151.952081)+-1568.428339))))+(((26.028086+((((-31404.344804*x0)+76960.537338)aq((x0-x1)*-365.717212))*-0.027404))+(0.000003*(((x0-4.790870)*(386479.533424+(x0*-167352.363013)))*(((x1*x0)*14.112044)+((-45.306341*x1)+5.510621)))))+(49.685464*((36148.961418+(((x0+x1)*1378238.592731)+-12428661.512576))aq((((x0-753.678766)*(x0-0.691000))*88233.921561)+256090692.114594)))))))))
sbp,feynman_III_13_18,ok,4,200,0.961614,105.77639,441,2012.46,,-92.048812+81.657363*(((0.000001*(((-8.648987*((((x0-x0)+(-138.023572+((x1*x2)*32.493504)))aq((x3*x2)*(x1-x0)))+((((76.933416+(x0*-27.554655))aq17.339000)aq(23.677000+x3))+(3.059814+((x1*-2.093441)*((4.409149*x2)+-3.508015))))))+28683.441531)*(((0.125332*((x2*x1)aq(x2-x0)))+18.327551)*(((-0.273732+(0.000763*((893.273089+(-7.868123*0.000000))*((x3aqx2)aq(x1*x0)))))+((((x0*-4.777000)aq(x3+x3))*((x1*x2)aq(-13.467000-x2)))*-1.915617))*(1.670908+(((((x1*x2)*(x1aqx2))*0.147465)*1.003475)+(-0.005932+((x2-x0)*0.034402))))))))+((((0.000000+(0.000000*(((1601690193057925632.000000+((x2aqx2)*-1713741807714717184.000000))*((-27.351425*(x1*x2))+181.430091))aq((-455202486.096163*((x0aqx1)+(x2--5.274000)))+4815767647.538816))))*(((((x0*((x3*-22.327160)+59.942831))aq((137163507755.668442*(x3aqx1))+((-61062197438.117180*x3)+32665104049.960205)))*-0.000000)+0.000000)*(((((x0-0.000000)+(x3*x2))aq((x3*x2)*(x1-x0)))*-2.577243)+((2.577243*(((x0-0.000000)+(x3*x2))aq((x3*x2)*(x1-x0))))+0.000000))))*77435668982225570552094739078700077856927396198789437980672.000000)+((((0.157750+((((288716873389513472.000000*(x3*x2))+-2087544246052854784.000000)aq(298387229999646.375000*(x1-x0)))*-0.000002))+((((1601690193057925632.000000+((x2aqx2)*-1713741807714717184.000000))*(((x0*x2)*-0.000000)+0.000000))aq((-455202486.096163*((x0aqx1)+(x2--5.274000)))+(17766716456086891497960065042743296.000000+(-18731426289329846021786600218820608.000000*(x2aqx2)))))*5583840313109926027198464.000000))+(((((1601690193057925632.000000+((x2aqx2)*-1713741807714717184.000000))*((0.000000*(x1*x1))+-0.000000))aq((-455202486.096163*((x0aqx1)+(x2--5.274000)))+(3612595966.150587+(70247734.288827*(x2*x2)))))*(((x0*(-0.000036+(x0*0.000007)))*1020131869.345139)+45635.590615))*0.000804))+((((0.000000+(((-0.000000+(x3*x2))aq((9919541755743.500000*x3)+-11126823763908.078125))*0.217830))*(((1601690193057925632.000000+((x2aqx2)*-1713741807714717184.000000))*((-27.351425*(x1*x2))+181.430091))aq((-455202486.096163*(-1051013475981030269648896.000000+(233248687182685776379904.000000*x1)))+(17766716456086891497960065042743296.000000+(-18731426289329846021786600218820608.000000*(x2aqx2))))))*411307915029685383200768.000000)+(((((((9247073655.550013*x3)+-6613643275.326630)*(-31328374008.157097+(13729358783.453051*x3)))aq((137163507755.668442*(x3aqx1))+((-61708768128.217583*x3)+36138680325.140076)))*0.000000)+((-4452253396196553392128.000000*((-0.000000+0.000000)aq(-1931625522223.066406+(2013983776278.168945*x3))))+-0.075192))+((((1601690193057925632.000000+((x2aqx2)*-1713741807714717184.000000))*((-85911241770580.625000*(x1*x2))+181.430091))aq((821117133329777159909493690025931406573568.000000+((x1+13345129911.976826)*-61529347297341814187659704139776.000000))+(17766716456086891497960065042743296.000000+(-17153821010949292618659236436508672.000000+(x1*-150770269979901785589908347289600.000000)))))*-0.064887)))))))
sbp,feynman_III_14_14,ok,5,200,0.95671,1.730186,415,2003.76,,-54.702708+-0.913530*(((((((((((13.694000aqx4)*(x0*41.452447))+((x0+-2.406000)+(x1-x2)))+(((x2+x4)+(x1*x0))*((x4*x4)-(x4aqx4))))*(((((x1aqx3)*(x2aqx3))*831.848755)+-51.834552)aq(((x2+x4)-(x1aqx2))aq((x3-x2)-(x2*x1)))))*0.000007)+-1.188615)+((((x0*16.655000)*(17.562000aqx2))aq(-14.270976+(((((x4aqx3)-(x2+x4))aq((x3-x2)-(x1*x2)))aq(((-21.236000-x1)aq(x4+x1))aq((8.086000*x4)+(x2*x4))))*-32.583146)))*(((x2aqx4)*0.067607)+-0.036682)))*-1.639919)+((1.136867*(((6.501731+(0.157653*(((3.317741*(x3+x1))+-20.832895)*(((23.560000-x1)*(x3+x1))aq((0.000000*29.576108)+-17.118046)))))+((((((x1aqx3)*(x2aqx3))*((0.000000*-1.429592)+-829.710523))+((431.418005*(x1-x3))+602.419156))aq((-1400655971748.463379+(4746059954946.366211*(x2aqx0)))aq((x3-x2)-(x2*x1))))*-27805538.096391))+(((((((x1aqx3)*(x2aqx3))*831.848755)+-51.834552)aq(((226021895871.450562*(x4-x2))+199848681654.464783)aq((x3-x2)-(x2*x1))))*1042425.944768)+-0.044758)))+((((0.000827*((23942814030780.632812+(-57956192181591.406250*((x3-x1)+(x4+0.000000))))aq(-44220571060.040817+(99798759653.157364*((x3-x1)+(x4+0.000000))))))+((((((x1aqx2)*154524979410374240.000000)+-100565999389568912.000000)aq((-2695079011.270136+(2367391822.065415*x1))+(-612952624327318145335296.000000+(0.000000*x4))))*6711.346673)+0.480730))+((-65.472853+(0.000000*((-1400655971748.463379+(4746059954946.366211*(x2aqx0)))aq((34239831.348442+(x0*-6995748.290764))+((0.000000aqx0)*4271.666170)))))+(((6687987445384.118164+(((x3aqx2)aq(0.000000+x0))*-23855585995716.203125))aq((2413019890.499294*((x3aqx2)aq(x1+x0)))+-267263819.758415))*-0.000001)))+(((-0.000029*(((217332797407.924408*((x3aqx2)aq(0.000000+x0)))+((37466516465.973381*(x0aqx3))+-128453441990.780579))aq((2413019890.499294*((x3aqx2)aq(x1+x0)))+(((x0aqx3)*147147111.715141)+-681460397.626806))))+1.653549)+((((((-164651023915.758423*(x2*x3))+216899010351.947144)aq(-64358559690.641518+(46412471703.252235*(x2*x3))))*0.020987)+((((x2aqx0)*(0.000000-x4))*0.301191)+-0.945314))*((-4739187.566474*(x2aq(-1194659159.041833+(956982794.741838*x4))))+((((-1.112838+(5.794115*x0))aq((-21.690000-0.000000)*(x2-x3)))*-0.033037)+-1.095040))))))))
sbp,feynman_III_15_12,ok,3,200,0.025757,4.746263,533,2009.68,,18726.958835+2.562643*((((((((9301803.976648+(-9276876.276069+(-5376.292010*(x2+x1))))aq(-62.263414+((-5051.221072+((x2*x1)*786.300720))*(((22.197000-21.731000)*(x1+x1))aq((x2-16.126000)+(x1*x2))))))*0.000492)+(((((85.231986+(3.693120*(-16.045000+x0)))*((x1aqx2)+(x2aqx1)))*(56.069893+(((x1aqx2)+(x2aqx1))*-11.820531)))*0.000037)+-0.063978))*((0.000389*(((-5174.421477*(((x0+-4.982000)*(x2aq7.686000))*-0.074621))+40.698639)aq(-62.263414+(188.242980*(((22.197000-21.731000)*(x1+x1))aq((x2-16.126000)+(x1*x2)))))))+((-0.004576*((-0.690061*((x1aqx2)+(x2aqx1)))*(56.069893+(((x1aqx2)+(x2aqx1))*-11.820531))))+(-0.156411+(((0.004850*((x0--8.180000)*(x0aqx0)))+-0.062102)+(((98707511397.593765+(x2*-13645801713.401274))aq((x2-16.126000)+(x1*x2)))*-0.000000))))))*2099.985756)+(((-0.000000*((((((2452.759348+(-599.631614*0.000000))aq((x1*x2)+(-3.500000+x2)))aq(((x1-x2)aq(-12.142000aqx2))*((x1*x2)+(-3.877000+x1))))*-1370.895978)+599435.376350)*((9301803.976648+(-15586316.823786*(((22.197000-21.731000)*(x1+x1))aq((x2-16.126000)+(x1*x2)))))aq(-62.263414+(188.242980*(((22.197000-21.731000)*(x1+0.000000))aq((x2-16.126000)+(x1*x2))))))))+((0.008409*(((0.000000*((176236144525.161621+(x2*-18998311480.704376))aq((x2-16.126000)+(x1*x2))))+-2454.691818)aq(-62.263414+(188.242980*(((22.197000-21.731000)*(0.000000+x1))aq((x2-16.126000)+(x1*x2)))))))+(0.157528+(-24640464.314347*(((0.000000+(x1*-0.000000))*(x1+x1))aq((x2-16.126000)+(x1*x2)))))))+(((((-157.442879*((((x0+0.000000)aq(x2-x2))aq((x1*x1)-(3.504000+x1)))aq((1792.604252*(x2*x1))+-9808.824107)))+2435.633921)+(0.000006*(((((x1*914637173.181436)+1045075065.164145)aq((x1*x2)+(-3.500000+0.000000)))*0.000105)+((1560314571393.739990*(0.000001*(x2aqx2)))+(-1166337589.440024+(-783672.495736*(x2aqx2)))))))+(0.000000*((-2395790597804.662109+(((5465300090005639716723359450398720.000000+(x2*-13645801713.401274))aq((x2-16.126000)+(x1*x2)))*0.000000))aq(-62.263414+(188.242980*(((22.197000-21.731000)*(0.000000+x1))aq((x2-16.126000)+(x1*x2))))))))+(((((-0.000000*(((-6075280199866992558080.000000*x1)+7920986023828222115840.000000)aq((x1*56670360.090377)+-105661468.199985)))+-2435.423710)+(73.206861*((((x2*1.066147)+-1.661607)aq((0.000000*x1)-(3.504000+x1)))aq(-1337.369810+(2307.775104*(x2aqx0))))))+(0.000003*(((299174.965723+(x2*-50988.455807))aq(((-6869894196.624580*x2)+31617656166.527405)+(x1*x2)))*((1199483331.217821*((x1aq2.947545)+(x2aqx1)))+-3522803433.814659))))+(((((((x0+0.000000)aq(x2-x2))aq((x1*x1)-(3.504000+x1)))aq(((-998195790532501.250000*x0)+4173430180244445.500000)+-543.813006))*-22118637571292.019531)+0.041090)+((((-0.098124+((x2*x1)*0.018014))+(0.024397*((x2*x0)-(0.000000*x1))))+(0.000000*(((22.197000-21.731000)*-985121975024718848.000000)aq((x1*56670360.090377)+-105661468.199985))))+-0.039990)))))))
sbp,feynman_III_15_14,ok,3,200,0.972421,0.001846,531,2010.17,,0.031156+0.000000*((((((((0.067783*((((384503456.691114*x2)+-457410407.848230)aq(-182.605498+(145.810467*x2)))*((-122.004051*(x0+8.598000))+1225.662365)))+(30358304.833743+(0.001930*(((x0*91657555622.710190)+-129829873492.580261)aq(-182.605498+(145.810467*x2))))))*((((-53328.886693+(6483.781200*(x0*x1)))*(((x0aq-21.361000)-(0.398717aqx1))aq((-8.018000-x1)*(x2*x2))))+0.648858)*((-3447971490667313.000000*(1599.012211+((x0+x1)*0.000000)))+5513348518269850624.000000)))*0.000000)+-6661.645973)*((63.664006+(((((((0.000000aq-21.361000)-(x0aqx1))aq((-8.018000-x1)*(x2*x2)))*-36.024916)+0.460942)*(x0aqx2))*-13.111075))-(((((-153.844221*(((x0aq-21.361000)-(x0aqx1))aq((-8.018000-x1)*(x2*x2))))+0.648858)*x0)*2.141626)+((-10.809711*(((((18.019000aq23.138000)aq(x2aq-14.473000))aq((x0*x1)+(-3.711000aqx0)))+((0.443233-(x0+x2))*((x0-0.000000)+(x1*0.000000))))aq((((x0-x2)-(x1*x1))*((x1+x2)-(-23.204000*x0)))-(((x2-x2)-(x1+21.927000))-((x0*x1)+(21.386000+x1))))))+((((12.851591+((x0aqx1)*-19.511867))*(((x0aq-21.361000)-(x0aqx1))aq(-182.605498+(145.810467*x2))))*-1.876043)+(-68.572153+(-0.002353*((550.562977+(x2*-628.073650))aq((x0*x1)+(-3.711000aqx0))))))))))+((((0.000003*((135013982263249.031250+(1341060134757.437256*((-8.018000-x1)*(x2*x2))))aq((-12.484674*(338913.977769aqx2))+2502904.032634)))+-1477.500633)+(0.000000*(((0.067783*((((384503456.691114*x2)+-457410407.848230)aq(-182.605498+(145.810467*x2)))*((-122.004051*(x0+8.598000))+1225.662365)))+((0.065697*(((x0*2856773427.684333)+-4416035984.868452)aq(-182.605498+(145.810467*x2))))+((0.000145*(27877402308.160156*(x2*x0)))+(((x2aqx0)*-14895897.319275)+8711461.455025))))*((((-53328.886693+(6483.781200*(x0*x1)))*((0.003677+(-0.001137*x0))aq(-11.088821*(x2*x2))))+(((x2aqx2)*-15.298437)+14.885115))*(((-0.000012*((0.000470*x1)+8.222509))+-1599.012110)+((x0aq((6.384521*x2)+-10.487144))*4756.544686))))))+((((-45298.735635*(((-0.000012*((0.000470*0.000000)+8.222509))+(-3442.518462+((x0aqx2)*5845.601300)))+((x0aq((6.384521*x2)+-10.487144))*(((x2aqx0)*17974.924931)+-11579.974023))))+((72.402402*((-79167816.341168+((x2aqx0)*1497980908.423849))aq(((x2aqx0)*95046.473966)+-30986.055833)))+(-58374023.392553+(((-359800951861970.312500+(103614350911248.437500*x0))aq((5413116.614643*x2)+-9969625.997367))*-0.038134))))*-0.000060)+((((((((0.000000*x2)*-2641386145935.567383)+16143117909544.238281)+((2016920050223584512.000000+(x1*-604014165251809152.000000))*1497980908.423849))aq(266387955.484669+(36194517.583406*((x0aqx0)-(x0+x2)))))*(0.000000+(-0.000000*((-247.438730+(133.688991*x0))aq((x0*x1)+(-3.711000aqx0))))))*-0.000000)+(((((((384503456.691114*x2)+-457410407.848230)aq((-29113141.877346*x0)+120141162.544045))*-21.913641)+852.163141)+((((384503456.691114*-2.479205)+-457410407.848230)aq((203555.019324*x2)+-330344.602990))*0.032234))+((0.008702*((12.851591+((x0aqx1)*-19.511867))*(((x1*x2)*11359.365953)+-45579.730801)))+3151.144379)))))))
sbp,feynman_III_15_27,ok,3,200,-0.010708,1.433256,561,2003.95,,1.778383+0.861139*(((((0.750394*((1.054952+(((((9.640000aqx0)*(-20.637000aqx2))-((x1+x1)-(x1+x1)))aq(((x1-x0)*(x2+-7.309000))-((x0aqx0)+(11.938000+0.000000))))*-0.009250))*(((x0*-6.810000)*(-4.731000aqx1))aq((x0+10.525000)*(x2+x2)))))+((0.006485*((-0.782514*((((9.640000aqx0)*(-20.637000aqx2))-((x1+x1)-(x1+0.000000)))aq(((x1-x0)*(x2+-7.309000))-((x0aqx0)+(11.938000+x2)))))+(((((x0aqx1)*3.477331)+9.282758)+-11.358136)+(-36.809567*((18.358000-x1)aq(x2*-23.440000))))))+(((((((9.640000aqx0)*(-20.637000aqx2))-((x1+x1)-(0.000000+0.000000)))aq(((x1-x0)*(0.000000+-7.309000))-((x0aqx0)+(11.938000+0.000000))))*-0.002058)+-0.003659)+(-0.000768*(((((-38.613505*x2)+-176.935492)*20.644000)+(x0aq3.813000))aq(-5211.234263+((21.951213*(x1aqx0))*439.890237)))))))*8.035943)+((((4.276758+((((-110.186354+(-5.232581*(-9.600976aqx1)))+(((-1000.463770*x2)+602.322727)+(168.395394*(x0*x2))))aq(-5211.234263+(9159.006365+((-20.637000aqx2)*312.056541))))*0.021005))+(0.000000*(((9255009873.066690+(-10362972918.998030*(x1aqx1)))*(655154.616315+(-693011.866945*(x2aqx2))))*((0.078196*((x1-0.000000)aq(x1*x1)))+-0.026463))))+(7.737620*(((((((x0aqx2)aq(x1*x0))*((0.684700*x1)+-0.246521))+-1.126203)*((((9.640000aqx0)*(-20.637000aqx2))-((x1+0.000000)-(x1+x1)))aq(((-6913.030988*x0)+27863.976310)-((x0aqx0)+(11.938000+0.000000)))))+(-0.362328+(0.019405*((18.358000-x1)aq(2103.445798+(-487.929738*x0))))))+((-0.001335*((((9.640000aqx0)*(-20.637000aqx2))-((0.000000+x1)-(x1+x1)))aq(((0.000000-x0)*(x2+-7.309000))-((x0aqx0)+(11.938000+0.000000)))))+(-0.281581+(((-968.205686+(x0*225.908213))aq((x0*-261.351279)+1207.664451))*0.003758))))))+(((((-4.775156*(0.234593*(((x0aqx2)aq(x1*x0))*(-0.830801+(0.598170*x2)))))+0.035770)+(-20.942748*((-8.106772+(0.521915*((x1-x0)*(x2+-7.309000))))aq(((x1-x0)*(x2+-7.309000))-(1512.770991+(-5257.958511*(x1aqx0)))))))+((((-8.106772+(0.521915*((x1-x0)*(x2+-7.309000))))aq(((x1-x0)*(3030.562457+(-1107.307153*x2)))-(1512.770991+(-5257.958511*(x1aqx0)))))*-9.323262)+-0.505508))+(((-0.199831+(-0.000007*((0.828695+((x2aqx2)*-0.764981))*((-1002874.022242+(x2*130774.508479))aq((36.345152*x1)+-52.184539)))))+(((((18.358000-16.560839)aq((x0*7979.529043)+-13490.249981))*-1.761878)+-0.159530)+(-0.012579*((-615.838036+(x1*429.926528))aq((36.345152*x1)+-52.184539)))))+((((-8.106772+(0.521915*((x1-x0)*(x2+0.000000))))aq(((3247.618329*(x1aqx0))+-916.567140)-((-1905.004581*(x2*x1))+9529.874096)))*5.687518)+((((((9.640000aqx0)*(-20.637000aqx2))-((0.000000+0.000000)-(x1+x1)))aq(((x1-x0)*(0.000000+-7.309000))-((x0aqx0)+(11.938000+0.000000))))*-0.010213)+((0.398392*((75.066234-x1)aq(13376.099089+(-3496.774632*x1))))+-0.199087))))))))
sbp,feynman_III_17_37,ok,3,200,0.989002,0.711759,421,2007.44,,148.694969+-0.515741*(((((((((((-3.862000aqx2)aq(x2-6.537000))*422.028790)+163.307094)*((0.242558*(((x1aqx2)*-380.935910)+334.343408))+0.404964))*(-71.431287+(0.998037*((x1*x0)*(x1+8.608000)))))*0.000000)+11.318297)*(((-15.312731+(-0.000004*((-28733.072279*((x1+x0)aq(2.747000-x2)))+((19012.795437*(x1+x0))+(-39849.020303+(x2*-10815.627753))))))+(((-1136891642.010060+((0.000000*-0.028328)+1136891642.010060))*(((x2aqx2)*(x1*x0))-((15.701000aq-9.910000)*(x0aqx0))))*-0.000039))+((0.000161*(((6153.574296+(16466.747366*((-3.862000aqx2)aq(x2-6.537000))))aq((x0aqx0)-(x1aqx2)))*(((x2aqx2)*(x1*x0))-((15.701000aq-9.910000)*(x0aqx0)))))+(-5.169555+(((((x1*20.627000)+(x0aq3.810000))aq((3.003233*x2)+-3.213358))+(((x1+x2)-(x0*-8.437000))*((-4.623000aqx0)-(x1-x2))))*-0.003675)))))+((-10.963963*((0.000018*(((((-3.862000aqx2)aq(x2-6.537000))*422.028790)+163.307094)*(((-389.617182+((x1+x2)*70.838392))*((-4.090000+x2)*(x2-0.815000)))+0.404964)))+((((((x0*x1)-((2.828108*x0)+0.412496))aq((x2*x1)*(x1*x0)))*(-938.631881+((x2*x1)*270.551844)))*0.000628)+((5503764.387942*((((x2*99.855990)+-301.930232)*((-4.090000+x2)*(x2-0.815000)))*(((x1*-0.000000)+0.000000)+((x2*x1)*0.000000))))+-10.358663))))+(((-0.000000*((((((-3.862000aqx2)aq(x2-6.537000))*422.028790)+163.307094)*((-5380.232785*((x1aqx2)aq(x2-x0)))+(925.945062+((x1aqx2)*2710.880893))))*(-71.431287+(0.998037*((x1*x0)*(x1+8.608000))))))+((-0.043795*((((4167962668266.353516+(0.000000*x2))*((0.271858*x2)+-1.121246))+-21377650.009774)aq((129037683487.393250*((-8.679768*x2)+32.687884))+-410360954504.595581)))+200.559733))+(((((((4167962668266.353516+(0.000000*x2))*((-2.579561aqx2)aq(x2-6.537000)))+-21377650.009774)aq(((-38330246293742.625000*(x2aqx2))+36130888838358.101562)+-410360954504.595581))*(((x2aqx2)*(x1*x0))-((15.701000aq-9.910000)*(x0aqx0))))*-0.006324)+((((((1837469.768327*x1)+-3035306.387861)+(x1*-83.262616))aq((-305179322.109711*(x2aqx2))+289047173.442054))*-0.050997)+(200.687365+((((-0.000000+(x0*0.000000))*((-4.090000+x2)*(x2-0.815000)))*(((x1*-0.000000)+0.000000)+((x2*x1)*0.000000)))*176221519378501184.000000))))))))
sbp,feynman_III_19_51,ok,5,200,0.03046,0.977911,357,2006.07,,-0.045613+-0.069194*((((1.028106+(((((((34.733463*(x1aqx4))+-3.316556)*(((0.000000aqx2)-(x2+0.000000))aq((x4+x2)+(x3-x1))))+-1520419306614881506858763698777338952623100803466371026169416319565920468992.000000)+((((x1*x2)*(x3*-1923237206568188811068848472064.000000))*-33966656692536665105215346917140951673602048.000000)+((2971657028632771736369941708800.000000*((x1*x2)*(x3*-30612033254717278129407441053982706876022784.000000)))+1974753542296198650871199491297316289916658682415182812380097492073981149184.000000)))aq(((-10329706104518969003266277376.000000*((-19768.245187+(x3*222.659714))+18915.157706))+195515462539255382835253603205120.000000)-(((((x3*-13724724155630234883532731147726011388504571904.000000)+15865984189020068360151191170457346742924869632.000000)*(56772458245066700929063976960.000000+(x1*-23948514721648205309899964416.000000)))-(x0-x0))+(((466498740781319958782596349952.000000+(x3*-124751211703633710077156786176.000000))-x4)aq(x2*x3)))))*-0.000000))+(-0.002046*((((0.108977*(((-27072.656912*(x1aqx3))+18915.157706)aq(x4*x2)))*3.454618)+-4.701711)*((-0.088623+(0.108977*((x1*24.189000)aq(x4*x2))))*(x0aqx4)))))+((0.000000*((-227453412.024958+(0.000000*((11835344006833956524901871928331829824159384111939584.000000+(((x1+0.000000)aq(x2+x3))*-11883548434229417508209810834925541886714204752183296.000000))*((((x1+0.000000)aq(x4*x3))aq((x3*x2)*(-15.181000*x3)))*(9031710974198.830078+(-13129377800874.945312*(x1aqx2)))))))aq((((x2*x2)+(x3--20.909000))+((x1+x1)+(-17.325000+-16.237000)))-(((x4*x3)-(x0-x0))+((x3-x4)aq(x2*x3))))))+(((((((((-1242466880076006293504.000000*0.000000)+4880066029338222395392.000000)+-258370.662723)*((5072047835871234228224.000000+(x1*152096746196707606528.000000))aq((-25495849008572264734565335040.000000*0.000000)+100597921369151781235310198784.000000)))*0.000000)+((-0.826177*((-5072047835871234228224.000000+-1586183726128105927060861572288782220809624378057007562752.000000)aq(-2946892614294702796946777095997991158839624854216745418752.000000+(x3*2179081910668439062439301622590351694278453085612411977728.000000))))+-1.697319))*0.185213)+0.071653)+((((0.001044*(((3517.587120*(x1*x1))+-63027.844174)aq(((x1*-31.392260)+140.670764)*((-6.950768*x1)+37.535267))))+-0.007660)+(((965431434.523799aq(x0+-11.851000))*((x2-x1)aq(0.000000-x3)))*-0.000000))+(((((-122.517547+(64.024539*(x2aqx2)))+(((x4aq20.112000)aq(x4aqx3))*454.222572))*(((-27072.656912*(x1aqx3))+18915.157706)aq(x4*((-17032.195909*x3)+73526.980116))))*-0.037206)+((((((-1242466880076006293504.000000*x1)+4880066029338222395392.000000)+-258370.662723)*((5072047835871234228224.000000+(x1*152096746196707606528.000000))aq((-25495849008572264734565335040.000000*x3)+100597921369151781235310198784.000000)))*0.000000)+(((((-0.766571*x0)+5.684290)aq((0.000000+0.000000)+(x3-x1)))*-0.351245)+0.007120))))))))
sbp,feynman_III_21_20,ok,4,200,0.910436,3.255949,371,2009.6,,-202301.880076+-6.014546*(((-1.537437*(((((x0*-4.777000)aq(x3+x3))*((x1*x2)aq(-13.467000-((13.866307*((x3aqx1)aq(x2*x0)))+-31.901079))))*1.005967)+((((((x3aqx1)*-11622.011730)+7059.813187)aq(((-1.284459*((x0-x3)+(x1+x2)))+14.500627)*((((x3*x0)+(x3*x2))*395.426070)+-4040.756574)))*0.015143)+-0.042313)))+(((((0.000000*((220.262301+(((x0*-10.034864)aq(x3+x3))*57.434900))*(((1038.237228-5427.827564)+(-199073.767128+(x1*56350.795384)))aq(((x1+x2)*-355.452534)+2673.844534))))+-14106.450914)+(((-50734.055399+((((1038.237228-0.000000)+(x3*x2))aq((x3*x2)*(x1-x0)))*111.543602))aq(((-1.284459*((x0-x3)+(x1+x2)))+14.500627)*(((386408.892576*(x3*x0))+-2241052.962294)+(49993812.773919+(70922160.017185*(x1-x0))))))*-20.275077))+(((0.018355*(((((x2*-0.006637)+0.013819)aq(x3+x3))*((2459949.579333+(-576723.562822*x0))+(-0.054902*(x1*x2))))*(-0.003911+(0.004406*(x0aqx3)))))+-0.233828)+(((20.140221+((((x3*-14246434652.653852)+25572078424.771049)*((x0-x3)+(x1+x2)))*-0.000000))aq(((-1.284459*((x0-x3)+(x1+x2)))+14.500627)*(x3+x3)))*-0.220846)))+((-0.000001*(((((((x3*x2)*-146393152.415431)+920602007.570514)aq((1429.455850*(x3aqx1))+-809.542038))*-0.000000)+142262.555209)*(((0.000000*(((x2*69.751756)*(x1*x1))*((x1*-22713.109225)+102733.650701)))+142262.156016)+(0.000363*(((1038.237228-5427.827564)+(-199073.767128+(x1*56350.795384)))aq(((x1+x2)*-355.452534)+2673.844534))))))+((((((((x3aqx1)*9906529.843332)*0.004012)+-16120.920436)+7059.813187)aq(((-1.284459*((x0-x3)+(x1+x2)))+14.500627)*((((x3*x0)+(x3*x2))*395.426070)+-4040.756574)))*-0.002345)+((((-64282118426543037746765526728704.000000+((x0+x1)*7435291274337240982937239814144.000000))aq((-31056711118239027609731072.000000+(x0*6987778702288959374884864.000000))-x2))*-0.000000)+(((0.223282*((0.283217+(-0.165434*x0))aq((x3*x2)*(x1-x0))))+0.012693)+(28688.828990*((((x3*x2)*-146393152.415431)+920602007.570514)aq(((x3*x2)*723773559017587.625000)+-965941150703413.000000))))))))))
sbp,feynman_III_4_32,ok,4,200,0.965104,1.400506,439,2014.85,,17.306757+3.062045*(((0.563538*(((3.678405+(54.897683*(((((x0--17.942000)+(2.636000aqx3))aq((x0aqx0)-(x3aqx0)))aq(((-23.423000-x0)*(x3*x0))-((0.000000+0.000000)aq(x2*x2))))aq((((x1+x0)aq(x3+x1))*((x1*x0)+(x1-x0)))*(((x0+x0)-(4.125000+-17.666000))*((-6.947000-x1)aq(x2+x3)))))))*((x2*x3)aq(x1*x0)))+((-0.027241+(11.197659*(((((x0--17.942000)+(2.636000aqx3))aq((x0aqx0)-(x3aqx0)))aq(((-23.423000-x0)*(x3*x0))-(-2567.685590aq(x2*x2))))aq((((x1+x0)aq(x3+x1))*((x1*x0)+(x1-x0)))*(((x0+x0)-(4.125000+-17.666000))*((-6.947000-x1)aq(x2+x3)))))))+(-0.007497*((((x1aqx1)*1460.613708)+-1317.061336)aq(x1*x0))))))+(((-0.010497+((((((x0--17.942000)+(2.636000aqx3))aq((x0aqx0)-(x3aqx0)))aq(((-23.423000-x0)*(x3*x0))-(83.027603+(-149.663909*x0))))aq((((x1+x0)aq(x3+x1))*((x1*x0)+(x1-x0)))*(((x0+x0)-(4.125000+-17.666000))*((-6.947000-x1)aq(x2+x3)))))*5.049056))+((((((x0--17.942000)+(2.636000aqx3))aq((x0aqx0)-(x3aqx0)))aq(((-23.423000-x0)*(x3*x0))-((x1+x0)aq(x2*x2))))aq(26898.621668+(-480.716679*((((x2aqx1)*(-17.174000*x3))*-0.009037)+54.606477))))*23.182437))+(((((971180438103140929986994634752.000000+(-2043472973484343926241017987072.000000*(((x2-x0)+(x0aqx2))aq((23.134000aqx0)-(x2+x1)))))*(-2128.085721+(((298783063619.573547+(-72891223053.757385*x2))aq((23.134000aqx0)-(x2+x1)))*7553.071545)))aq((0.241333*(5.904007*((x0aqx2)*(x1*22.353000))))+-52.105390))*-0.000000)+((((((((0.000000--17.942000)+(2.636000aqx3))aq((0.000000aqx0)-(x3aqx0)))aq(((-23.423000-x0)*(x3*x0))-(-205.473521+(-126.604393*x2))))*-0.008096)+-0.108116)*(10.904393+((((250.913480+(x2*-88.478802))aq((x0aqx0)-(x3aqx0)))aq(-2520.578061+(832.127381*(x1*x0))))*0.451693)))+(((((86168.494688+((x1aqx1)*-59942.455896))aq(((0.000000aqx2)*5383.239530)+(-33279.024033+(x2*8650.537086))))*-0.001165)+((-0.024180*(((-3.773491*x3)+15.495693)aqx1))+-2.240606))+(((((-9.375558+(3.536968*x2))aq(2620.671943+(-532.931162*x0)))*-0.356349)+-1.143057)+-1.146279)))))))
sbp,feynman_III_4_33,ok,4,200,0.893227,1.363699,311,2008.79,,4.733559+0.000000*(((((((-4627203500434280956297216.000000*(((-0.000000*((x3*x2)+(0.000000-x0)))+-1882.577065)+(((12.592000-x3)*0.000000)+-1882.577065)))+-17422134371302786050723676160.000000)+(((((x3*x2)+(x3aq11.873000))*-405.872082)+(0.000000+(205.367394*(1.976322*((x3*x2)+(x3aq11.873000))))))*-2231538218368101018238976.000000))+31759353184293.218750)*(((-202381.331254+(342835597710085760.000000*((((x3*x2)+(x3aq11.873000))*-405.872082)+((405.872082*((x3*x2)+(x3aq11.873000)))+0.000000))))+5775029.045160)*(((22.591895*(-34137416786710756.000000+(((-0.000000*x2)+((x2*0.000000)+1882.577065))*(2459730380947.759766+(-1132388.058931*-13841203.200000)))))+-2279.575305)*((((x3*x2)+(x3aq11.873000))*-405.872082)+(1882.577065+(((x0*x1)+(x0+x0))*23.404683))))))+(((((22.591895*(3.841806+((((x0aqx1)*4.962811)+-8.034364)*(((x3*0.000000)+82.053185)aq((x2-x3)*(-11.659000-x3))))))+-2279.575305)*((((x3*x2)+(x3aq11.873000))*-405.872082)+(1882.577065+(((((x3*x2)+(x3aq11.873000))*-9.189120)*-44.168765)+-1882.577065))))*38897885469527489685780055491346432.000000)+(((((((((x3*115.799494)+-207.965631)*0.000000)+(((x3*x3)*-0.000000)+((-0.000000*x2)+-1882.577065)))*-7132863085224922.000000)+-13428164453025544192.000000)*((((((x3*x2)*(x3--39.648234))*9.321792)+-2145.686920)+((-22.667629*((x0*x1)+(x0+0.000000)))+((-70.458466*(x2-x3))+396.315503)))*(((((-22858.738086*x2)+119651.292468)+-0.120086)*0.000013)+(((126129.646682aq(x2-x0))*0.000008)+-0.917405))))*42080780206812553216.000000)+(((-818915136888637696.000000+((((x3*x3)*-0.000000)+((-0.000000*x2)+((x2*0.000000)+1882.577065)))*434996873197272.750000))*-437693253087302508347392.000000)+(338891161333985890149217305844977212850176.000000+(((((x3*115.799494)+-207.965631)*0.000000)+((-0.000000*((x3*x2)+(0.000000-x0)))+1882.577065))*(-78981900441163788564592349991468531712.000000+(((1882.577065+(-0.000000*x1))*25760099253866.414062)*-2083345093862178160640.000000)))))))))
sbp,feynman_III_7_38,ok,3,200,0.953967,9.156994,327,2005.63,,1.781621+14.989898*((((((((x1*x0)aq(8.934000*x2))*-0.017757)+0.000123)aq((-6.311000*-7.582000)-(x1aqx2)))*-18312.270777)+((((((1.004601*((-67.479469*((0.000000--23.168000)aq(x2-x0)))+(((x2aqx1)*517.604573)+16732.686554)))+-15971.650923)aq((-48.359038+((((x0*x1)aq(x2*-7.088000))*244.128337)*0.112062))-(x1aqx2)))*0.003688)+((181.213079*(((((x1*x0)aq(8.934000*x2))*-0.017757)+0.000123)aq(-4593.292304+((((x0+-3.444994)*(x0aqx2))*-39.712972)+4716.036721))))+((-0.004450*((37039617728.556046+((x0aqx2)*-44081954002.528740))aq((x0aq-16.616000)*((-4809697419.498956*x0)+24642683131.266888))))+0.009741)))+((((-0.013706*((((-254903423.392837*(x1*x2))+1885318561.626067)+((-363943787.261221+(220123966.906908*x1))+(37284699.604993*(0.000000aqx1))))aq((((x0*-0.007207)+-46386961999.639023)+(-2.564717*(0.000000-x0)))*(0.192988+((x1aqx2)*-0.127564)))))+(-0.019247+(0.039022*(((x1aq-12.024000)+(10879607288016354148352.000000-x1))aq(((301564190258.231689*x2)+-601764440729.944336)*((-536285512448.623840*x0)+1828539593021.442383))))))+((((x1*((-28680482751246576193110016.000000+(6638891669552452843077632.000000*x1))+131902291.628882))aq(8454509219002582.000000+((x1+x0)*-1064217570535480.125000)))*(((((x1aqx0)*-272.058787)+249.149780)*((2552512240818571.500000*(x2aqx2))+-2436283996952087.000000))+-0.000000))*0.000000))+(((((-0.000000+(((x0--23.168000)aq(x2-x0))*0.000000))*((-32754850.840779*x1)+((1.417640*(23105190.949494*x1))+((-0.000000*x1)+-0.000000))))aq(8454509219002582.000000+((x1+x0)*-1064217570535480.125000)))*-39084623722101767457458439939824799147098112.000000)+((0.040005+(0.000000*(((7880061636036547051520.000000aq-12.024000)+((789914257488498539462093220583623884800.000000*x2)+-2507575754724486592295515940269414416384.000000))aq(((301564190258.231689*x2)+-933568401700.160889)*(-366492948983.110474+(132636847802.326599*x2))))))+(((-0.000034*(((-10898377311.131107*x1)+-662096703999.617432)aq((x1*-1769917153.832785)+8630903145.933071)))+((-0.052677*((x2-x1)aq(x1+x1)))+-0.014924))+(0.000598*(((-693775887845.051880*(x0aqx1))+955435299007.351074)aq((x0aq-16.616000)*((-121826453040.710342*x0)+565583996507.986084)))))))))))
sbp,feynman_III_8_54,ok,3,200,-2.293919,0.623948,539,2072.36,,161.874440+0.000000*(((-6697250.226847*((((0.000556*(x0*(-485.080331+(((x2aqx2)aq(x0-x1))*561.372016))))+14.079504)+(((((((-18.680000aqx1)*(0.000000+x0))*((x0*x0)*(x2aqx1)))aq(((x1*x2)+(x2-x2))*((x1-x2)*(-18.320000aqx2))))aq((((x0-x1)-(x2+-0.756000))-((x0*x0)-(x0aqx2)))*(((x2*x2)+(x0-x0))aq((-17.002000+x0)+(x1aq10.899000)))))+(4609.372969+(((x1+10.203000)aq(x1aqx1))*-509.096379)))*-0.002009))+((-0.000029*((-1420752.233518+(-1302.041746*(((x0*x2)-(0.000000aq16.687000))aq((x1*-102.101908)+198.242655))))+(((((x1*x0)-(-5.371000*x1))aq((x2-x0)-(x1+x1)))-(40.121856+((x2-19.324000)*2.076435)))*-3164.350231)))+(((((((x0*x0)-(x2+x1))+(1454681.882853*(0.000000*0.000000)))*((-3.702678*(-5.143000aqx0))+-10.054036))aq((((x2-x2)+(x0-x2))+((x1+x0)aq(4.099000*x0)))-(((x1aqx0)-(x2*x0))*((-18.045000*x0)+(x1-x2)))))*-0.109585)+((((((x0+13.689000)-(0.000000aq-13.429000))aq(-50.231140*(1.779000-x1)))*(2843.952542+((x1aqx1)*-3122.741608)))*-0.000042)+((50.839166*(((x0+13.689000)-(x1aq-13.429000))aq((x1*12678549.387921)+-13535015.379584)))+19.104980))))))+(((((((943407137337795997073408.000000+(((649887332987641844513130099507200.000000*x2)+-3283185188150915186033345716813824.000000)+-1231694462268260715794188753436672.000000))aq(-23343347416067961843089408.000000+((72321777162712319148429292930120122630144.000000*(x1aqx2))+-35865662722099294001677192112819178307584.000000)))*48967194.304255)+1547.456409)*(((((((x1*x0)-(-5.371000*x1))aq((x2-x0)-(x1+x1)))-(40.121856+((x2-19.324000)*2.076435)))*(-2.320831+((756.400580*(x2aqx1))+-855.249859)))*-0.380025)+5140.239035))+((1749375239379.033691*(((-80203649172244298096181248.000000+(((x1+-0.073335)aq(x2+x2))*363938458554013404329148416.000000))aq(-23343347416067961843089408.000000+(51992220017830000112697344.000000*((x1+x1)aq(x2+x2)))))*(-0.000000+(0.442306*((0.143829+(-0.074541*x1))aq((x0*5822533.262405)+-7369747.496563))))))+(8075512.576778+(((40303533424.107094*((0.143829+(-0.074541*x1))aq((x0*5822533.262405)+-8036025.740988)))+((832672.127895*(x1aqx0))+-761502.622955))*1.258909))))+(((((((((x1*x1)-(x1*x2))*(-3188.008996+(1045.032148*x2)))*0.365654)+(-154.591196+(-53.370423*((x0*x2)*-1.634349))))*((-1.917935+(0.000004*(471900.893401aq(x0-x1))))aq((x2+(8.971939+(-3.133610*x2)))+((-1.424348*(x0*x2))+9.019036))))*-13120.503716)+(((((2925197017479083877254563593014438835576111104.000000+(-866904368977485834835446128750171483057160192.000000*(x0*x2)))+(((x1aqx2)*2789111740136557998171450473709568.000000)+(17237946368162861805886776011203259425995358208.000000+(-7007529781163197828378459781072907880810676224.000000*x2))))aq(-23343347416067961843089408.000000+(((x1*x0)*36546055247960671544968786536386946662400.000000)+-56285769266514592697188168785236768849920.000000)))*0.093428)+5148890.728395))+(((((-44390951128421696.000000+((x0aqx0)*56373606487769568.000000))aq(((954870341.871568+2614243063.695186)+(x2-x2))*((x2*-17485678736.233624)+54057007217.214554)))*-53443553.829155)+((16954.929417*((((-18.680000aqx1)*(0.000000+x0))*((x0*x0)*(x2aqx1)))aq(((x1*x2)+(x2-x2))*((x1-x2)*(-18.320000aqx2)))))+2655018.961980))+(2575694.593405+((10577723992.736664*((0.143829+(-0.074541*x1))aq(((x1+x0)*-14406.246547)+51027.011623)))+-79357.188293)))))))
sbp,feynman_III_9_52,ok,6,200,0.92819,4.876871,389,2006.84,,-50.224338+0.224956*((((((((((((1412266612.471990aqx3)aq(x5-x4))*((-7651.261270*0.000000)+10613.159636))*0.000000)+-0.000008)+(5.086171+(-0.000001*(((305.074818aqx3)aq(x5-x4))*(87827.890780+(x3*-0.000008))))))+((-19776.524402+((((0.000000+-11.868795)aq(x4-x5))*(0.509640+(0.000000*-0.145402)))*-3.928228))+(((-22.330376+((x2+0.000000)*3.786662))*x1)*1.899577)))*0.030859)+596.071180)*(((((((((x0aqx3)aq(x5-x4))*548.688937)+(-79.016877+((x0aqx3)*-282.073765)))aq(((x2aq-14.675000)-(x5*15.066000))aq((x2*x5)+(x1+x2))))*0.048534)+5.187364)+(1.270396+(30.553838*((0.602885+(((x1*x2)-(0.000000+x0))*0.105207))*((x0aqx3)aq(x5-x4))))))*((0.000000*((((((x2+-11.868795)aq(x4-x5))*19980460.486198)+148712115.598494)+-9.072095)*((-1107.394679*((x3-x2)-(x2*x1)))+-4000.695821)))+((((-22.330376+((x2+x5)*3.786662))*(2.222917+((x0aqx3)*-2.979095)))*-0.002324)+-0.352187))))+((1.080177*(((((0.032204*(((x2+-11.868795)aq(x4-x5))*((x3*1574357.339701)+-16168635.815596)))+-3650506.893064)*(0.000000+((((0.000000+-11.868795)aq(x4-x5))*(0.509640+(x2*-0.145402)))*0.000000)))*4492364.167644)+((-0.472068+((((0.000001+x0)aq(0.000000-x4))*((x1*-92547898.814251)+243719355.980608))*-0.000000))+((59431906987197.765625*(((0.000000*(37688038.080753-x4))+-6.501888)*((0.000000+x0)aq(290059571.721888+(-113131590.492898*x1)))))+(-8.480353+(((-0.077830+x0)aq(0.000000-x4))*-3.845885))))))+((-0.000000*((((((262144.000000+(493529501785410961408.000000*x4))+-176132396884290174976.000000)*((-183692483.833772+(x1*92547898.820412))+183692483.211502))*898956624471336550400.000000)+-87077725850837570516491960320.000000)*((-98792909212727.078125+((((x1aqx3)*(x2+x0))*-31.722138)*-989560223670.903564))*((((0.000000*73951384.129915)+-206942285.559401)+((1563438139749257062818903471044072268213811422774047596333543398521539022290944.000000+(-977082161890608574041832384876944899926039001588674962730666400215132385837056.000000*x3))*(-0.000000aq(x4-x5))))*(((1.000000+(0.000000*73951384.129915))*-1.000000)-((-192640.540469+(x2*85923.874486))*x1))))))+((((163521080873.521179+(-480777113008202880.000000*(((x1aqx3)*-0.000003)+0.000002)))*(((((305.074818aqx3)aq(x5-x4))*-87827.890761)+9983833.350135)*((((x2+-11.868795)aq(x4-x5))*49776.254228)+(((-19155.412426*x5)+329781.488205)+(-398575.906357+(x2*297047.101753))))))*-0.000000)+190.475193)))))
sbp,feynman_II_10_9,ok,3,200,0.914202,0.062885,387,2004.36,,-7.394530+0.000017*(((((((33.869868+(-202.069064*((x0aqx2)aq(x1+x1))))-(x2+(34.009606+(-46.414612*((x1aqx1)aq(x2aqx2))))))*-1.221675)+((172.354678*((0.021217*(((x2*x1)+(-20.496000aq-17.820000))aq((x1*x1)-(x0+-1.744000))))+(((x2-x1)*-0.010240)+((0.045547+(0.086672*-0.043327))+(((14.435000aqx1)aq(x1-x2))*0.001728)))))+((((x0aq(((x1aqx0)*677910319632266240.000000)+-388834725436230272.000000))aq(((310987131256361734635520.000000*(x1*0.000052))+-18000974411921330176.000000)+-4.466494))*55589062124304021276517645913423872.000000)+(((((393625285948285440.000000+(-81034643453459888.000000*x1))*x0)aq(-73209530446811008.000000+((x2aqx1)*123334845642590784.000000)))*-0.004302)+(((((-74.002840*0.000000)+594.813542)*((-24.013000aq23.500000)aq(x2-x0)))*-0.009174)+((0.353212*(7.968926aq(x1-x2)))+10.114915))))))*350.928444)+((-68919.179253*((((-0.000000*((-27384648354233258544371241100374681059328.000000+(-3203235189501323552641254155610652409856.000000*(-23.531000aqx0)))aq(((x1aqx0)*677910319632266240.000000)+-388834725436230272.000000)))+2.018866)+(((0.000000+(((x0*x0)aq(x2*x2))*-0.000000))aq((((x1*1.070334)+-1.235953)*(3.814928+(-2.710000-x1)))+(-8984044522158159872.000000+((x1*x1)*835266184074504192.000000))))*223225032090818079811457783955456.000000))+((((((0.000000+(0.000000*x0))*x0)aq(7627282323946073.000000+(-798154048014132.750000*(14.954049aqx1))))*-35427462084686531002368.000000)+-0.000852)+(((x0aqx2)aq((((x1+x2)aq(-19.095000*x0))*570576529415776192.000000)+-33486219576098312.000000))*-6100120690607.190430))))+((578545.892413+((((((36.471984aq(x2-x0))*-221955919790954028978212813033182574149632.000000)+5717307499790109653665587509532302348648448.000000)aq((((0.000000*0.000000)+-16108101886821632000.000000)*(-0.928261+(0.913700*x1)))+-4.466494))*((((-0.000569+(x0*0.000243))*((-24.013000aq23.500000)aq(0.000000-x0)))*-0.000000)+0.000000))*0.000072))+(((-124.440480+((((393625285948285440.000000+(-81034643453459888.000000*x1))*x0)aq(-73209530446811008.000000+((x2aqx1)*135181711823909424.000000)))*5.381803))+(-88437936093850550272.000000*((x0aqx2)aq((((x1*-4231362433366285312.000000)+-16108101886821632000.000000)*(3.814928+(0.000000-x1)))+-4.466494))))+((-0.000000*((0.000000+((-259113410278997353567482024778659900790637267517440.000000+(93702298248266537468886687459106250196626268225536.000000*x0))*(-347445410812333460674179301500193713487693453276814309380845300476453201117184.000000+(116425390980070274389028655946387876024710546371468993509983144771013373329408.000000*x0))))aq((((x1*1.070334)+-1.235953)*((x0*-10726092464015612156004578966835519674613812428800.000000)+-55747022108674786946672478017316680956213444214784.000000))+(-8984044522158159872.000000+((x1*x1)*835266184074504192.000000)))))+((-461.806261+((((-11864865860278202.000000*x2)+120345816913047472.000000)+((x2aqx1)*123334845642590784.000000))*0.000000))+((((19103136.849930*(-23.531000aqx0))+831737573109804990201856.000000)aq((196879607301470976.000000*(x2*x1))+-886153521736412160.000000))*0.000012))))))))
sbp,feynman_II_11_20,ok,5,200,0.787692,3.680781,511,2007.95,,5350.819326+0.001633*((((((((x2*x1)*(16.366000*x1))aq(-1.253658+((((x4aqx2)*(x3aqx0))*((x2*-13.529000)aq(x4+7.941000)))*-7.678673)))*0.050325)+((0.000172*((((-546.158087+(675.103992*(x4aqx3)))*(((x1aqx3)+(-1.827000+x0))aq((x1-x4)-(-9.774000--13.611000))))+0.755925)*((x4aqx1)-x1)))+(((((((0.000000+x1)aq(x4*x3))*-1.422138)+0.166274)*((0.066000+x1)aq(x4*x3)))*0.117360)+((-0.000592*((((x0aq22.084000)*(x1-x4))*((x2*x0)aq(x4*x4)))*((-55.681406*(x1aqx3))+((-238.829675*x4)+481.528199))))+(((((0.000000*x2)+4.078566)+(13.440133*(x1aqx2)))*-0.006058)+(-0.270867+(0.445159*(x3aqx3))))))))*2162.994646)+((-1913.698370*(((((x2*x1)*(16.366000*x1))aq(-569349.995202+((((x1+x0)*(x2+x2))*((x4*x4)*(x2*x1)))*323.417983)))*5.478737)+(((((5746.882912*((x1aqx3)aq(0.000000aq0.000000)))+-2796.436972)*(((0.275936*(x1-x4))*((x2*x0)aq(x4*x4)))*((-55.681406*(x1aqx3))+((-238.829675*x4)+481.528199))))*0.000000)+(((-177.488756+(0.224761*((x0aq22.084000)*(0.000000-x4))))+(0.065199*(((x0aq56.407566)*50.293609)aq((x0aqx1)-(x1aqx3)))))+(((((x2aqx1)*-22582.216856)+1466.403192)aq(((x3aqx1)*11906274.735591)+-7858558.400255))*0.995370)))))+(((0.868046*((-53679461220.083298*((((x4*11824520.223199)+-59018284.755387)aq((-304264554309674752.000000*x4)+1279455637163333888.000000))*(((x2+0.364000)+(7.661000*0.000000))aq((x2aqx4)+(x2+x2)))))+(((-851.280222+(-20.810143*(x2*x4)))+-41890.724806)+((((x2+0.364000)+(0.000000*x0))aq((x4*-660637217.772171)+2808159797.435626))*-2469154328.985577))))+((((((0.128780+(x1*-0.401536))*((x1aqx3)aq(0.000000aq0.000000)))+-2796.436972)*((0.009148+((x0aqx4)*-0.011340))*(78757.805373+(-98683.732106*(0.000000aqx3)))))*0.000001)+((((((x4*11824520.223199)+-59018284.755387)aq((0.000000*x4)+1279455637163333888.000000))*(((x2+0.000000)+(7.661000*x0))aq((0.000000aqx4)+(x2+x2))))*1320999368465.576172)+((-30899616681.804024*(((40128067.092402*x2)+-224146859.267830)aq((-304264554309674752.000000*x4)+1279455637163333888.000000)))+-1771000.348593))))+((((((((x3*0.000000)+-0.000000)*15.430000)*(x3*(0.000000+(-0.000000*x3))))*((2559755466027730290371198976.000000+(-2718322233323295070096457728.000000*(x2aqx2)))aq(((x3aqx1)*11906274.735591)+-7858558.400255)))*((24711557158.970318+((-553450806056403970958557184.000000aq(x4*x3))*-58613768059.746002))+(-0.061778+(487451791634.610962+(5409771159900565318664192.000000*(x1aqx2))))))*-0.000000)+(((((3431043.559671+((x1+x0)*-586202.198320))aq((40370.623723*(x4aqx3))+-25263.841232))*0.051100)+-904172.348768)+(((((166099.460918+(-98101.068935*x4))*((x2*x0)aq(x4*x4)))*-0.000001)+(((-14.096539aq(x1*x0))*-0.041617)+821.756884))*(-1100.134300+(-0.923373*(((x2*-14874.517030)+36095.089771)aq((32827445.332409*x1)+-70033791.961558)))))))))))
sbp,feynman_II_11_27,ok,4,200,0.945972,0.088503,543,2007.04,,22377.812767+-0.000000*(((((((37753231870.334686*((((x2*-0.000010)+0.000012)+((x2-x3)*(-0.000024+0.000000)))aq(227.956531+((x1aqx1)*-393.918001))))+-52488.816381)+(0.000003+(0.963920*(((((x0*-2.096416)+-197931.437346)*197932.292408)+-941056.867494)*((((x2*-0.000010)+0.000012)+((0.000008*x2)+-0.000012))aq(227.956531+((x1aqx1)*-393.918001)))))))+(2442320600.906398+((x3*((((x3aqx3)*23995176.458461)*0.000000)+-3.328904))*2286349620.521697)))*((((((x2*x0)*(x1*x3))*139.159979)*0.007163)+((((1.500617*((x1*x2)*(x3*x0)))+-1.383214)*1.134627)+1.677718))+(((((((0.021185*-66.616807)+1.244875)+((-0.020195*(x0aqx2))+-1.099476))+((-859.050781+((x1+x0)*900.538419))*(((x0*x0)aq(8.097000+3.382000))*((x1aq-2.404000)*(x3*x3)))))*(((((x1+x1)*(x0*-3.721000))*((x1+0.000000)+(x0*x0)))*(-11422.908075+(-44701300.055970*(x0aqx3))))+-0.060447))*0.000000)+(((-0.000000*((77822844437290896.000000+((x2aqx1)*-56426912732939208.000000))*(((x1*x2)*(x3*x0))*((-31.588061*x1)+24.936912))))+-0.000197)+((((-266.778864+(986.276087*(x0*0.000000)))aq(18.013755+((x1+x0)*119.952440)))*-0.000053)+(((x3aqx3)*-0.219185)+0.179374))))))+((-202441081.084975*((((0.000000*(((-385831402046.659668+(x2*290184175293.804565))+(13998.918137*(x2-0.000000)))aq((3219449.944088+(x0*-3434481.318091))+((x1aqx1)*-393.918001))))+(0.089710+(((x2*-2376.185923)+((x2*2376.185923)+0.000000))*83579993756.723709)))+((((((x1aqx0)+(x0+3.742000))*197932.292408)+-941056.867494)*((((-0.000027*0.000000)+0.000009)+(-638.851444+(x2*426.307464)))aq(227.956531+((x1aqx1)*-393.918001))))*-0.000000))+(((-0.000148*((-890386.545389+((x3*x3)*572710.929048))aq(((0.000000*0.000000)+-798150.723032)+(-1838263.415061+(x3*2223005.733464)))))+(((((0.000000+x1)*(x0*-3.721000))*((x1+0.000000)+(x0*x0)))*0.022375)+((((x1*x2)*(x3*x0))*0.082798)+7.584005)))+(((((x1+x2)*-0.027114)+0.047772)+((((x0*x0)aq(8.097000+3.382000))*(11356.774368+(x0*-17317.316479)))*0.000141))+(0.003808*((-890386.545389+((x3*x3)*259160.674987))aq(-1330967.982954+((x0-x3)*-2071773.133074))))))))+(((((409286315071465.062500+(20.703052*((40855425667416.429688*x0)+(-19769370951998.500000+(-40855425667416.429688*x0)))))+(-9.715058*(((1447.916413+(5.667176*x3))+(13998.918137*(x2-x3)))aq((219011283.383080*(x1-x0))+125860429.289366))))+((-0.000000*((-29391440969232037040881664.000000+((x3-1240053134.555855)*-23701759381964272.000000))aq(-1330967.982954+(389680212.096282+(x3*-196469051.281692)))))+((-0.000000*((11842204005028369129312084521095721385984.000000*(0.000000+x0))+((x0*-11842204005028369129312084521095721385984.000000)+4601336942600567177248864888422400.000000)))+520341123.107120)))*-105801310.820520)+((-0.000000*((((((0.000000+x1)*(x0*-3.721000))*((0.000000+0.000000)+(x0*x0)))*397256840703666225152.000000)+90492557844993622016.000000)aq(6746473.871493+(11203529.711366*(x2-x3)))))+((-3.227430*(((((x1aqx0)+(x0+3.742000))*((x2*-433589.552311)+533136.986579))+(((x1+0.000000)*-173019.628325)+(-2398600.174526+(2020788.104090*x2))))*((((x2-x3)*619.520742)+(890.958394+(x2*-603.826545)))aq(227.956531+((x1aqx1)*-393.918001)))))+11373236909184.244141))))))
sbp,feynman_II_11_28,ok,2,200,-0.271589,0.369439,415,2009.71,,176137542034.192963+0.000000*((((((0.000000+(((-249099168122.269073+(-0.002050*(33.798225+(-487.901868*x0))))+(((-0.013639+(x0*0.549119))*-1.821113)+(161432474416.027710+(4458809321677.246094*0.019661))))*0.000000))*((((0.105975*(((-1.914000--0.591000)aq(x1-2.482000))aq((-1.263000*x0)+(2.724000*x1))))+((0.316175*((x0*x1)*(x0--1.620338)))+0.018584))+((((x1*414.767300)+(4.161000+3.393000))aq((x0*441.999678)+-111.342150))*-0.001102))+((((((x0*0.000000)+-402328298009041758624292012032.000000)aq(-7260769863389330449308319744.000000+(72291744745735675394413035520.000000*x0)))*-0.000077)+2320.341174)+(((0.000026*(160354031165218080.000000+(x0*-38464.056442)))+((1.005383*(x0+-1.276000))+-4192185880617.559570))*48.169850))))*(-397880.721380+(((0.000000+(0.000000*((232802968843605592626832398177848813983249006067712.000000+(0.000000*x1))aq((x1*-51456895948246873014272.000000)+38560837871956752596992.000000))))+(((x1+(-737862088996287217477756798457890917831180432607697988183868070388913014329920739801972164155166624317440.000000+5158415313240594.000000))aq(-2134595076838942941597624641113255051264.000000+(11854115937737399272236542208409841172480.000000*(x1*x1))))*-0.000000))*((((-22298188655268976.000000+(-0.656000*-5146971002709138.000000))+(((3.720000-x1)+(x1-3.838000))*160354031165184832.000000))*-198604473329803195408001438738745914248853825572324648694084382651582651594795789324168946976178566871674320484023926784.000000)+(-2646679370482023786604202197628481977104900441930632765050543475177736815787025846681922062433198128741679949650513386241003284772945920.000000+(-7810112202572007171788400418273493253043859669316023381712685859182607139206002274343541042118199195914013304160256.000000*(((x1*11882997656140518360744984576.000000)+-11036645336308149823639388160.000000)aq((x1*-51456895948246873014272.000000)+49473453586784578437120.000000))))))))*3653756977365923201006425958860885080537909080540364195586019340334943851253229597533475052318185801580103908680103204743638585047422038462925860520527589801984.000000)+((20784324085472018512828178966823435400268488450138270225511208133151135734936748683399416855681838409076032797600771811728562310101336064.000000*(((((513306009328.647888+(((x0-2.788588)*1.000003)+-762405177448.197632))+(((-0.013639+(x0*0.549119))*-1.821113)+249099168122.368958))*-634.556862)+((421.912895+((((x1+0.000000)*5850543079133374578688.000000)+((-5850543079133374578688.000000*x1)+524288.000000))*-0.000000))+(0.000000*((((x1*11882997656140518360744984576.000000)+-11036645336308149823639388160.000000)aq((x1*-51456895948246873014272.000000)+49473453586784578437120.000000))*((-49120738026576622132126602968414868917677428147527044629152295115368471479375574149100233312712609568803386100584786670327523442688.000000*(x0*x1))+19429788513013363275704086723027367077381417056058687692066381141531218673248160810963461538388925627651093511030349929096608219136.000000)))))+((x0+((0.999953*(-0.994728*(1.005406*(x0-513307723409.942505))))+-513338252250.533203))*845.946680)))+((-96524075192595640494865463653650851362011262361485658542192001255126346590602762054130660487235692796605391302569708756953677830097981145088.000000*(((((-4132867616792801266691555735558529214371047852770516234999487002574848.000000+(-226209161015818740425242272328986485454038311908735673361619428854202368.000000*(0.000000*x1)))aq((7598884341039260949677969902665728.000000*(x1*x0))aq((x0aqx0)*(x0*0.000000))))*-0.000000)+-0.076515)*(x0+((0.139696*(0.000026*(-160354031180834208.000000+(-273822.099749*x0))))+585632186973.717407))))+((190804196907557871291088494236141469819033872775630865374855746655036593232786004431962992451258481355120239675234132563066880.000000*(((-14611296036470138.000000+(-5123059024.059078*(x0*x0)))+(-1088584946407905050072524521472.000000*(((0.000000*5376696585372575.000000)+-0.000000)aq(3794837049925367.000000+(x0*-4334369966213768.000000)))))+((((x1*414.767300)+(4.161000+-3826.704639))aq(75561.697559+((x0aqx0)*-123667.832142)))*-716078266.634505)))+(((-75092185278430425813565834966422842771237064117903612897372919767185522410947073657277299192418307986899995257590778849119512095907037315072.000000*(((55783132800878898513647700185051239926182845566074058514640935208126794481092397903634233214363118271958018971463015051604687023299098574848.000000*(x0*x1))+-12266311387497739592326763024154959808013841441582919349222762751828549006964336122334313802816474696475986336649073203364532977074851282944.000000)aq(-3557871522234941296586863189291904349825576490309112796288873695669591688378389175399601052742702150191621384199449000513257519099124079656960000.000000+((x0*x0)*39585063746402863507338728328746045584307259367797849051472378711102802552336152658067522731251950119690924409251534177503611809731494084100489216.000000))))+-709875573664418204065802234683453697009517609706030828437421846626428052982818411584661816055898726357568371429853589967832934781680481206272.000000)+((((-4132867616792801266691555735558529214371047852770516234999487002574848.000000+(-226209161015818740425242272328986485454038311908735673361619428854202368.000000*(0.000000*x1)))aq((-1711437071935097635280497285686589549331522924716427950445350626511905306726823789514216477704993207531996184576.000000*(x1+x0))+2371352491212035899841309844644207006050990801954867363747316493644436825098334450849087217607622654657889828864.000000))*-15590562652660688423519685709316418107317674732699610803177916931895917952711725060286742493212515059058786687128842617171449903911701119421308859664670870788693770724383391744.000000)+(((-2294975931205791527207981101346241103600571497508875612846365298778405871501308370360423304632462338088638807313682838025522757733717177899518263296.000000+((x0aqx0)*823100614892665813536040474342389713075875555562381056849773090708417977193493108752562184391056030251288499665114217077050908117827584.000000))+(-489490063722464689962629254512681778588295236081866974940269404958989228870319861727496610819501281920676608948951381321094635451912262208838652919808.000000*((3.720000-x1)+(x1-3.715311))))+((((x0*159705173426416498360229780520960.000000)+-11374277684359512898219349639168.000000)aq(-7260769863389330449308319744.000000+(72291744745735675394413035520.000000*x0)))*(-194113715383582549970130421277643685847765050691893215101168913327513097024069690101290740475353738988488925470035797495563671306240.000000+((92493515485125021672920365019802319862279259540281542584666206596776067423128429867646535292312210443685099903853909656207007678464.000000*x1)+9566225444350747888642995726429600644229487958515342413710833201675906446550548071114178305644190825459390776015593675130981580800.000000)))))))))))
sbp,feynman_II_11_3,ok,5,200,0.956089,0.028389,481,2005.06,,0.032808+0.000000*((((((43.363419+(-4.213648*((x3aqx1)-(3.767675+(-1.199382*((23.834000-x4)aq(6.293000-x1)))))))*((((124.657919*(((x1+x0)aq(0.000000+x3))aq((x2aq-12.703000)-(x2*x3))))+-7.832450)+x2)*((0.431565*(-0.335738*((-2.159000*x0)*(x4*x1))))+1.084485)))+((((((((x2*0.000000)+-2.368519)*x0)*((-0.217330*(x0*x0))+2.782235))*-15.415395)+(-112.408163+((((x1+-2.194415)aq(x3+x3))aq((x2aq-12.703000)-(x2*x3)))*2060.439249)))*1.765141)+(((((2.567968+(x1*-11.216853))+x0)aq(x3+(((x3-x1)*73.828309)+-71.747554)))*-18.238764)+(39.924778+(0.184277*((-1.949560+((x0*x4)*4.805588))*((-2.159000*x0)*(x4*x1))))))))*1186.237126)+(((((8744821.078359+((((-150.166821+(x1*137.383873))+(-12.675503*(0.000000aqx2)))*(((x1*1846.154065)+-4283.911856)aq((x2*181.193603)+-290.453609)))*1.123316))+((((1090678599677981340968130991415095305691612628123648.000000*((x0aqx2)*111071.730471))+9112986629839813675324432390533668850333308697739731664896.000000)aq(-470124487877748499585066418149886263296.000000+(19962886842543097595894031155539923173376.000000*((x3aqx1)aq(-24.377000*x0)))))*-0.000000))+(((((-263756857484923076608.000000+((x1+x0)*44844800202934353920.000000))+-17673675551134527488.000000)+-8730903724124997632.000000)aq((-17971209865937686528.000000+((2608128455970839744974377036283904.000000+(-895518245065001166854671451553792.000000*x0))*731571401541978554368.000000))+(((x3-x1)*((x2*-22362300302550196289536.000000)+119473209058722031075328.000000))+(-1499855667747238.000000+(1059246600360273.500000*-139350075.808744)))))*-1215964940707283908382544931680419840.000000))+((((-1.948013+(((0.703340+(-0.737142*x1))*((x0*-0.873127)+3.585412))*-1.680896))*((((28676.848965+(x0*-17446.217782))+-10.279720)+(((0.000000aqx2)*846.429425)+-688.112976))aq(x3+(((x3-x1)*73.828309)+-71.747554))))*-55.547105)+((((((-70.015705+(13.207068*x3))+(4.086012*4.805588))*((-5.317916+(x2*2.209746))*(x4*x1)))*(((-0.107303*(x0*x4))+-1764302.768145)+(-1038546.706956*((-0.000000*x0)+-1.698819))))*-16995.966919)+-8745429.347233)))+((((-49541.144308*(((((0.000000*0.000000)+55763.061884)aqx1)aq((4880974360629.586914*(x3-x1))+-5643428432086.667969))*((1292151002.149351*((x3+x2)aq(x2+x3)))+-1266895779.100313)))+-4120.196994)+(-2.726803*((((((4399720.868127*x3)+-16501880.625560)+((x3*-1115325917886612.875000)+4780657706254587.000000))*(((x2*-1154.683975)+3817.990239)aq(11.979061-(x2*x3))))+-17172258565707770.000000)aq(x3+((-121934112563055.750000+(34776863772527.628906*(x3*x1)))+(-1499855667747238.000000+(1059246600360273.500000*(x3aqx0))))))))+((0.000042*(((-26784670339474577059560794527629312.000000+(64690975774075330317100412450111488.000000*((x1+x0)aq(x2*x3))))+(45578704055345876632587253741479685817106432.000000+((-11634945922721.822266+(x2*2.209746))*3917397154924130065746369708032.000000)))aq((-154487578865284384030720.000000+(48704326645792150388736.000000*((x4*x4)*(x1*x0))))+(((129592254739383047979794432.000000*(x0*x1))+-403837090826817427474481152.000000)+(-1499855667747238.000000+(1059246600360273.500000*(x3aqx0)))))))+((0.000001*((((5458810297063160622851271000367243720267012001942868028062234287347271415163993005882807014041641932269287418659280819846967019066486945742848.000000+(x2*-5776057205091587826889593431029053247933061745029686204731663835544788956625361977393564495110563011255303856383492111064424148953651998621696.000000))+((x0+x2)*1204443695300157509310211265405406671085330598267887690578495325302547429354312312441345366800101693481060205351304987768190535496380341813248.000000))aq((4880974360629.586914*(x3-x1))+((-35849840516944235156231526142265427704676352.000000*x0)+101109914606858353061256762285180740450648064.000000)))*(-0.000000+(((x3*x4)*-441.821225)*-0.000000))))+-1846.954449))))))
sbp,feynman_II_13_17,ok,4,200,0.951906,0.007136,395,2038.11,,0.017694+-0.004383*((((-0.000023*(((-72195061.596126*(((((x2+x2)aq(x3aqx2))aq((x1*x1)-(x3aqx3)))*3.136121)*((-0.000112*((x3aqx2)*(x1+x1)))+-0.135654)))+-2863827.580316)aq(((-23.354000-x0)*(x3*x0))-((x1+x0)aq(x2*x2)))))*0.645805)+((((0.110609+(0.000000*((((-39353893419.902702*(x3aqx2))+27139212243.143379)aq((1134154204473336113659904.000000*(x3aqx2))+-639083463047420972105728.000000))*(-1.126042+((-1513706255464179104923779072.000000+(369904584480706599323697152.000000*x3))*((-4.067000aqx1)aq(x0*x1)))))))+(-0.120572*(((-5432.629197+(49292.726028*((x2aqx3)*(x0aqx1))))aq(((-23.354000-3.198776)*(x3*x0))-((x1+x0)aq(x2*x2))))aq((((x0*x2)*(x1aqx3))*439.491637)+-3230.536353))))+(0.019217*((((0.680396+(((x3aqx2)*(0.000000+10972151.932340))*-0.000000))*(-1.126042+(-18.670631*((-4.067000aqx1)aq(x0*x1)))))*2.300613)+((0.340325*((-51.410976+(6.794549*(0.000000+x0)))*(x1aqx3)))+(-445352.687558+(((-281636.129989+(280435.120278*x1))aq(-169918.080417+(169194.248036*x1)))*(268817.530628+(0.949982*0.934332))))))))+((1.042256*((0.000057*((-5432.629197+(49292.726028*((x2aqx3)*(x0aqx1))))aq(((41.584918+(-17.953568*x3))*(x3*-7.385685))-((x1+x0)aq(x2*x2)))))+(-0.031445+(((((x3aqx2)*132005725567046896971930946148153425920.000000)+-79291627191497664753674715893608742912.000000)aq(((328884775216104625995160472998166153745625845009911955615695676188747464683804244680994979840.000000*x3)+-549531331328382198218296323873300467085843476383647240158664224603465917223433165640245968896.000000)+-639083463047420972105728.000000))*119530763664070287722839024749163544625100320604684288.000000))))+(((((0.055677*(((x2+x2)aq(x3aqx2))aq(-9.439798+(x1*6.516443))))+-0.069908)+(((((-806155084.564098*x0)+2338939941.974341)aq((x1*553372476197936440214231762075648.000000)-(x3aqx3)))*(((x0+x2)*-210106.170385)+((184117.814511*x2)+730723.614219)))*-356266594642188416.000000))+((((((x3aqx2)*132005725567046896971930946148153425920.000000)+-79291627191497664753674715893608742912.000000)aq(-5643975004325915092682730219682416652029108341418960782104114072312460336847108469944221696.000000+(301425152593239191865368539902204301582714393319954205140623765218432771197446767163339702272.000000*(x2aqx3))))*(-1.126042+((-1513706255464179104923779072.000000+(369904584480706599323697152.000000*x3))*((-4.067000aqx1)aq(x0*x1)))))*-1354616655183053161800663040.000000))+((((-5432.629197+(49292.726028*((0.000000aqx3)*(x0aqx1))))aq(((-23.354000-3.198776)*(x3*x0))-((-3346.817329+x0)aq(x2*x2))))*0.000183)+(((-0.006331*(((2502478.792909*x0)+-7272832.674047)aq((25948682.556625*x1)+-31828576.380890)))+-0.017646)+(0.074998*((-7009597444864110583609455717677143409896474664125700805333454487658478086013256585869000704.000000+(8583930516249142690343238184625379849404087312449615334767484961886675557977805713651531776.000000*(x3aqx2)))aq(((328884775216104625995160472998166153745625845009911955615695676188747464683804244680994979840.000000*x3)+-549531331328382198218296323873300467085843476383647240158664224603465917223433165640245968896.000000)+((-290730308158020323047939530832602321526171728881094540510181167807608168248191897748392378368.000000*x3)+499899544240706656149021680366512245507070346323877597302840621180475351559914011093222031360.000000)))))))))))
sbp,feynman_II_13_23,ok,3,200,0.908851,0.329342,565,2009.51,,-1861.608766+0.004055*(((((-0.002151*((((((x1+x2)*(x0aqx2))*((x1+-26.646000)*(26.797000+x1)))-(((x2-x2)aq(x1aqx2))-((x1-x0)+(x1aqx0))))*((-0.000000*(((x1*x1)-(x0+x1))*((x2aqx0)*(x0-47.536000))))+-0.000015))*(-62304.771337+((x2aq(-73776.551164+(33358.338529*(x2aqx1))))*-105170.578641))))+((((x2aq(((-35666.716848aq(x1+x1))*8342.009935)+(((x1aqx1)*-327529063.535219)+366087019.293747)))*239.317285)+((((((0.969198*x0)+-0.610596)*((x0+x2)+(x0*-39.499000)))aq((2460079.492114+(x1*-1952282.035640))*(25.009480+(-5.384603*x2))))*73.316591)+(38.797989+(-0.000037*((9066.525411*(x2aqx0))aq((x0*x0)-(x0--17.975000)))))))+(((((((x1aqx2)*-108714.077823)+24629.193541)+0.298549)*((((x1+3.611000)aq(-31.168000aq35.070000))*((x0+0.000000)+(x0*-39.499000)))aq((-45.299764*(x2*x2))+3670986733.353539)))+38.734292)+((-9978.580316*((((x2*x1)*0.032356)+-0.204977)aq((x2*7453.003347)+-22050.019462)))+(36.515881+((87.175758+((x2*x1)*1.189069))*0.022301))))))*139.000653)+(((((((-5215.842446+(-0.000005*(-1027606556.888878-x2)))*1.643451)+0.000000)aq(((-35666.716848aq(x1+x1))*8342.009935)+((((x2*x2)aq(x0*x0))*4767254134.175410)+((-34677636883.584282*(x2aqx0))+43392356056.346977))))*-303477647176131.375000)+(((((((2261364.357474*-3.021459)+-32579270.981501)aq((-58.667695*(x0+x2))+842.790163))*((((x2aqx0)*(x0-0.000000))*-0.000009)+0.000092))*-4.010916)+336365.728732)+((((124.735260+(-21518.969261+((x0aqx2)*26710.077265)))*((((x1+0.000000)aq(-31.168000aq35.070000))*(25.951210+(x0*-39.499000)))aq(((22.715000+x1)-(x2*4.404543))*((-46.124549+0.000000)*(-40.703000*-14.355000)))))*-0.278772)+((0.103199*((((0.969198*x0)+-0.610596)*((x0*-9634847.151160)+35190659.393763))aq((2460079.492114+(x1*-1952282.035640))*(25.009480+(-5.384603*x2)))))+(((0.002744+(-0.000738*(x0*x1)))*-0.000181)+-61650.318398)))))+(((((-0.000002+(((88.642652*(x2*x1))+((-10.531624*x2)+-432.130408))*0.000000))aq(((-35666.716848aq(x1+x1))*((-121278.922953*(x2aqx0))+-59206.018892))+((((x2*x2)aq(x0*x0))*4767254134.175410)+-13072794980.165855)))*-3947202316476670.000000)+((-2.782592+(-0.013121*((-110864708105.068268+((x1-x0)*-153668353431.601868))aq((-46023459.074233*(x2*x2))+3670986733.353539))))+(((159144074843489860490572861923248527001946221398982656.000000+(-31874228174447476426544395835553609058091008.000000*((-83550675898750.187500*x0)+518954485027161.750000)))aq((-46023459.074233*(-9259316148125786283229167825640587248313303040.000000+(2003205873725639063373938344010226853706989568.000000*x0)))+3670986733.353539))*0.000058)))+((((-9978.580316*((((x2*x1)*0.032356)+-0.204977)aq((88.642652*(x2*x1))+-513.498345)))*-1.482969)+(((((8.688793+(x1*-5.224447))aq((x2*3908.172221)+-18130.535881))*3773.371727)+156132.380216)+(-0.000625*((-398892762.450087+(22825356.991151*(x2*x2)))aq(((22.715000+x1)-(x2*x2))*((x0+x2)*(-40.703000*-14.355000)))))))*((10675156367559533250215936.000000*((((x1+3.611000)aq(-31.168000aq35.070000))*(((x0*x0)*0.000001)+0.000024))aq((-46023459.074233*((x0*-4414482935301.336914)+-14179695853466.919922))+(-847832467963916256494485504.000000+((x1aqx0)*2364042413232506137695223808.000000)))))+((-0.000000*((((x0+x2)*184661.874624)+-2632165.180415)aq((-58.667695*(x0+x2))+842.790163)))+(1.077025+((((434.765501*0.000000)+95582.936028)aq(-1728.742584+(406.462209*x2)))*-0.000000)))))))))
sbp,feynman_II_13_34,ok,3,200,0.700477,1.134413,531,2025.35,,50954.613438+-0.000157*(((((((0.191831+((((-22428126320095535104.000000+22428126195679870976.000000)+(3317000789336295234548753329858803662848.000000+(-3352489465182420820616711175832330043392.000000*x1)))aq(-156664958146.550385+(11405078500.293697*(x2*x0))))*0.000000))*((7094.031531+(1066878.006907*(((293.084493*x1)+-454.918531)aq((x0-4.158000)*-73159.303654))))aq(-416000528.284139+(61418891.708167*(((x2*-113.138386)+1234.577567)aq(182.266524+(x2*-16.705669)))))))*18.903207)+-657.661275)*(((-639.543794+((-0.023070+(0.000000*((418916001652595.375000+(0.000000*-44670507827678.695312))*(x2*x0))))*0.000005))+(-38534207.621897*(((-0.000680*(((22.915000+-42.609000)+(x1-x0))aq((329.861279*x2)+-985.740677)))+(-0.009830+((x2aqx2)*(0.010053+-0.000138))))aq(3740601.567698+(-551987.613453*(((x2*-113.138386)+1234.577567)aq((x1-17.400000)*(-11.176000+x2))))))))+((x0*((((((x2*x1)-(x2+38.697000))-((x1+35.443000)-(x1*-21.255000)))-(((x1*x2)-(x2-0.000000))aq((x1aqx0)*(-26.965000aqx1))))*-0.637080)+-50.919714))*((0.812534*(((((22.915000+-42.609000)+(x1-x0))aq((0.000000-17.400000)*(-11.176000+x2)))*0.725220)+(-7695.945567+(0.046558*((-8.038000+x2)*(x2aq3.076000))))))+(((((-133671959.389354*(x2*x1))+1101834786.586644)*(((22.915000+-42.609000)+(x1-0.000000))aq((484.930231*x2)+-2352.333551)))*-0.000000)+(((((x1+0.000000)-(0.000000aq-27.739000))aq((x1*x1)*(x0*x0)))*-0.003913)+6254.489103))))))+(((((x2aq((-69967.811668*(((22.915000+-42.609000)+(x1-0.000000))aq((x1-0.000000)*(-11.176000+x2))))+-198085.188905))*32789.929925)+((811218059044150912.000000*((((x1*-293.084493)+0.000000)+((-293.084493*x1)+0.000000))aq(42159975228863250432.000000+(-3326725988867763712.000000*(x2*x1)))))+324921362.921421))+((((((((22.915000+-42.609000)+(x1-0.000000))aq(-612.692373+(127.811533*x2)))*-46.987923)+12.760563)aq(-416000528.284139+(415921277.203042+(21036.678294*((42.378000aqx1)aq(x1*x0))))))*-177053.180263)+((0.000000*(((6656185825520073728.000000*-18.227888)+(-2947086292778845067147941934960476160.000000+(-245013870814148414495522441398321152.000000*(-26.965000aqx1))))aq(((x1*-95730095175440875190841414257084488298605255327744.000000)+176914710418423880735388950432991355780120690294784.000000)+((95730095175440895960028848396395002420590572208128.000000*x1)+-176914710418423922273763818711612384024091324055552.000000))))+(86.727007+((-0.000000*(((x1*-95730095175440875190841414257084488298605255327744.000000)+176914710418423880735388950432991355780120690294784.000000)+((95730095175440895960028848396395002420590572208128.000000*x1)+-176914710418423922273763818711612384024091324055552.000000)))+-943.713680)))))+(((((((6656185825520073728.000000*(x2*x0))+(3317000789336295234548753329858803662848.000000+(-3352489465182420820616711175832330043392.000000*x1)))aq(-73703048133.642853+(((x1*x2)-(x2-0.000000))*71805097792.664536)))*0.000000)+((3685072066180482196810849347787859639961126691731135867292291300156699049984.000000*((((347279474208625476981844019093658404259658663472924859557913819086848.000000*x0)+91408451727639350165718198659867145241842210712062086850461709631488.000000)+(3317000789336295234548753329858803662848.000000+(-3352489465182420820616711175832330043392.000000*0.000000)))aq(27369438715079681279226465241446558827669885499560692151193221037526422452554668389396324698777460849652010941981003700469788098773509065408512.000000+((x0-x1)*74090315620741688110969111083984915976563492430219236561294822684773725361711474216275800641611834337994473145134270049397579930718185382215680.000000))))+(-26.580893+(-1036.300432*((22.814134+(x1-x0))aq((329.861279*x2)+-985.740677))))))*1.081583)+((-12764562428.402561*((0.000810+(0.286766*(((293.084493*x1)+-429.502324)aq((x0-4.158000)*-73159.303654))))aq((-69967.811668*(((22.915000+-42.609000)+(x1-x0))aq((x1-0.000000)*(-11.176000+x2))))+-198085.188905)))+(((((((x0*x0)*115020427891986208609271808.000000)+-397044120004644081978310656.000000)+(482377222248238831242313728.000000+((x2*0.000000)*595812188263144176484352.000000)))aq(((509470683986735931588608.000000*x2)+-4777769974057457162387456.000000)+((418916001652595.375000+(x2*-44670507827678.695312))*(x2*2171550716.033640))))*0.024789)+(((-8604086374690413.000000*((293.084493*x1)+((-293.084493*x1)+0.000000)))+-96.113070)+(0.000003*((-112630128537654297553039298521989120000.000000+((x2*x0)*13047333780990054682674168596948582400.000000))aq(-8166940316289055221415092944896.000000+(678517638392714573235150127104.000000*(x2*x0))))))))))))
sbp,feynman_II_15_4,ok,3,200,0.801665,2.515106,483,2022.52,,30.871029+0.013695*(((((-2.529578+(0.000000*((((((-3.864000aqx2)aq(x2-6.540000))*24493.930596)+9860.290665)*(((5142.545470+(0.000000-x0))aq(40.331786+(13.968725*x0)))-((7.060669+(0.000000*x1))-((4.411000*17.580000)*(x1*x0)))))*((((94.760637aq(2.748000-x2))*42.595295)+13.681089)+9.817395))))+(0.000000*((20718.727867+(((x2*x1)aq(x0-x1))*352.305645))*(((x1*x0)*(11.888000--13.278000))*((1.338789*(((-3.864000aqx2)aq(x2-6.540000))*((41.518523*x2)+1220.552277)))+((-6322.161341*((x2aqx2)aq(-20.338000-x2)))+969.765434))))))*4.701761)+((((((((6858049252347287169795884812306357984634405207420081296807821312.000000+(-3405120315783858346457305478255089315118436312837502185471213568.000000*x1))aq((73667345840722553351210879630130020352.000000*x2)+-158621441474419589075971356668842737664.000000))aq((-238485492278597952447652623986498604837470168154112.000000*(x1+x2))-((24.175000*x0)-(x0+x0))))aq(((210838076093008996565007211432618129244993815109856851246100978989630720239615058208318344089471361685638873088.000000+((x1*-654462837240769477861026320243510296186689448410855994022797545309902375361654974848479041260667978177839104.000000)+-208421013413756916262663681557415859900710223447699763081085989671728175300684172969530189045100922496157220864.000000))aq((x1-x0)aq(-17.797000*x1)))*(219.929770+(-60.099489*((x1aqx2)*(7.191000-x0))))))*-314511261062129102501888811194745038504933131219722983199846920492756733983036701157017080631392550369847257338915725825174976937852928.000000)+((-5.353742+((0.000000+(((x2*x1)aq(x0-x1))*-0.000000))*(((16909914438299596851289275239442672627534122229318133106834472646798079061683423569778959309092861110431430843977663505390108951709745152.000000+0.000000)aq((73667345840722553351210879630130020352.000000*x2)+-158621441474419589075971356668842737664.000000))aq((-238485492278597952447652623986498604837470168154112.000000*(x1+x2))-((0.000000*x0)-1191051331829824931516522019834518890683521717176893440.000000)))))+(((((409227931122253084872625787019658944028666648797927826105754218920847596974856001040921334171896931416914509430784.000000+(-74646895137307661925273172413217357069536195603771045775848505755850815169482758870060633709458579076945681580032.000000*x0))aq((x1*-10974768215883404869819482854488458499600080282244965889363733193946421766638794707208574724624516414636170412032.000000)+46662504601286629728033367781043866267062891141071218828274117483501585596389296124949737578248129079339334500352.000000))*0.102657)+-8418.515394)+((((210838076093008996565007211432618129244993815109856851246100978989630720239615058208318344089471361685638873088.000000+(x1*-55097764835193796757816734122961349366028068654241513070813576873966391469609001523948354981265355068017737728.000000))aq((x1*-1854156196874064500339171936582756438530941052921903317794075763273289439339959208465922015494769253285888.000000)+7227209255944145667172766039492403453426192656209779709924441120985123807330428214594893111281630146723840.000000))*0.000250)+9382.824560))))*1.144618)+((((0.000000+(-0.000028*((((-1219500219874689985423231810179586566197459920715221506655014737380359607266351921655512037024928990542089731178496.000000*x0)+1888013911851329398531408704056603802196035541438432984493182198216258595398059870515671012370765028381103675670528.000000)aq((-16627772133176917265543915497461964929752148521095592625802059440701273283467689123445568867975319940709220352.000000*x1)+81383171393517507212710117061311006179149086064299394871605929661508288117508527710055544828884428576534822912.000000))*((-0.000000*(x1+x0))+0.000000))))*(((((210838076093008996565007211432618129244993815109856851246100978989630720239615058208318344089471361685638873088.000000+(x1*-55097764835193796757816734122961349366028068654241513070813576873966391469609001523948354981265355068017737728.000000))aq(528661453888265561743434295396686367832400413886817321308573602726922539819052049304077596228253006393482674176.000000+(x1*-109561711569051916949654779485834550601036768332433953251674907840417680872313301462976798823587785297518133248.000000)))*-4927000142518376840463056703791600021858718794144165986328874780343106424370107770879344906902746832054144596610711278383781738339893248.000000)+-12606516531897753983916584194875656406793475300782731375627803205055145497063353560697184146527344733092874027932541453376507142027083776.000000)aq(((((x1aqx2)*103958848650256660046612911629636632975685627993163846141244336393307047846484389038497422663306040202135339008.000000)+26804092041122635840410657792303795635869637229675921345244384539072111479064819183003393389688068408376033280.000000)aq((x1-x0)aq(-17.797000*x1)))*((-0.315759*(x1+x2))+2.629373))))*-11473975728582730684681416007819078578353235332416251383963376562127389740526154543279524239541734747632828416.000000)+(((((((-0.000000+(x0*0.000000))aq((x1*-1854156196874064500339171936582756438530941052921903317794075763273289439339959208465922015494769253285888.000000)+7227209255944145667172766039492403453426192656209779709924441120985123807330428214594893111281630146723840.000000))*-17943395352387219421577403175500288679618143871371419388743228373956351576759726781509147431469995541854358270547311352625358625046528.000000)+-3373.885115)+(-0.000000*(((x2*x1)aq(x0-x1))*(-73708653847.230637+((x1+x2)*8612331813.955971)))))+(((((6858049252347287169795884812306357984634405207420081296807821312.000000+(-3405120315783858346457305478255089315118436312837502185471213568.000000*x1))aq((73667345840722553351210879630130020352.000000*x2)+-158621441474419589075971356668842737664.000000))aq((-238485492278597952447652623986498604837470168154112.000000*(x1+x2))-((24.175000*x0)-(x0+x0))))aq(((210838076093008996565007211432618129244993815109856851246100978989630720239615058208318344089471361685638873088.000000+(x1*-55097764835193796757816734122961349366028068654241513070813576873966391469609001523948354981265355068017737728.000000))aq((x1-x0)aq(-17.797000*x1)))*(((19.401000*x1)*(13.579000aq14.877000))-(-81.235338+(40.537814*x1)))))*1869715442754703009354673824927009118874221182583925692935829498403396114807040970279413876913989048260023640002178238551591528339341312.000000))+(((-0.000040*((210838076093008996565007211432618129244993815109856851246100978989630720239615058208318344089471361685638873088.000000+(x1*-55097764835193796757816734122961349366028068654241513070813576873966391469609001523948354981265355068017737728.000000))aq((x1*-1854156196874064500339171936582756438530941052921903317794075763273289439339959208465922015494769253285888.000000)+6237091915386744856504865569068289003668911416186138264994618130561898764401199299453949978483537750261760.000000)))+((0.355843+(((x0-x2)*(x1-x0))*-1.264308))+(((-81358429090.407608+(x0*12681721218.587818))aq(1388436634154774560768.000000+(x0*-331649214985115074560.000000)))*-6498304140.731854)))+(((((6858049252347287169795884812306357984634405207420081296807821312.000000+(-3405120315783858346457305478255089315118436312837502185471213568.000000*x1))aq((73667345840722553351210879630130020352.000000*x2)+-158621441474419589075971356668842737664.000000))aq((-238485492278597952447652623986498604837470168154112.000000*(x1+x2))-((24.175000*x0)-(x0+x0))))aq((((647260613058887781546713969620461252335376485419310448473178533292957741799168476976133421900821278871450025984.000000*x2)+-2612362927893577060236938602731969781519458739163447829737666512977690823803952156509240120666857495232652509184.000000)aq((x1-x0)aq(-17.797000*x1)))*(((19.401000*x1)*(13.579000aq14.877000))-(-11.850407-(5.824000aq12.942000)))))*-98495147270730626134098130727234037050070207944902047859780424560457586471512386325933502922130992509264782912283111115576199228719890432.000000)))))))
sbp,feynman_II_15_5,ok,3,200,0.215542,5.371102,409,2022.33,,-0.827648+0.000000*((((187611652.146670+(((((-0.196537*((3.234067-x2)aq(x1-x0)))+-13.343131)+(-0.000000*((((-68398.971763+x0)*-4893754140883125534720.000000)+-334706074644082820231725056.000000)aq(((x0*-270980.830772)+1284348.156468)-(1138685.303211+(x0*-236254.453211))))))+((-0.001990*(((127327.437776*(-68398.971763+x0))+8708408714.107225)aq(6669.540177+(3373.092286*(x2-x0)))))+2.886988))*8503243.537181))*((-8637.264287+(((((((0.000000*0.000000)+86404.447421)+((-2204170.429570*x0)+11019357.069550))aq(((x0*-269864.259027)+1278347.976059)-x2))*0.046552)+((((0.010345+(0.003797*x2))aq(2.742000-x2))*34.633920)+(-2.440869+(-0.180869*((x1-x2)aq(x1-x0))))))*-801.348659))*((((-0.147504*(((-40.409692+63.863473)+(-96.445361*x2))aq(2.742000-x2)))+(-45.982805+((((-40.409692+0.000000)+(-96.445361*x2))aq(2.742000-x2))*0.361719)))+-31.485856)*(x1*((0.098970+(((x2+-3.733000)*(x2*x0))*-0.324513))+(((((-3.855000aqx2)aq(x2-6.526000))*83.812733)+33.859035)*x0))))))+((0.006159*((((((((0.000000+63.863473)+(-96.445361*x2))aq(2.742000-x2))*-474958490102737.937500)+-24932656459951560.000000)+(-2557395944258.377441*((-41.885212+((40973591.302275*x0)+-197904726.211975))aq((-1272964.911569+1284348.156468)-(-21202.925572+(7387.546375*x0))))))+((((-41.885212+((-2204170.429570*x0)+11019357.069550))aq(((x0*273786.638396)+-1270725.602645)-x2))*-0.000001)*716302426862057160704.000000))+((((29863978905313528.000000+(((-3.855000aqx2)aq(x2-0.000000))*-34490950783905380.000000))+(0.000000*(((x2*-2810223046908429475921301812871440642487848860033534387975880704.000000)+2925493583972743530423087309789594740471855208628100145356996608.000000)aq((365.003955*x2)+-477.475916))))+((((127327.437776*68396.015878)+(-29094111335720480438046670454784.000000+(6941001568614128490898771673088.000000*x2)))aq((955071422856469.125000*(x0*x0))+-2411614232738729.000000))*-0.071753))+((5508151592314833.000000+((((x1-x2)aq(x1-x0))*((-10.453000aq-18.853000)*(x1*x0)))*1216052429414700.250000))+(((-41.885212+((40973591.302275*x0)+-197904726.211975))aq((-1272964.911569+1274237.353428)-(-21202.925572+(7387.546375*x0))))*-90176193465.397186)))))+(((((((-41.885212+(-2875391714302031081026043262074101180558246223177984906059763144865625292655070019584.000000+(x0*1824656688047394068679030359314180003185681439229138653524723265443331296906839064576.000000)))aq(((x0*2165057.431915)+-4650886.954859)-(1138685.303211+(x0*-236254.453211))))*-0.000000)+12398061155936068.000000)+(((((5783193024249348096.000000*(x2aq0.000000))+-5244354061437605888.000000)+8708408714.107225)aq((((x2aqx2)aq(-20.293000-x2))*-722134424219885860080924556468944896.000000)+28968160942587384354854724943478784.000000))*103706410378757655857362632704.000000))*0.004322)+((((((((x2*-2810223046908429475921301812871440642487848860033534387975880704.000000)+2925493583972743530423087309789594740471855208628100145356996608.000000)aq((365.003955*x2)+-1048.886140))*0.000000)+-837020281689545984.000000)*0.004622)+3869051806914006.000000)+(-133692952934825600.000000*((((-68398.971763+x0)*-4893754140883125534720.000000)+-334706074644082820231725056.000000)aq(((x0*-270980.830772)+1284348.156468)-(521032011433323164579397632.000000+(-153368583780812463921954816.000000*((x1+x0)aq(2.742000-x2))))))))))))
sbp,feynman_II_21_32,ok,5,200,-0.490435,0.030301,343,2003.64,,0.236065+0.000866*((((((x0*33.272000)*(((((0.246868*((x3--44.992000)-(x4aqx2)))+-11.703106)*(35.084000aqx2))*0.033275)+-0.405147))aq((2.174820*((x2+x4)*(x1aqx3)))+1.633323))*-25.158887)+(((((1.054568+((0.000000*((x0aqx4)*((x0*-11142694757506979840.000000)+43218142032983326720.000000)))+24.911061))+(((-30.179365+(30.819607+((x0aqx4)*-21.191663)))*(-1.005593+((11.008550aqx4)*-1.379203)))*((0.774125+((1.211882*(x0aqx4))+-2.454423))+((((x0*1.369749)+5.264565)*((x0aqx4)*-4.466998))*-0.006497))))+(-79.598673+((-0.017648+(((0.000000*(x0+x3))*-0.000319)+19144.718303))*0.000130)))*((((x0*33.272000)*((-7.163424+(9.494603*((x1aqx0)aq(x1aqx2))))aqx2))aq((2.174820*((x2+x4)*(x1aqx3)))+1.633323))*((0.000486*(((x3*-42.970000)+(x4-x1))aq((4.161209+((x2+x4)*-1.115266))-(-8.627000+x1))))+(((((0.005398aq4.498681)+((x1*-16.990269)+51.077539))*(((0.000000*x2)*-16.235484)+115.330347))*0.000001)+0.008179))))+((-2.853458*((-1.337787+(((247.959911+(-233.774256*(x1aqx2)))aq(-6300.438189+(3760.610644*(x4aqx2))))*-1.458126))*(((x0aqx1)aqx2)*(2.536942+((((x4*x2)aq(x0+0.000000))+((x1+x2)+(x1aqx3)))*((0.395114*(x2aqx2))+-0.886089))))))+(((-0.000689*(((((x3aqx2)*-62155889442041832.000000)+31851391609455224.000000)+(x4-(6532962862.661411+(0.000000*-9137351761.200581))))aq(((967504264.671881*(x2*x2))+-9780182561.229576)-(255513224433554.843750+((x4aqx2)*-172497597904029.093750)))))+((((((x4*x2)aq(x0+x3))+(-1863.789212+1858.360918))*((-14.858620+25.480579)+((-29817.357820*x4)+121803.990399)))*-0.000008)+-271.567716))+((-0.698576+(0.297936*((10101788617.298725+((x2aqx0)*-11372157691.989943))aq((-33880276060.929413+(8401416462.566568*x0))+(6609850.490425*(x4aqx2))))))+(2.111540*(((1161546669130497792.000000*(x3*x1))+-7299729970927903744.000000)aq((1526631051889983488.000000+((x2*x2)*10747402665259253760.000000))+-23963515485959700480.000000)))))))))
sbp,feynman_II_24_17,ok,3,200,0.679528,0.581994,419,2012.51,,-1763.799754+0.000031*(((-6.283309*((((1.257339+(-725.899057*((((1.255985*x2)+-0.015374)*x2)aq((x1*-39847423.301862)+59093593.133215))))+(1.842207*((((x2--21.689000)+(x2*x2))*((-13.312000*x1)+(x1*x1)))*(((4.753000*x2)aq(23.375000aqx1))aq((4276807.520762+(-2341080.059999*x1))+(340.882156*x1))))))+((96.661399+((((-3976.341374+(x1*0.000000))+(-0.724070*(x2*x2)))+(((x1-x0)aq(-21.310000*x1))*1065.818641))*0.012284))+(((5387.069436*((4.850062*x2)aq((x1*-39847423.301862)+70765661.111794)))+-0.023746)+(-0.017257*((-58.256315+(4.794058*(x0*x2)))*(((4.753000*x2)aq(23.375000aqx1))aq(-369.573745+(340.882156*x1))))))))*((0.000000*((340511835906.102295+(-28292608119384773230592.000000+(((x2+x1)aq(x1-x0))*34530645561798597541888.000000)))aq(-862.194964+((2570.380521*((x2+x1)aq(x1-x0)))+-1406.983290))))+((-0.000000*((-478207913221424955214484639580160.000000+(18779119798593798537216.000000*(25464873624.188869+(6.933519*x0))))aq((25464873624.188869+(-4274287863.511582*x0))+((4274270414.050504*x0)+-25464769605.325966))))+((-0.000000*((29947908515902005026913099793442538377969664.000000+(-4484788081676746585665022210865526841802752.000000*(x1+x0)))aq((25464873624.188869+(-4274287863.511582*x0))+((x2*x1)*-1064638325.765273))))+(17146.023032+(-1564371.124527*(((0.523009*x2)+-0.911506)aq(-172.111051+(x2*98.777860))))))))))+(((((((-4355821859693533041612816384.000000+(-17689773202012436829306880.000000*((x2+x1)*-54.057126)))aq(((232563120.114399*(-18.379044*x0))+(-24192602023.894684+(x0*8322690238.025679)))+((x2*x1)*44353.075183)))*0.000000)+-42.959494)+(((-62844511.586962+(((-0.000650+(0.000128*x0))aq((41392.693225*x2)+-98297.072965))*19604425541.628986))+(0.008706*((((x1*-1600987615113916710912.000000)+1491736427421810294784.000000)*(0.000001+(-0.000000*x0)))aq((396940816.060754*(x0*x1))+-1835057568.677648))))+(((((-12.308190aq(x2*x1))*-1087.310796)+22969128.211216)+(141259916056.886078*((4.753000*0.000012)aq((319017.479626*x1)+-424205.216348))))+(220.382444+(0.000000*((-88313485961373586865585238858268672.000000+(47908112751755665025631062581051392.000000*x1))aq(-27051869582.495110+(22511390874.181156*x1))))))))*1.132189)+((0.953199*(((-55465807.014450+(((8039220996385022.000000*0.000012)aq((319017.479626*x1)+-459874.373820))*0.000080))+(((((x1*-1600987615113916710912.000000)+1491736427421810294784.000000)*x2)aq((-16368669749166385152.000000+(104692435746.613510*x0))+(31812361480466297574653952.000000+(-5441291440542750143938560.000000*x0))))*-168419.775991))+(((0.000000*((4.753000*3138385343477289.500000)aq((319017.479626*x1)+-394734.810105)))+55465198.059038)+(-85839812.564519*(-0.000032+(0.000000*(180.052343*(x0*x0))))))))+(105705155.764591+(0.196141*((271762.086054+((((1998665228824999362560.000000*x2)+-5439756692554668572672.000000)aq((x1*-39847423.301862)+70765661.111794))*0.000000))aq(-862.194964+((((x2+x1)aq(x1-x0))*2713.679921)+-1435.549749)))))))))
sbp,feynman_II_27_16,ok,3,200,0.930405,22.732297,341,2012.72,,59.030568+-0.001586*(((((((((-3920591350709221376.000000*((-0.000000+(0.000000*x2))*(x2*x0)))+-0.515720)*((x1+((-40.732565*(x2aqx2))+30.491805))*(x0aq-12.769000)))*((-0.066177*((997636769416577601150253265120257323601579999232.000000+((0.000000aqx0)*-868353423675570417699944882287192580324551819264.000000))aq((-9361570204471777527904044766825204137574006784.000000*(-0.924000aqx0))+(-5809582256463299745867241626790813515951112192.000000+(929539353675766932882632155464065861472485376.000000*x0)))))+-9306.424791))+-242.318930)-((((x1*x2)*(x2*x0))*-6460.332942)+261197.330474))*-0.098675)+((-0.000038*((((-375507224115022.562500*((((x2*-10.520002)+15.626509)aq((x0aq-16.637000)*(-0.924000aqx0)))aq(((x0aqx2)*(x2aqx2))+((-11.697000-x2)*(x0-x1)))))+-297082458367210.812500)+22114.106554)*((-0.000000+(0.000000*(((x2*x2)*(x1-x0))*(((x0*x0)*-1407372694916449989111578624.000000)+12373565752921207647441518592.000000))))*(((((-0.347808*(x1*x2))+3.849005)*(((x2*-19.382000)aq(x0-x1))aq((x0--17.940000)*(x0--13.065000))))+-0.000000)aq(((x1+21.739000)-(x0aqx1))aq((x2-x1)-(x1*x0)))))))+((((((((2.343000aq-4.191000)-(x0+-21.935000))aq((x0-x1)*(6.840000-0.000000)))*0.017266)+-0.090220)*(((((7495815778.555137*x2)+-21798935229.545696)*((x1*x2)*(x2*x0)))*((((x0*-3.156752)+0.665675)*(x2*x0))+0.427145))*((((-17.416000-x0)-(829.988817-x0))*6.179454)+5236.499084)))*306.086196)+(((((((x0*0.000000)+-0.000000)*((x1*x2)*(x2*x0)))*((-0.037466*(x2*x0))+0.427145))*((((-17.416000-x0)-(829.988817-x0))*6.179454)+5236.499084))*-218324952337724137657943313273061376.000000)+(((2063.365799+(36114870371098431488.000000*((x1aq-12.039000)+((x1*-0.082778)+0.000000))))+(84481263527591.796875*((678689057780344912586378965942272.000000+((-0.924000aqx0)*3740323045490074960663617837465600.000000))aq(-474540171602983538566451231010108065858977792.000000+(632543226772829145906243877389426010976419840.000000+(x0*-35886295542087520369265061599619669494333440.000000))))))+(((-0.000000*((-602344568678240969242485730858975569850355689796008935424.000000+-0.000000)aq((x2*10045268223348776314358202368.000000)+-28619379487427563849611476992.000000)))+(59.069303+(22.605983*((x2*x2)*(0.000000-x0)))))+((((364371989704163139779400187049145524087924195328.000000+(-86767872362716795906347437299330021384712617984.000000*x0))+((0.000000aqx0)*3740323045490074960663617837465600.000000))aq((-97028939506361715032022790283937882616889344.000000*(x0+x1))+775801387349105587557353240620691517683531776.000000))*0.283504))))))))
sbp,feynman_II_27_18,ok,2,200,0.957396,4.575032,517,2024.07,,-1.348220+-0.000000*(((((((442.350301+(((((-8.046000-0.000000)*(17.381000*x0))+((0.000000aqx0)-(x1-x0)))aq(((2.455000-14.306000)*(x1-x0))-((x0+x0)aq(x1+x1))))*0.188630))*((21.476000*x1)*(x1*x0)))*-0.070825)+(((((((x0*x1)-(x0*x1))-((x0*-76115878368709712.000000)-(x0--8.009000)))aq((41952188.800535+(-9298006.123397*x1))aq((x0aqx0)*(x0*5.883000))))*(((11830045009.821705+(x0*-3492982495.095259))*4699000.771238)+((291.923829*(x0*56225377322420.421875))+-55589390624926936.000000)))*-0.000000)+((-0.000000*(((((x0*0.000000)-(0.000000*x1))-((x0*-76115878368709712.000000)-(x0--8.009000)))aq((41952188.800535+(-9298006.123397*x1))aq((x0aqx0)*(x0*5.883000))))*(((11830045009.821705+(x0*-3492982495.095259))*4699000.771238)+(-55589390624927112.000000+(20747590072135.421875*(x0*791.105250))))))+((184.022422+((((-4.921000aq8.493000)-(x0+-18.491000))aq((x0-x1)*(-20.627000-15.986000)))*-175.512707))+((0.000000+(((21.476000*x1)*(0.000000*x0))*0.000000))*((((x1*0.000000)+-4563117729207900.000000)-(-3958623604196753433354332798976.000000-(x0--8.009000)))aq((726169803688508330526195580928.000000+(-187119730009657523891936952320.000000*x1))aq((x0aqx0)*(x0*5.883000)))))))))*107822.308207)+(((((-0.000000*((726169803688508330526195580928.000000+(1290201405160849434518604480512.000000+((x1aqx0)*-1429201407768101019720079114240.000000)))aq((223935735.705320+(-111663406.408775*(x1aqx0)))*(6551361808.163066+((x1+x0)*-897476348.039799)))))+13240767.538276)+(((-63074219794151673946520848171008.000000+(8949594489016930368624544186368.000000*(x1+x0)))aq((((2436210558219991033008576756352811008.000000*(x0aqx0))*-262819884920762307350499581438070986460678459355696511119908734014995824640.000000)+610963632725772327164621346079591277744950336796381841304327981931117761570944040903479209731610349236891156480.000000)aq((x0aqx0)*(x0*5.883000))))*453046025067139143411614568902473317540032659104633147198820644930136099842668101632.000000))+(0.000000*(((-315861775216.306763*((((x1*1294261557338734.250000)+-4563117729207900.000000)-((x0*0.000000)-(x0--8.009000)))aq(((x1aqx1)*-7768630152457915203584.000000)+(5998614155668209270784.000000+(x1*394456781011624919040.000000)))))+2502511.896771)*((-63074219794151673946520848171008.000000+(8949594489016930368624544186368.000000*((10663.535461+(-3604.945691*x0))+x0)))aq((726169803688508330526195580928.000000+(-187119730009657523891936952320.000000*x1))aq((x0aqx0)*(x0*5.883000)))))))+((1.232535*((((((-35986230403725094408331122895433406349312.000000aq(x1+-3.617000))*0.000000)+-56365498.330143)+(((-726237565767666446231983357952.000000+17183511791482461907401450971352863132876800.000000)aq(-509618250316458368.000000+(250317846218084800.000000*x0)))*-0.000000))+(-0.000000*((-92872699126808445001209986462212421582848.000000+(-13553733224987084716388119022687496060422805371706486630277848922024674480727572164480757577697356664934948670494596584172831504198147244032.000000+(x1*1780022471377469283491460964427119842307578320218072119566584291621350014130348232417348449822589604436071597074193793092000871305141288960.000000)))aq((-4692887744593770365285564416.000000*(x1aqx1))+4520578497867267098334461952.000000))))+(-0.000000*(((5856273251040349055672404410368.000000*(217398676946630705152.000000aq(x1-x0)))+-851902977338352273861034953441462045303954969985024.000000)aq((x0aqx0)*(((x0aqx0)*-1163132098.481728)+1129283846.140198))))))+((((((((x0*0.000000)-(0.000000*x1))-((x0*-76115878368709712.000000)-(x0--8.009000)))aq((5665628279615027937280.000000+(x1*-1235877858928824942592.000000))aq((-1181694100578058.750000*x0)+4900186728963234.000000)))*-0.000004)+((130269263.729949+(((x0+-5.524000)aq(-10.217000*x1))*359971098.952227))+(-4475130738559887534523940864.000000*(((x0*4018990352889707706044230449072789495822155776.000000)+-10318110296556404725013876760166536558283849728.000000)aq((-4823658034651571604570575204902554641720601284595690555103602802688.000000*x0)+21215325957897936820345665201929032215599944444538345567656211382272.000000)))))+(((8664717486584873988650459692269568.000000+(((0.000000aqx0)aq(x1*24.635000))*-269912328999224221695802187496554496.000000))aq(-760219215183593729427337245622272.000000+(14831443817313947664699620839129088.000000*(1.064747+(x1*-0.252822)))))*1012089.262947))+((((8664717486584873988650459692269568.000000+(((x1*34680701738.530045)+-90677850742.126633)*-269912328999224221695802187496554496.000000))aq(4981259584246926905165797897797632.000000+((8949594489016930368624544186368.000000*(x1+x0))*-76.903926)))*0.000000)+((6564217.160327+(-9656.781918*(((x1*7419408973917548618481594793984.000000)+-14232372014604630059741633052672.000000)aq(1504505294120760866402664972288.000000+(x0*-555533072892282204584104951808.000000)))))+(((((47375506553159635170376156221342026271301880269006327681735410382861762560.000000*4018990352889707706044230449072789495822155776.000000)+-10318110296556404725013876760166536558283849728.000000)aq((-4823658034651571604570575204902554641720601284595690555103602802688.000000*x0)+15496575154118524425107610446919278949109338347989236374542871429120.000000))*0.000000)+-1365759.768216))))))))
sbp,feynman_II_2_42,ok,5,200,0.989421,0.843393,445,2004.26,,-22.522509+0.618297*((((-1.796848+(((-0.003280*((0.000040*(-3538895.145154aq(x0+x4)))+((-0.000084*(-3538895.145154aq(x0+x4)))+(((x0+x4)*-0.809634)+-47.802983))))+((417.200144*(((-3538895.145154aq(x0+x4))*((0.000000*x0)+0.000000))+-0.001801))+(((((-115571045412.660706*x1)+176627949711.648804)*((x2*x3)aq(x1*x4)))*-0.000000)+-13.040528)))*(-0.613461+((((((-2383939591.342738*x0)+8570171979.262594)*-55522525.069058)+146306120.180646)aq(((301981.219328*(x2-x1))+((x4*2162406.174909)+-3153024.370911))-((-562707350.640114*(x4aqx3))+((177617389.385479*x4)+15756982.919594))))*0.000000))))*(((((x2-x1)*(x3aqx4))*(0.081008+(0.016186*((11.058000*x0)-(-30.403063+((x4aqx4)*39.733662))))))*1.548783)+(((((x2-x1)*(((1238141.517915+(-985453.053310*x0))*(-1065523.060495+(433247.636139*x3)))+-0.227077))*(((0.097204+(7.225692*(x1aqx4)))*(((x3*x1)aq(x2+x3))*((0.000000aq12.398000)-(14.635000aqx4))))+2.460928))*-0.000000)+((((x2-x1)aq(((301981.219328*(x2-x1))+350672.707079)-((-562707350.640114*(x4aqx3))+201490491.142706)))*77985.901981)+(0.002844+((((x4aqx4)+(x4-x3))*((x2aqx0)*(x3*x3)))*0.001293))))))+((-2.659460*((0.008725*((((-110.537330*((-3.601077-x1)*(11.030967aqx4)))+-723.791356)aq(-19771.749972+(-19715.137689*((0.000000-x1)aq(x2-x3)))))*((x2-x1)aq(x2-x3))))+(-13.716585+(((x2-x1)aq((-833742824166.999512+(925553502163.049194*(x0aqx1)))-((-562707350.640114*(x4aqx3))+201490491.142706)))*-203085305.925420))))+((((((x2-x1)*(((1238141.517915+(-985453.053310*x0))*(-1065523.060495+775581.875475))+(358988218927.296997+(-1543472236.508057*(185.117308*x0)))))*-1628.348570)+(((((1238141.517915+(-985453.053310*x0))*(-1065523.060495+775581.875475))+(358988218927.296936+(-161904701154.190277*(1.764763*x0))))*-1506.165645)+-0.073496))+(((((((0.000000+x4)*(x0aqx1))*-55522525.069058)+146306120.180646)aq(((301981.219328*(x2-x1))+((x4*2162406.174909)+-3153024.370911))-((-562707350.640114*(x4aqx3))+((177617389.385479*x4)+15756982.919594))))*0.008340)+-0.022586))+(((((-904948066.991011+((339115508794865418240.000000*(x2*x4))*-0.000000))+((((x4*-7999537.572743)+-521716147.658370)*-0.123771)+839169064.655630))aq((-7764953.137462*(((-0.319600*x4)+-0.035230)*(x4aqx3)))+-1398575.455278))*0.070978)+(((-5827129424181579056848216783997412311040.000000*((((x4*-0.000000)+0.000000)*((x2-x1)aq(x2-x3)))*(((x3aqx4)*-0.000000)+(0.000001+(0.000000*-0.000000)))))+-0.054563)+(((-20617927.989966+((x2+x4)*4213684.108218))aq(-15343405871.574448+(116798160.017808*(380.259313aq(x1-x2)))))*-16.037550)))))))
sbp,feynman_II_34_11,ok,4,200,0.82222,2.670554,481,2010.13,,-1.050317+2.297675*(((((((0.072678+(((x1*x0)aq(-329.855459+(470.054941*(x3aqx3))))*0.199394))+(((x2*-1.590000)*((112.874751*((x1*x0)aq(x3*-19.369000)))+3.191577))*-0.010023))+((((0.032953*((x0aqx2)-(x2aqx1)))+0.022381)+(0.012870*((((x0aq-0.436000)*(x1-x3))*((x1*x0)aq(x3*x3)))aq(((x1aq-1.928000)*(x2-x2))+((x0+x3)+(-5.463000aqx3))))))+0.048525))*((((-0.046812*(((-0.661066+(0.117296*x2))*((x3aqx2)aq(x1*x0)))*-0.024532))+-0.017047)+(((((-0.000031*(x2aqx3))+-0.000002)*(((x3aqx2)aq(x1*x0))*(369.628678+(x0*56.922939))))*0.000000)+0.017050))+((3.998083+((-0.160163+(-3.584547*((x0aq212.799706)*(0.000000-x3))))*((((x0+x3)*-0.019373)+0.094109)*(-11.080759+((x2*-8895.260389)+23916.900705)))))+(4481.283414+(-0.000000*(((1603280392764160512.000000*(x0aqx0))+-1539178471094750208.000000)*(((0.000000+-23.464000)-(0.000000aq-22.221000))aq((x3-x2)*(-17.384000-x2)))))))))*0.000445)+((-0.000000*(((((((x2*x1)-((x2*3.325036)+-2.168065))*(1.008669+((x1+x2)*-0.167550)))*0.000000)+0.000000)*((0.000000*((x1*x0)*(8.746237+(x1*-1.575607))))+-0.000001))*((0.000002+((((x0*x2)*(x1aqx3))*((-1788508455166342907199701600412912402766430087889914568264207217021336350477656906299379689202875538792593010138797247037440.000000*x2)+-6.304541))*((((-1954573.669042aqx2)aq(x1*300741169.808617))*-2435634110759324491994558366769659750661433067847301998710772842227270942720.000000)+-1944900409095555559079662327270849873845384347629951430473645771181785088.000000)))aq(((0.000667*(((-4064632144920654.500000*x2)+23231724220125960.000000)aq(x1*x0)))*(((-470168.770426*(x1aqx3))*((x2*228646.534482)+-2790473.970373))+7592419.336048))+-26003607.126080))))+(((((0.000139*((((x0aqx3)*-21733.526559)+63700.598880)aq(((x3aqx3)*470.225141)+-330.039714)))+-0.015954)+((((((x2aqx1)*16058450.732954)+-4455873.500847)+11520327.960910)aq(-329.855459+((249786376.012640*(x2aqx1))+-195013650.392491)))*0.001046))+(((((-669694120.935342+((x0+x3)*98116719.046049))+(-47.350103*(0.007709*-79.440687)))*((((x2*129180109008669.343750)+-523766156831537.125000)+(-202764.745332*-21.437252))+((-160.874233*(0.000000+0.000000))+883.920336)))aq((12946662.994124+(((x2+x3)*0.000094)*-16033851603.084150))+((-0.000000*((-411795549468115597262848.000000aqx2)aq(x1*x0)))+-138499560.029890)))*-0.000000))+((1.097893*((-0.083996+(((-134306868999665057316483366912.000000+(0.000000*-1666973660926960679025377280.000000))aq((x0*918724065551416192.000000)+-2631227080670503424.000000))*-0.000000))+((((-0.000014*(x0aqx2))+-0.000012)*(((8783.351849*x2)+-44165.970244)aq((x2*-379840590.143141)+1887730131.386271)))*-102235593.206596)))+((((26160.656901+(-3803.412683*(x0+x2)))*((-1954573.669042aq((47447553.943855*x3)+-93493954.343244))aq((x2*-379840590.143141)+((x2*260587625.226023)+501613221.407395))))*522.204157)+((0.129493*((-0.919906+(-0.059512*(x0-x3)))*((-1954573.669042aqx2)aq(6207014936.202544+(x2*-1372281196.509454)))))+((-0.000000*((13108876807331114909696.000000+7191743131122907136.000000)aq((x0*918724065551416192.000000)+-2399369602007725056.000000)))+0.161745))))))))
sbp,feynman_II_34_2,ok,3,200,0.97401,2.034411,359,2037.71,,-37.114060+2.049955*((((4.759060+(0.000000*((((x0*((27054931700986358084331826959324545024.000000*(x2*x0))+-212526523957856974477882979089368743936.000000))aq(x1aq9.542000))+(1951.310689+(((27.153956*(x2-x0))-((x0aqx0)-(x0+x1)))*-35.113697)))aq(1897.834326+(((((0.000000*x1)-(17.531000-0.000000))*((x1*x1)+(x1*x0)))-(((-14.322000*-13.549000)*(x2-x0))-((x0aqx0)-(x0+x1))))*2.297793)))))+((((0.000201*(((((24.139000-x0)*(x2aq-11.649000))*((x0aq-3.313000)-(-11.664000--20.997000)))*(((x0*x0)aq(24.791000+-16.056000))*((x1aq-14.937000)*(3.611000*x2))))*((((x0*x1)-(0.000000-x1))*((x1*x1)+(0.000000*x0)))-(((-14.322000*-13.549000)*(0.000000-x0))-((0.000000aqx0)-(x0+0.000000))))))+-74.717851)+((13.980000*x2)*(x1*x0)))*0.018489))+(((38.942178*((((x0*(12.247147+(-4.796648*(x0*x0))))aq(x1aq9.542000))+((x2+((113.642878*(x0*0.000000))+-488.744614))aq(-19.773000*x1)))aq(((((x1*x2)-((40.166366*x1)+-154.556081))*-74.662338)+-503.973145)+((x1aqx2)*(19.411000+x1)))))*0.013373)+((-0.000000*(((((-9141366111954806.000000*((x0*x2)*(x0-0.000000)))+112975807417876096.000000)aq(x1aq9.542000))+((x2+x2)aq(-19.773000*x1)))aq(((((x1*x2)-((40.166366*x1)+-154.556081))*-74.662338)+-503.973145)+(((((x2aqx1)aq(-4.491000*x2))*237446.306002)+-12067.757253)*(19.411000+x1)))))+((((((((0.000000+x1)+(x1*-3.896000))aq((x2*x0)+(x1+-16.226000)))*-0.000000)+-0.000000)*((78654603870083299187840941693830116800660375613069212780809734070310704147787322321595479190803759697823475961954304.000000+(-27150110182380851068471569373128280786573293843427791648139602441842726286256105872733035349196314590372343706550272.000000*((x1aqx2)*(0.000000+x1))))aq((((0.000000-x2)aq(x0*x1))*-160792747889483858313216.000000)+-35798249695043485958144.000000)))*0.000000)+(((((-4810648807.520019*(-7842811.028829aq(x0+x2)))+-6332538922850960.000000)aq(-1642877224914036719616.000000+(((x2aqx2)*-841341989016396.625000)+1642878043677478092800.000000)))*-0.000230)+((((x2*5211521767553931149312.000000)+((x2*-5211521767553931149312.000000)+((-68739.099353*x0)+2015556290.381412)))*-0.000000)+(211.665071+((((-0.099571*x2)+0.095452)aq(604672366346.878784+(-144923050533.455292*x0)))*-5261079824.117553)))))))))
sbp,feynman_II_34_29a,ok,3,200,0.919149,0.05735,485,2005.96,,-682.119986+-0.100698*(((-0.064937*((88.690875*((x0*x1)aq(x2*-7.090000)))+((((-0.107328*((((x1aqx2)*-30963.981558)+24332.856299)aq(((11.362000+x1)-(x2*x2))*((x0+x2)*(-20.359000*-7.180000)))))+1.869363)+((9.261839*((-59892.482255+(20127.831822*x2))aq((x2-2.511000)+((x1*-29242235.061304)+127157915.314997))))+-1.149925))+((0.004154*(((((x1*x0)aq(x1+-4.365000))aq((x2-2.511000)+(x1aqx0)))*(360.043673+(-173.411445*(x1-x0))))aq((((x1*x1)+(x2-19.756000))+((x1+x0)+(-19.042000+14.247000)))-(((x2*x2)-(x0-x0))+((x2-24.136000)aq(x1*x2))))))+((0.412670+((((x1aqx2)*0.004527)+(-10206.410260+(x0*-0.687427)))*(((x1*x0)aq(x1+-4.365000))aq((193788.731794*x1)+-589923.948689))))+(0.020133*((-59892.482255+(19385.046940*x2))aq(-1463.906996+(6610.309249*(x2aqx0))))))))))+((-0.394608*(((-0.162861*((32.829277+(((x2-x0)*(x2aqx1))*160.572131))aq((((x2aqx0)aq(-2.173000*x1))*98595.434173)+-8587.213241)))+(((71.206863*((-0.004104+(x0*-0.001199))*((x1*x0)aq(8.936000*x2))))+10299.387182)+(0.016713*((((x0*x2)aq(18.268000*15.575000))*((x0+x1)*(x1aqx2)))*(-370.650733+(47.395902*(x1+x0)))))))+(((((((x1*x0)aq1805.018413)aq(1735268.652767+(x0*-436204.621955)))*-1142020.923267)+32355.317321)+(0.031086*((-59892.482255+(19385.046940*x2))aq(((x2aqx0)*112676.837383)+-83351.906772))))+((((((x1+x0)*0.000013)+-0.000027)aq(-35409559645.857925+(5020638302.718666*(x0*x1))))*8812668906895.361328)+(((-0.274551*((x1*x0)aq(8.936000*x2)))+-32353.121065)+((((x2aqx0)*-0.001381)+42.495298)*(((x1*x0)aq(x1+-4.365000))aq((193788.731794*x1)+-558062.512896))))))))+((1.017403*((((((x2-x0)*(x2aq0.000000))*0.019706)+1331.535567)+((-1997.128820+((x2-x0)*-0.114880))+(((-6797.964333+(x2*0.000000))*((x2-x0)*-64524.689348))*0.000000)))+((0.000017*(((6763436.361391+(x2*-5854338.129561))+(-13.162920*x2))aq(-2979.714744+(9548.619331*(x2aqx0)))))+(0.010139+(-1331.398143+(-0.000000*(-2117485.002631aq(5.254000-x0))))))))+((((((-2855095.701973+((x2aqx1)*8461727.038556))+(19385.046940*1.914355))aq(-634.838732+(1433.330465*(x2aqx1))))*0.000005)+-677.301099)+((0.000000*(((-298986.224953*((x2*x1)aq(5.254000-x0)))+1668379.743035)*((-1721737922.154500+((x1+x0)*315645110.386007))aq(-2979.714744+((4265.330931*x2)+-5562.087453)))))+(((1.060812*(((x0*41.529683)+22.151314)aq((69698.459042*x1)+-122229.307634)))+((((x0aqx0)aq(x2+x0))*0.417702)+-0.057213))+((((274231.910016+(-356648.124201*x2))+(19385.046940*1.914355))aq(-3434.354291+(649.800433*(x2*x2))))*-0.000035))))))))
sbp,feynman_II_34_29b,ok,5,200,0.921142,45.530697,471,2013.02,,23713160481275.054688+65.988730*(((-0.871178*((-0.021033*((x3*x4)*((((x0aq-21.261000)*((x4aq(x4*x1))*x2))*((((21.311000+0.000000)aq(x3+x4))*-13.977464)+152.963911))+-2.505757)))+((172759287011.737823*((((((x2+0.000000)*(x0*x4))aq((x0*3.094000)*(x1aqx3)))*-0.000003)+0.000002)aq(((((x0+x0)+(-2.768000*x1))aq((x4-x0)*(x2+x2)))*-110780594.303293)+57847102.129656)))+((-0.000001*(((2802.787729+(x0*-729.297547))*((x4*x1)*(x3*x1)))+(288857.482727+((x1aqx0)*-259109.291114))))+((-14.365924*((x0aq((x2*-4.382556)+24.984677))aq(x4*-19.246000)))+((0.000000*((22774.912956+(x1*-5481.467469))*((x4*x1)*(x3*x1))))+(-1.354321+(0.010730*(x0*x1)))))))))+(((((0.000003+(-0.000000*((((4.770000aqx2)-(x0--4.225000))*((x0aqx2)+(x4*x2)))*(((x2*-2.787198)*(x3+0.000000))*(375740575173774831391514558464.000000+(-95404175067505765572717576192.000000*x1))))))*(((x0+x0)+(-2.768000*((x0*-2205.003316)*-0.000328)))aq(((((x0+x0)+(-2.768000*x1))aq((x4-x0)*(x2+x2)))*-110780594.303293)+57847102.129656)))*-0.018017)+(((0.000000*(((-6353.789301*((x3+x4)*-0.062573))+-1904.288678)*((x0aq((-123309175.049879*x1)+476756229.479188))*(((x1aqx3)*-9722635827.493862)+((x1*3599924255.112358)+-34968582.042938)))))+-5.364507)+(((((((x2+0.000000)*(x0*x4))aq((x0*3.094000)*(x1aqx3)))*-0.000003)+0.000002)aq((((-11.734406+(x1*5.759092))*(-565277.864711+(-2.768000*x1)))+-15125764.114149)+(-15129411.589985+(((x0+x0)+(-2.768000*x1))*23535802.074898))))*88618906253.967560)))+((1.313495*((-0.014380*(((((x1*1.079917)+-4.240562)+((0.000000aqx1)*(x3*x2)))*(((2.876000-x4)*(x1-x4))+(-3.995767aq(x1+x2))))*(-1.118927+((x0*x4)*0.231099))))+(-273584408041.866425+(((((4.770000aqx2)-1.739993)*(19.136683+(x4*x2)))*((0.000000*(x3+-3.241638))*(375740575173774831391514558464.000000+(-95404175067505765572717576192.000000*x1))))*80314178.251261))))+((((((((x2+0.000000)*(3.272453*x4))aq((x0*3.094000)*(x1aqx3)))*-0.000003)+0.000002)aq(((((x2aqx1)*375568.441479)+15040197.826459)+-15125764.114149)+(-15129411.589985+(((x0+x0)+(-2.768000*x1))*23535802.074898))))*118008030164.789566)+(((0.000000*((x0aq((84.468650*x1)+-107.198053))*(((x1aqx3)*-9722635827.493862)+10160086225.577749)))+((((535245349.437077+(x3*272140944.020037))aq(-1710289226085860608.000000+(x3*994358592603273216.000000)))*223863.810805)+0.006904))+((0.000000*((((x2*-92.285619)+381.480422)*(0.000000+(x4*x2)))*(((x2*x0)*(-2.921472+0.000000))*(375740575173774831391514558464.000000+-375740575173773846229096071168.000000))))+(0.047429+(-0.377053+(((x3aqx3)*131356243747375218331484160.000000)*0.000000))))))))))
sbp,feynman_II_34_2a,ok,3,200,0.928561,0.151318,409,2005.55,,847327.500806+-0.232963*(((-0.837032*(((((x1*((43.037958*((x2-x0)aq(x2+x2)))+-20.609700))*-0.006839)+(-0.007644+(-0.069552*((((x0+0.000000)+(0.000000+x0))-((x0*x1)*1.627698))*((-0.326518+(x1*0.080693))aq((x2+x1)+(x1+-11.738000)))))))*5.555775)+(((((16588.867994+(-181547.685349*((x2aqx0)aq(-2.177000*x1))))*(4.655000*x0))aq(-17.057106+(((x2aqx0)aq(-2.177000*x1))*250.750493)))*-0.000002)+(((((12.610853+((x2*x1)*-0.913260))+(((63.340875+x0)aq(x2+x2))aq((x1aq11.126000)-(x1*x2))))*((0.001597+(-0.001860*(x2aqx2)))*(((x0*x0)aq(x0+-3.204000))aq(7502951.531741+(x1*-1503579.811075)))))*-4129393.973278)+((-0.000000*((((x2+x0)*0.000000)+-0.000000)*((-298768370401833595917303808.000000aq(x0+-3.204000))aq((-676825.419080*x1)+2757583.585519))))+0.628788)))))+(((((-0.000000*(((790210335.037575+((x0+x1)*-103645171.133983))*(((x0*x0)aq(x0+-3.204000))aq((-676825.419080*x1)+2221210.649795)))*(69937.033892+(((x0*x0)aq(x0+-3.204000))*-6162.458804))))+0.012029)+(-0.000001*((((-13014.665174+(1821.771012*(x0+x1)))+((-347157.337481+(77851.240287*x1))*(667.194649+(x0*-303.979371))))aq((0.000001*((30645798260.968487aqx0)aq(-2.177000*x1)))+-505.076726))*(-0.053618+(0.308468*((x0aqx2)aq(x1+x1)))))))*0.909298)+(((1818649.635587+(0.696363*(((((x0*x1)*(4.655000*x0))*((x0*584263375098776190976.000000)+-2563656505398205087744.000000))+-0.000000)*((-9343466761650385325777009314034641157074618037567488.000000aq2931213.427951)aq((x2*15039554447107164542023295527682670160091089926466286471126430144004096.000000)+-30936734603819974017736310219880045814786119197858018117483027239010304.000000)))))+((((-0.000010*((x2*x1)-(-4.455811*x0)))+1.047543)+(1736222.303217+((((x0*x0)aq(x0+-3.204000))aq((-141007.329485*x1)+607274.095778))*-44.076829)))*(((((-0.000000+(0.000000*x2))*x0)aq((-22409883439240.554688*x1)+105698482306954.250000))*266409003796816234700223807488.000000)+1.047474)))+(((-62.203494+(0.000060*((144628.086591+(-169341.989809*(x1aqx2)))aq(((x1-x0)-(-10.979000*x0))*((x2*x1)-(12.021000*x0))))))+((((0.004201*((x1*x1)-(3.511000+x1)))+-60.859323)+(((-619321921851030.250000aq(x0+0.000000))aq((-389601798074031.375000*x1)+1562282690427732.500000))*0.008305))*((0.000000*((-197322.698584aq(x0+-3.204000))aq((2410.505038*x2)+-6116.028667)))+1.022450)))+(-0.101977+(-6437667102748123136.000000*(((((x2aqx0)*-0.000000)+0.000000)*x0)aq(-88014228070926.906250+((x0*x1)*14460075035688.453125))))))))))
sbp,feynman_II_35_18,ok,5,200,0.924484,0.09307,405,2004.92,,-0.070875+0.042616*((((5.297732+(((40.077631+(((((x2*x0)-(0.000000*-0.113000))+((x4+10.631000)+(0.000000-x4)))aq(((x2+x4)-(x1aqx2))aq((x3-x2)-(x2*x1))))*-4.152726))-(-0.974105+((x2*(0.495847+(-3.205349*(x1aqx4))))*4.431127)))*-0.120109))+((((0.938000+x2)*(x0aqx2))aq(0.316204+(((((x4aqx3)-(0.000000+x4))aq((x3-x2)-(x1*x2)))aq(((-12.768000-x1)aq(x4+x1))aq((4.862000*x4)+(x2*x4))))*-6.118445)))*((((5.126708+((((x3-x1)+4.224678)aq((x0aqx3)*(x2*x1)))*(-32.139047+((x4aqx1)*38.820688))))*x0)*-0.037835)+11.471961)))+(((-0.595987*(((-24.979005+(17.270220+((16.630349aq(x4-x3))*2.529454)))-((x4*x0)+(x0*x3)))aq(((x1aqx0)aq(x3+x0))+((x2+x1)*(x3*x4)))))+-0.280670)+((-0.000000*(((((-0.473834*(16.630349aq(x4-x3)))+4.853658)+x2)*(((((2872.076591*x3)+-5771.799191)*((-1.166295*x4)+2.409779))*(26068288183977221409474726301966763513181741538901125560803524608.000000+(-4929657402974779426938879798867381640317651896994561754230947840.000000*3.454579)))+3135398870769442655205179971466594235256697462161428822917352783872.000000))aq(((-0.369436*((x3*x2)*(-16.925134+(6.184455*x1))))+(-42.359945+(0.000796*((x1aqx2)*45482.868292))))+(((((x4aqx3)-(0.000000+x4))aq((x3-x2)-(x1*x2)))aq(((-12.768000-x1)aq(x4+x1))aq((4.862000*x4)+(x2*x4))))*-6.118445))))+((((((((x0*116684745275.764771)+-307289329838.548218)aq((-87961508.593607*x2)+250590945.096885))*(((x0aqx2)*0.000000)+(-0.000005+(0.000004*x0))))*-26.301066)+0.002464)+((-0.000000*(((-1516954.899976+(943770.224362*x3))*((x3-x3)+(x2aqx3)))*(((x3aqx3)*(x4*x0))+((x3aqx0)-(x2+x3)))))+(((((x1*-745885.186398)+865372.582067)aq(17111385.832966+(x0*-6005466.472909)))*-0.098047)+0.007130)))+((0.000001*(((((0.000000+-27156.397693)aq-5.558000)*(5.765000aqx1))-((-59045063643896.796875*(x4aqx1))+22564104773293.964844))aq((((x0*-28955189.278741)+132759118.657629)aq(x3+x0))+(((x4+x1)*-473888560.443772)+(-49506684.868660+(x4*1220860146.292105))))))+(((0.000001*(((-343068321120.688599*x4)+-969221140047.418823)aq((-87961508.593607*x2)+200385094.005198)))+0.229457)+(0.081592+(((-493283600.056307+-27156.397693)aq(-1531212821548.482910+(x0*1054352599497.365479)))*-17.039144)))))))))
sbp,feynman_II_35_21,ok,5,200,0.907358,1.452764,491,2009.18,,415479577.555250+0.000164*((((((((((201.519769+(-51.419404*x4))aq(39.708565+(x0*-8.687824)))*245103.189521)+((((x4-0.000000)*-669543482.979646)*(-0.007401+(0.001480*x1)))+-2073518.237716))*(((8945009.910847+(3550233.243588*(-12.782752aqx4)))+(-8945009.910847+((-6.738308aqx4)*-6734888.406528)))aq(39.708565+(x0*-8.687824))))*1.494096)+(19548.355473+((((((201.519769+-14020527.446981)aq(39.708565+(x0*-8.687824)))*(-245103.189521+(0.000000*(x2aqx0))))+(-2073518.239637+((572426510883.054321*(-8923313933938.738281+x0))+5107941460717638281854976.000000)))*(((8945009.910847+(3550233.243588*(-12.782752aqx4)))+(-8945009.910847+((-6.738308aqx4)*-6734888.406528)))aq(39.708565+(x0*-8.687824))))*-0.000017)))*((x0*((x1aq-4.461000)*((((-0.668538+(2.759941*(7.669014aqx0)))+(-2.071335*(10.211493aqx0)))+(((-1.223902+(0.000000*0.124429))+((10.306000aqx0)*2.128663))*0.982803))+((((x3aqx1)+(x4aqx2))*-7.136678)+36.973775))))*(((x0*(-1.448331+(((x4aqx2)*(x3aqx0))*1.442531)))*-0.002723)+((-0.000725*((-45.951498+(43.426455*(x4aqx4)))+(-0.094422*((x1aqx3)*(x4*18.666000)))))+((-0.000094*(((x1-x3)-(x4-x2))*((8.961737*x1)+-27.187366)))+(0.030551+((((x3aqx1)+(x4aqx2))*((x0*-3.120400)+24.589984))*(((x1aqx1)*-0.001095)+0.001380))))))))+((2.099780*((((-5040.832348*((6081.283146+((x1-6965.095712)*0.873148))aq(-174.177883+((x1aqx3)*251.847603))))+((((349747909.170453-(x1aqx2))*-1729.162707)+-604768047638.190430)+((((x2+0.000000)-(x1aqx2))aq((x3-x2)-(x2*x1)))*2180.007208)))+(((((45967110923244616.000000*35461.708395)+-328230596753414400.000000)+(-33713502459009343791562752.000000+((x0*x2)*5081706019654245084561408.000000)))aq((((x2+x4)-(x1aqx2))*349697214.590702)+-729716843.874002))*0.000000))+(((((-98171561215125230714880.000000+(324331908474770399929198526575899725199969353728.000000*(0.000000aqx2)))aq(32398435721079584456704.000000+((x4aqx4)*-33822582013646465925120.000000)))*-0.723366)+(126555485.849456+(295010251.184975+((x1*x0)*-193.507521))))+(((((-39077029.805887+(x4*8103221.080702))aq(39.708565+(x0*-8.687824)))*((-0.000000*(x2+x4))+0.000000))+-0.000029)*(((((-44498994169459400564015104.000000*x4)+187541586859253247846121472.000000)aq(40898743481259106762752.000000+(x4*-10017931299718061621248.000000)))*-1164.447972)+49035138681.162659)))))+((1.188891*(((((29423819391736490229760.000000*((-25024.764817aqx3)*(0.000000-x0)))+-682039901731887028956561408.000000)aq(((-2091387503.423007+(461192207.252158*x2))*349697214.590702)+-729716843.874002))*-0.000000)+(156198507.217307+(((((x2*x1)*-32439563503454216517246229938176.000000)+109838099857718347486048360071168.000000)aq(32398435721079584456704.000000+((x1*-752566469840611442688.000000)+-29611749720367294316544.000000)))*0.000000))))+(((((-59822624921170711200905870468936892416.000000+(1195511753786644001460145734031005178902085632.000000+(-754306755754147243583470704673942956419317760.000000*x2)))+(-493229813139059142307232248552721941342564176898293760.000000+(14630037801266849449886351360.000000*((x2*51563651337006344.000000)+33713502223535824758112256.000000))))aq(((((x2+x4)-(x1aqx2))*(-443529057998593457503730380710998966272.000000+(119929570482248565429233425282924281856.000000*x2)))*0.089337)+76223251758132503000519996667850653696.000000))*-0.376214)+(((-0.000000*(((-44498994169459400564015104.000000*x4)+297472608156730298145439744.000000)aq(7163496718935309312.000000+(-1648443747366956800.000000*x4))))+470.358660)+(-0.000000*((-0.000000+(-33713502459009343791562752.000000+((x0*2455188770399315006849024.000000)*-77687519511285185383666556982990968862904680448.000000)))aq(((-1437606175104681974341389065899166662656.000000+(427348826730109831798648167296919404544.000000*x2))*349697214.590702)+-729716843.874002)))))))))
sbp,feynman_II_36_38,ok,8,200,-5.38441,3.087737,583,2006.76,,-31657.844973+0.001472*((((((((-7.923309+(2.637375*(x0*((-0.943412*x0)+3.518224))))+(0.002200*((((x0+0.000000)*(x1aqx2))*((x6+x1)-3.192306))*((107.539163*(x6+x1))+-505.615845))))+(-0.149367*(((((0.000000aqx3)*515.775522)+14349258.524626)+((34906124.760264+(x6*-22161849.015828))*((x6aqx7)*(0.000000*x5))))aq((((x6+x3)-(4.665000aqx2))*11795537.227403)+-2507281.200816))))*0.957678)+40.596336)*(((((3.608561*((((x7-3.342551)+(x0*x4))aq((x5+x6)aq(x7-x6)))*(2.226203+((x2*x3)*-0.299044))))+-4.678681)+(-0.511082*((-0.690608+(((x1*x0)+(x4aqx2))*-2.503411))aq(((-17.725278+(18.757485*x3))+x3)-(4.665000aqx2)))))+(0.970323*(((-0.690608+(((x1*x0)+(0.000000aqx2))*((-0.461858*x6)+-1.837159)))aq((x6+x3)-(4.665000aqx2)))*((((x0-x5)+(x6+x7))*-0.122699)+-0.617424))))+(((((-0.690608+(((x1*x0)+(x4aqx2))*-2.503411))aq((x6+x3)-(4.665000aqx2)))*((((x0-x5)+(x6+x7))*-0.122699)+-0.617424))*(((((x1*x0)+(x4aqx2))*(-0.580960+((x3+x2)*0.205147)))*-36548779445.984650)+309891424194.508362))*((-0.000000*((-14349671.010268+(5660741.908863*((0.000000aqx7)*(x0*x5))))aq(((x6aqx7)*(x0*x5))*(((x6aqx4)*307843464840.830444)+-154390157634.977386))))+(0.000000+((-10429.905106*((-3.989536-0.000000)+(0.000000-x1)))*0.000000))))))+((((540964.981236+(12607627770224.357422*(((0.690608+(-1.653288*-0.000000))+(((x1*x0)+(x4aqx2))*((x0*0.064211)+-0.283570)))aq((((x0+x7)*(x1aqx2))*71210033293635.218750)+-178484771114044.500000))))*((((-0.690608+((48442.542368*(x0aqx3))+-35600.250227))aq(((-17.725278+(18.757485*x3))+x3)-(4.665000aqx2)))*0.000142)+(((19209588420.637306+((-1.381217+(x3*-0.000000))*13907926147.922312))+(0.000000*(((x6aqx6)*-95427540508.850281)+(1440865461977112.250000+(9660635549.050806*x6)))))+(-761.079267*(((0.092787*(8.302000aqx2))-((-0.145786*x2)+0.650758))aq(((x2aqx1)aq(x5+x0))+((x3+x2)*(x5*x7))))))))*0.000073)+(((((((16.068932+((-8.387890*x1)+-10.381702))+((161.423056*(0.000000*x0))+-135.233511))aq(((-17.725278+(18.757485*x3))+x3)-(48847.171908+(-100908.792191*(1.185539aqx3)))))*-542.588832)+((((((x0+x7)*(x1aqx2))*((x7*-209.907902)+380.149652))*((107.539163*(x6+x1))+-505.615845))*0.000690)+-86654691.131177))+((-4.959227*(((((0.000000aqx3)*515.775522)+14349258.524626)+((34906124.760264+(x6*-22161849.015828))*((x6aqx7)*(x0*x5))))aq((((x6+x3)-(4.665000aqx2))*11795537.227403)+-2507281.200816)))+86654670.046336))+((((14.791193+(8.454536*(((x3*16.488202)+-38.605413)aq((x5+x6)aq(x7-x6)))))+(-0.133039*(((-0.075345*(103956.470080aqx7))+3242.502737)*(((x7aqx4)*0.831568)+(-0.001581+(-0.388871*x7))))))+10.363002)+(0.171481*(((-14349671.010268+(5660741.908863*((x6aqx7)*(x0*x5))))aq(((x6aqx7)*(x0*x5))*((x6+x6)+(214588.642797+(x6*-58672.141523)))))*((((x1aqx4)*(x7*2.852000))*((x7aqx2)+(x6aqx4)))-(((2.182000+x1)*(1.071280+x0))*(((x7aqx4)*1.357094)+-0.390955))))))))))
sbp,feynman_II_37_1,ok,3,200,0.959541,6.008812,465,2016.54,,1.082539+-0.000168*((((((((((x1*9.485000)+(-19.455000+-8.273000))aq((-3.771000+x0)*(x0+x2)))*(((((x1*9.485000)+(0.000000+-8.273000))aq((-3.771000+x0)*(x0+x2)))*-147.858490)+433.996933))aq((-17.997816+(0.000511*(((x0-x2)+(x1*x2))*(3561.846595+(-827.711855*x1)))))*(((x1+4.755000)+(x0+x2))+((x1-x2)-(-4.212000+x2)))))-((11.460639+((((-236825.307525*x1)+1407400.367920)aq((6515286475.562599+(x1*-1285777608.922794))+(x1*x2)))*(-115023.148992+((x1aqx0)*22451.884249))))+(((((x2-x0)-(20.429000*x2))*((7.957000+x1)*(x0*x1)))aq((-3.749401*((6.948000aqx2)-(x1+2.319000)))+33.648145))*5.237772)))*(0.004399+(((((x2-x0)-(20.429000*x2))*((((5339.688146*x1)+35598.087286)+-907.399726)+16539.327607))aq(-24640.840725+(((x2*x1)aq(5.237000-x0))*11254.743399)))*-0.000000)))*-64698.167898)+(((((-2998.106435*((((x1*0.000000)+(-19.455000+-8.273000))aq((-3.771000+x0)*(x0+x2)))*0.318242))+5695.688545)aq((((((x2aqx2)*20360.376659)+(576079.091507+(-152824.183526*x2)))aq(5.313000-24.613000))-((x1-9.515000)-(-22.071000*x2)))*(((x1+4.755000)+(x0+x2))+((x1-x2)-((0.114548*((x1+x0)*(x1+x1)))+9.277325)))))*17.035594)+((((3546935605420971008.000000*(((x1*9.485000)+(-19.455000+-8.273000))aq((((x0*22514126.254898)+-81857893.054452)+x0)*((469.181604+(0.000000*-257.359869))+(38704943177.169128+(x1*-11137499284.192408))))))+(4615.988912+(800.384656*((((0.000000-x0)-(20.429000*0.000000))*((7.957000+0.000000)*4.654159))aq(-4374007.958381+(4377557.281658+(x0*-714.386071)))))))+(0.000000*((((((55.820518+-4.551000)aq(x0*x2))+((0.000000-x1)-(0.000000*x0)))*463989.738963)+-7629619.519746)*((((-236825.307525*x1)+1407400.367920)aq(((x2aqx1)*6361378436.315407)+-3470970071.939649))*((-636259466.946832*((x0+11.511782)*(0.000000-x2)))+-12279133038.051104)))))+(((((((426055107151443672587212015089056338770293363941130527349045227526029269058499946543819594773473263616.000000+444067073687598669383073792.000000)*349009358182819.250000)+(((x0*x0)*-228443458293434261549109908847053321138972973823411395050073134020648610237538474126461284879378390484029871418359574167552000.000000)+557244062071657787107854293423317924562747061590890616267513172585343950125966238451856630613239058349828769021249803046092800.000000))aq((((x0+3452.676381)*-1621029454645902071953133810760211550746744167946189578233903972183254666253852357420414189903558607936306292118316954681344.000000)+((x0*3242058909291848766215340324351753001624827333295899294436237202444052771036163826812305557367543026153581894841991516127232.000000)+5593443849661492149218766837961984473128354886924265942757568337338078987754413980214267014536130615390278035768598172612427776.000000))+-3470970071.939649))*0.732720)+(-2623.977950+(((((x0*259057862117808569303225742685651112051335818653711887732545056402793347175527642084240336111378213940298898210816.000000)+-548440209273711149960395825295088327824517758618882568913068376826614044279056939774393205271224467518534388285440.000000)*6361378436.315407)+(3488835720882094669363274149869274729447348847965660901419518882732342124856995309917999560423025097716557015588694311043072.000000+((-7.079185*x0)*232790222008362092924908990754025334181635217416669001365224334925117368139653031831824851081870259258422047328122087407616.000000)))*-0.000000)))+(((8951.820534+(86264188135607.890625*((-236825.307525*x1)+((236825.307525*x1)+-0.000000))))+(((((0.000000-x0)-(20.429000*x2))*((7.957000+x1)*0.167651))aq(-4374007.958381+(4378836.890292+(x0*-1166.322179))))*4830.099859))+((((((-13102766623.381599*x2)+28597078210.995525)*((7.957000+x1)*(x0*x1)))aq(-4374007.958381+((x1aqx0)*5945372.146384)))*0.000091)+(((((0.000000*-847890754852105.375000)+-588410889855478.000000)aq((x0*-731613031320886144.000000)+2086295076736793088.000000))*-253928.561983)+-1134.052924))))))))
sbp,feynman_II_38_14,ok,2,200,0.968659,0.032476,467,2005.7,,-1277016008.564311+0.000014*(((((((0.000000*(((-41321403269849490464440320.000000+(-2642163614427782.500000*(x0+-15639229552.699900)))+-108955743795.262299)aq(-10917028.476069+((18696.586619-x0)*584.045311))))+-2.131321)+(-21904788195.704269*((((1448214.484296-x0)*75234.782088)+-108955743795.262299)aq(((x0*-1184079036198727.500000)+5711853743134363.000000)+((18696.586619-x0)*584.045311)))))+-251.792986)*(((((x0aqx1)*(x0+7.116000))*0.199668)+(((-0.132391*((((x0+23.381000)+(x0*x1))aq((x0+-24.235000)+(x0*23.247000)))aq(((x0+x1)aq(x0+x0))+((-2.042000-x0)+(x0+-10.953000)))))+0.717853)+(0.715476+((0.112006*(((x0+0.000000)-(0.000000aq16.203000))aq((-16.454000-x1)*(1.694000-x1))))+((-0.047969*((x1-4.211000)aq(x0-x1)))+-0.092033)))))*(((-0.978197+((((1448214.484296-x0)*75234.782088)+(-108955277096.420700+((x0+-10.953000)*75234.782094)))*-58173.607206))+(14.795397*((((x0*17.197000)aq(x1aq-8.232000))+((x1-x0)-(-9.148000aqx0)))aq((82885.739216+(-19614.741157*x0))aq((10.248000-x1)*(x1-x1))))))+(-40.042182+((((2594.082770+(x0*-5248.155046))aq((x0+-24.235000)+(x0*23.247000)))aq(573068.863873+((x0aqx0)*-593299.684089)))*1.566852)))))+(((((10.431048*(((0.335233*((0.000000*-3.489455)+2.195780))+-58.870327)aq(-10917028.476069+((18696.586619-x0)*((8.096785*x0)+567.741577)))))+((((((1448214.484296-x0)*75234.782088)+((x0*75234.782087)+-108956101142.988937))aq(((x0*-1184079036198727.500000)+5711853743134363.000000)+((18696.586619-0.000000)*584.045311)))*4902535473224427520.000000)+(0.020943+(((114774.972505+(x0*-47027.784965))aq(-2167.913890+(x1*990.541546)))*-0.000511))))+((-0.000000*(((-41321403269849490464440320.000000+(-2642163614427782.500000*(x0+-15639229552.699900)))+-108955743795.262299)aq(-10917028.476069+((576.354392*(x1-x0))+10918762.650886))))+(0.146095+(((((1448214.484296-x0)*75234.782088)+((x0*75234.782084)+-108956101142.988937))aq(((x0*-1184079036198727.500000)+5711853743134363.000000)+((18696.586619-0.000000)*584.045311)))*2018281395285113600.000000))))*2624.984819)+(((((-0.000001*((-870705771588247093248.000000+(942281302768501129216.000000*(x0aqx0)))aq(((x0*-1184079036198727.500000)+3086690673313553.000000)+((18696.586619-0.000000)*584.045311))))+(((-0.060840*((x1-x0)aq(x0*x0)))+0.024272)+(((-2507862360624581632.000000+(x1*2942877006218961408.000000))aq((-18760232095149404160.000000*x0)+83550184404058472448.000000))*0.010765)))*9883.641451)+17322576065669.560547)+(((0.000000*(((-41321403269849490464440320.000000+(-2642163614427782.500000*(x0+-15639229552.699900)))+-108955743795.262299)aq((2809.675973*((x1-x0)aq(x1*x0)))+1059.241592)))+((-19618138595987.671875+(46364582.381383*(((1448214.484296-x0)*75234.782088)+((75234.782089*x0)+-108955004184.341400))))+(8661288032903.958008+((((-1117667915.689977-x0)*-63335376272.670044)+((x0*-63335376718.064613)+-70787917988115546112.000000))*-0.104291))))+((-112945162.566256*(((1448214.484296-x0)*75234.782088)+((0.000000*(-437514314449.761719+(7822109411132.374023*x0)))+-108955979164.011154)))+((((((x1aqx0)*-1412948918239332608.000000)+1746817834502492928.000000)aq(((-5763268772474664.000000*x0)+22743278599034488.000000)+((0.000000-x0)*584.045311)))*0.481370)+44543540845514.328125)))))))
sbp,feynman_II_38_3,ok,4,200,0.96953,1.625823,507,2005.07,,-28.536240+4.204339*((((((((400.254571+((((x2*0.000000)+(x0aq-10.251000))aq((0.221856*x2)+(x2-x0)))*-110.479818))+((0.007731+((-0.000756*3420054.881488)*0.000000))*0.008720))*(x3*(x0*(-21.159782+(((x2-x1)aq(x2*-8.184000))*163.343291)))))*0.000034)+((0.000000*((((-3324.587373+(1342.251921*(x0*x1)))*((-105922.508316+-6.319287)*((-27.317529aqx2)*(x0*x1))))+-75680239.833242)*((-515.121465+(168.579405*((x2-x3)*(x2-x3))))*((-2053253.106717+(484058.885416*(x0*x3)))*((0.000565+(-0.000448*x0))*x1)))))+(((((-0.005400*((x3aqx2)*(x0*x1)))+0.036577)*(((148.599536+-799205102678.275513)+((-1241000592063.266846*x3)+2441779286749.927734))aq((-39945729.339512*(x1aqx1))+(31003439.639321+(2040979.568319*x1)))))*-0.000000)+((((((5953223665.808734*x0)+6463711758.946236)aq(48816536203166882169899240021792129785820270804598784.000000+(x3*-11508019081941108951271418908918178841457209445974016.000000)))*5802363284758414434247915632497617010688.000000)+-0.104703)+(((((x3aqx2)aq(x1-x3))*0.037882)+-0.017711)+((((x0*-3524530521074357189540373856256.000000)+9416682872045972011336410857472.000000)aq((-6198147863.696904*x1)+24741139601.986649))*-0.000000))))))*-0.915165)+(((((((-0.000036*((733341435.115632+(x3*-200839116.985751))aq(58246839.451510+(-12143279.021939*x1))))+-1.910397)+(3711618.941573*(((-28759846763794876.000000+58049057735230800.000000)+(253559721517078183936.000000+(0.000000*-92898935776379092992.000000)))aq((15423261709.490023*(x2*x1))+(1283347759832617990547656671232.000000+(x1*-299239886551821871223419174912.000000))))))+(((((15908.294597+(-2286.156177*x2))+(25069.989761aq-10.251000))aq(-2920.954747+((x2*x1)*1629.085894)))*0.000257)+(((((x0*-3524530521074357189540373856256.000000)+9416682872045972011336410857472.000000)aq(823276837572474713182711157625902708700660703407636480.000000+(x3*-173747548411984125147545087230210124524046176401489920.000000)))*514379686043031175168.000000)+0.004865)))+(((((-0.005400*((x3aqx2)*(x0*x1)))+0.036577)*(((28282225857.752983+-1235388602650.677246)+((-884225699857.312012*x3)+1450383758815.167480))aq((-39945729.339512*(x1aqx1))+(-1443734287309696512.000000+(x3*735356230621528448.000000)))))*-17434.833804)+((((((x0*-3524530521074357189540373856256.000000)+9416682872045972011336410857472.000000)aq((x3*-46011871856705308752843387991087095100143108930666496.000000)+173971172294841679396651234830550039983743294284759040.000000))*16658701644789788672.000000)+0.020154)+(((((x3aqx2)*6310.374783)+1517.754574)aq((-39945729.339512*(x1aqx1))+38357146.436366))*0.491955))))*-0.677544)+((-0.394621*(((((((5953223665.808734*x0)+6463711758.946236)aq(48816536203166882169899240021792129785820270804598784.000000+(x3*-11508019081941108951271418908918178841457209445974016.000000)))*-6942337988805592271158540646932035928064.000000)+-13.525640)+(164208125.358137*((-2053253.106717+(484058.885416*(x0*x3)))*((-0.000000*(x1aqx0))+0.000000))))+(((((-254749292.381057*(x0aqx2))+190600008.713949)aq(((x0-x1)*-59458.320545)+103607.631594))*0.000001)+(0.036018+((((x0*-3524530521074357189540373856256.000000)+10581830101745119908666544226304.000000)aq((-3642744712568757611966016543023527077729359972270080.000000*x3)+16242009640399615377472129586100114783276145221566464.000000))*1259167498221298176.000000)))))+(((((0.000000*(((x0*-3524530521074357189540373856256.000000)+9416682872045972011336410857472.000000)aq((-6198147863.696904*x1)+18016611560.213871)))+(((0.052171*(x0-x1))+-0.092389)+((x3aqx0)*-0.080663)))+((((113882279330373.000000*(x3--252.534613))+((-114023242746069.656250*x3)+-28758847766317812.000000))aq((1836924951180.553467+(x1*-446364996605.120300))+-74093462684.753983))*-0.026317))*-0.243328)+(((0.000000*((388093603991.441040+((x2*x1)*-95621001634.846115))aq((-39945729.339512*(x1aqx1))+(31003439.639321+(2040979.568319*x1)))))+0.012985)+(0.000000*((-515.121465+(168.579405*((x2-x3)*(x2-x3))))*((-2053253.106717+(484058.885416*(x0*x3)))*((0.000565+(-0.000448*x0))*((x0*20462.652032)+-78046.507737)))))))))))
sbp,feynman_II_3_24,ok,2,200,0.745883,0.022069,453,2008.76,,-18.024839+-0.007152*(((5.478581*((((14.723000*x0)aq(((((x1aqx0)aq(x0+-4.182000))+((x1*-21.889000)aq(x1aqx0)))*-0.238924)+-3.219992))*-0.354830)+((((((x0*((x0*5.898112)+-33.611808))*421.891362)+19448.565066)aq(((((x1aqx0)aq(x0+-4.182000))+((x1*-21.889000)aq(x1aqx0)))*(-24.116143+((x0*x0)*0.897759)))+-3.219992))*0.003052)+((-0.057903+(-0.019415*(((-48.467492*(x1aqx0))+14.497117)aq((-67.376923+(x1*50.456243))aqx0))))+(-0.000002*((x1*(421382.585006+((x0*x0)*-9650.674374)))aq(-44.362199+(((18.247000-x0)-(15.557000aqx1))*14.210508))))))))+((((((((((x0*0.000000)*-426843.281381)*((-2151.812187*x1)+8513.937797))*((4773.333811*(x1*x1))+-77444.521023))*-0.000000)+-2512.148320)+(((-4.438087+(24.273246*((x0*x0)aq(11.600000*x1))))aq(-907.470930+(((x1--0.491398)aq(x0-x1))*1228.967820)))*10.413183))+(0.000990*(((25390.523525+(-1569.585082*(22.784715aq(x0+-4.182000))))*x0)aq(((((x1aqx0)aq(x0+-4.182000))+((x1*-21.889000)aq(x1aqx0)))*(-24.116143+((x0*x0)*0.897759)))+(-852.652033+(((x0--3.062000)+(x1*x1))*75.795302))))))+(((((((9324.292312--0.491398)aq(x0-x1))*-0.002371)+11.111975)*((((-85707986815.418915+(0.000000*x1))aq(x1aqx0))*-0.000000)+-2.477557))aq(((((x1aqx0)aq(x0+-4.182000))+((x1*-21.889000)aq(x1aqx0)))*(-24.116143+((x0*x0)*0.897759)))+(-852.652033+(((x0--3.062000)+(x1*0.000000))*75.795302))))*0.226512))+((((1.237329*(((((x1+x0)*1388.931725)+-12114.805365)*(52.443071+((x1+x0)*-7.146561)))aq((-42558679.778543+((x0*x1)*8413965.020726))+((-18684.992640+-7511.307301)*((x0*0.000000)*(3.597000-x0))))))+((-10075264.753171*(((0.006142+(x0*-0.002299))*((x0*-0.572780)+1.358877))aq(((x1*x1)*331246.200059)+-1468831.966245)))+-0.292293))+((-0.142970*(((((x1+x0)*1388.931725)+-12114.805365)*((-0.392761*0.257128)+5.804250))aq((((x1--1749.686723)+(x0*3.083000))*-16968.481269)+29974890.419198)))+((((-0.000000*((x1--656430.881685)aq(x0-x1)))+0.051651)*((0.069560+(-0.810857*(x1aqx0)))aq(((x0-x1)*-6.250968)+21.823215)))+0.316532)))+((-0.000395*(((3539460972.886655+((47209.003708aqx1)*-131822.021996))+-12435.933827)aq((((-123249.290005+(x1*31352.737039))aq(x1aqx0))*83.036274)+5888617.170743)))+(((((91791294581765956435968.000000*((x0*x0)*(3.597000-x0)))+-558306178103844452433920.000000)aq((-42558679.778543+((x0*x1)*8413965.020726))+(-4749.250992*((4113.113295*x0)+-7425.775834))))*-0.000000)+-0.582077))))))
sbp,feynman_II_4_23,ok,3,200,0.971665,0.005213,387,2011.42,,0.024787+0.000014*(((((((x0*17.032000)aq(x2*x1))*0.470887)+((0.009134*(((90.470814*(((0.000000aq-21.298000)-(x0aqx1))aq((-7.995000-x1)*(x2*x2))))+4.683131)*(((-134.379579*((x0aqx2)aq(x1+x1)))+17.590872)aq((x1aqx2)+(x1+x1)))))+((((-60.775409*(((x0aq-21.298000)-(0.320343aqx1))aq((-7.995000-x1)*(x2*x2))))+(-5.785901+(0.006758*(x1*x1))))*1.206871)+((27.504506*((((x0aqx1)*-0.035237)+0.025475)*(((16.665360aq-21.298000)-(x0aqx1))aq(-206.123084+(106.497103*x2)))))+((((-16.328045+(x2*8.673248))aq(-206.123084+(106.497103*x2)))*-1.198502)+4.025711)))))*767.927730)+((((349.808050+(0.000000*(((-35676813.218691*((x2aqx2)*-0.091059))+-3095798.704893)*(((-1150.988682*(0.000000aqx1))+(2294.144206+(x1*-351.758946)))*((9341.927306+(-1090.715171*x1))aq((70.722321*x2)+-79.948193))))))+((((-1.008100+(((x0*17.032000)aq(38.709285*x1))*2.308248))*(((-315.021935*(x0aqx1))+464.372139)+(-34.512139+(57.160495*(x0aqx1)))))aq(((((x0+x1)*6.123696)*((2.501275*x0)+-11.995879))*-1142.956575)+-107917.195839))*-12407.371144))+(28.523294+(0.004687*((-72762.581000+(((-6890507336.802897*(x2aqx1))+5052227083.193034)*(((-23.300000aqx1)*-2929657.041991)*(5.692861*(x2aqx1)))))aq(-1281695738876688.750000+((((x2aqx0)*(0.000000-x1))*((x1*3.485680)+-19.308068))*108455624989557.687500))))))+((-6.713070+(((52386.751175+(-0.018012*(((x2*31989028214.644852)+-121630984715.190125)aq((81693.335771*x1)+-128434.726664))))*(((((x2aqx1)*2079427.733199)+(-4144698.763529+(635500.835067*x1)))*(((-23.300000aqx1)*(x0+0.000000))*((x0*x0)*(x2aqx1))))*(0.001323+((-0.794386*(x0aqx0))*((x0*-0.000105)+0.002134)))))*-0.000000))+(((4675399460.038574*((-0.000000*((360.184261+(-60.134358*0.000000))aq((70.722321*x2)+-171.535815)))+0.000000))+((2073.757539*((-16.328045+((-1.101927*x2)+18.718198))aq(((x2*x1)*75.851554)+-288.445656)))+2.837716))+((-0.199368*(((400.483324+((x0aqx2)*-2016.651434))*(((x1*x0)*0.976470)+0.934869))aq((1092.129107*((x0aqx2)*(x2aqx2)))+((-902.848963*(x0aqx2))+8.482701))))+-33.610674))))))
sbp,feynman_II_6_11,ok,4,200,0.960799,0.003246,405,2026.15,,0.005656+0.000002*((((((-14276.028112*(-0.001478+(((((x2*-0.561472)+0.862470)aq((x3+x2)*(x3*x0)))*(((0.000000aqx1)*0.000000)+-7.737891))+0.002956)))+-417.029210)*(((294.300924*((563.347202+((2415.564045+(x0*-0.000000))*0.131026))+(((444.397986+(x0*-0.000000))*-3.980813)+1205.935899)))+-35298.927129)+(((-0.002023*((-133.792802*(x2*x2))+1008808.070129))+4017.503132)+((((0.103184*((x3aqx1)*-157.278427))+0.327769)+((x1aqx3)*4074.957202))*((-6475356.223006-2.643418)aq((x3+x2)*(x3*0.000000)))))))*-0.000000)+((((((-8.653875+(0.370305*(1.767112*((x2*x2)*(-1.965000aqx3)))))+(((-0.504005*(522.003599*(x3+829993234341.144653)))+218365034771306.937500)-((-0.001127*((x2*-1279639.252091)*(4.063000-x2)))+-5095.602784)))*(((((-0.000000+(x1aqx3))*((-212071486180.048309*x2)+289087215640.557312))*0.000000)+(-0.133022+(0.207635*(x0*x2))))aq((x1aqx0)-(x0*x3))))*-2.322040)+((((-92.233543*(((-758781613513.532837*x1)+1635009436179.077148)aq((-8814967060254.017578*x1)+21291777966115.296875)))+((0.066137*(((x2*48387379468746563584.000000)+-67420282427309195264.000000)+(67420282427309187072.000000+(x2*-48387379468746563584.000000))))+((((x2*0.000000)*(4.063000-x2))*2775698518752.631836)+-755.065475)))*1.303434)+(-408.455834+(0.000213*(((2854.068439*((x1-x3)-(x2*1.568649)))+10246.984114)*(-2473.352726+(((x2*-1279639.252091)*(4.063000-x2))*-0.000682)))))))+(((-151.691063+(((((-758781613513.532837*x1)+1635009436179.077148)aq((-20224112194.163460*x2)+58406926457.487274))*((-1337.771199*(-0.015535*(x3*x0)))+-56.289232))*0.007254))+(-0.599538*((((-4187433230127.043945+(5219181421438.145508*(x1aqx3)))-2.643418)aq((((52.570160*0.000000)+-124.569868)+x2)*(x3*((0.726645*x2)+-1.764220))))*(((((-758781613513.532837*x1)+1635009436179.077148)aq((-8814967060254.017578*x1)+17163697315499.890625))*-0.000000)+0.000000))))+((((-0.237596*((((x2*x2)*-16512999321917.923828)+68305618499902.695312)aq(((x2aqx1)*3172228685568.197754)+-1368646283765.160400)))+-23.893458)+((((-3035803104240060416.000000+(x2*1935993814907805184.000000))+905714681.184656)aq(((-138803862804728058450272059392.000000*x3)+360831187528465261546182803456.000000)*(-8098168227.713580+(0.000000*-6111319378.201271))))*-9416021856190942150656.000000))+((1.036596*(-0.336290*((((x2*x2)*-16512999321917.923828)+68305618499902.695312)aq(((x2aqx1)*3172228685568.197754)+(-29717235339.618652+(x2*-1463231791051.824463))))))+(((0.091891*((-4871037436308280.000000+(x1*2071822596054538.750000))aq(27591154791195.250000+(x1*-10360584137604.164062))))+15.184021)+((((-7469524068847.185547*-16512999321917.923828)+68305618499902.695312)aq(((x2aqx1)*3172228685568.197754)+(-10017182660.140625+(x2*-1469007331783.782715))))*0.000000))))))))
sbp,feynman_II_6_15a,ok,6,200,0.976648,0.059128,481,2011.01,,-0.014223+0.000001*(((((-112078608.178658*((-0.001960+(-0.000000*((-2412414223586195839795601604608.000000+(2041618276738072578243315105792.000000*(x1aqx4)))*((4.276000*x4)+(x1-x2)))))*((((-0.000000+((x5aqx4)*0.000000))aqx2)aq(x2*12.106000))*(189382.358350+((((x4*12.113000)*11.348418)*((13.984000aqx2)aq(x0*x2)))*1249.308664)))))+792.897033)*((-0.000000*((((-0.681848*(((x2aq-11.263000)aq(-1.096000+x2))*((-192.057366*x0)+-1721.696168)))*1565.496624)+-322967.386262)*(((x1aqx2)aq(x2*12.106000))*(189382.358350+((((x4*12.113000)*(x3*x5))*((13.984000aqx2)aq(x0*x2)))*1249.308664)))))+((((-10226.681530*((-1.992163*(x3*x5))*((13.984000aqx2)aq(9931.643757*x2))))+-28.709695)+(0.000377*(((((x1aqx2)aq(x2*12.106000))*((4.276000*x4)+(x1-x2)))*((-22.704834*(x3aqx0))+21.862896))*18156.916021)))+((((-0.511356+(((x1aqx2)aq(x2*12.106000))*10.027201))*(((0.500816*(x2aqx2))+-0.425268)*((13.984000aqx2)aq(1483.213291*x2))))*-310302.938828)+((((0.007417+((x4+x1)*-0.003038))aq((x2-x5)*(3.367000+x4)))*5661.212351)+(((7.058969*((x3-x2)+(x1aqx4)))+3.663825)+9.502809))))))+(((((((0.002237*((31395.673433+(90903.761849*-0.003038))aq((x2-x5)*(3.367000+x4))))+0.158661)+(-0.000000*((-2412414223586195839795601604608.000000+(2041618276738072578243315105792.000000*(x1aqx4)))*((-15560206673859454.000000*(x1aqx3))+13274081717250674.000000))))*((((-0.000000+((x5aqx4)*0.000000))aqx2)aq(x2*12.106000))*((((0.000017+(-0.000016*x2))*((0.000000*x4)+(x1-x2)))*1273362482980479618872214814720.000000)+-2175384352318958895890432.000000)))*((94013037363389339271168.000000*((((x2aq-11.263000)aq(-1.096000+x2))*0.000000)+-2.000000))+188026074726778678542336.000000))*0.000000)+((((-0.000000*(((0.000000+(-27819164.606133*(x5-x0)))+10090437.019178)*((-7651715.010594*((x2aq-11.263000)aq(-1.096000+x2)))+971877.231794)))+1307.944597)+(((-0.000000*((((x2*2706181956945873860896614867957530243954114560.000000)+-5808224552809729879245051211983963726429552640.000000)*(x3*x5))*((13.984000aqx2)aq(-279385.828648+(173447.710008*x2)))))+((0.981515*((13.984000aqx2)aq((31524.642694*x0)+-32371.625476)))+((-0.015984*(x2-x0))+0.002191)))*321762.232116))+(((((20422.600924*((0.629738+(-0.395876*x1))*(x2-x0)))+-500.955708)+(((13.984000aqx2)aq((x2*50872.320136)+-65931.705986))*-1344778.947094))+((971245640.749099*(((0.000002*(x3*-957079134052.791992))+(0.006255+(1765067.268332*x3)))*((13.984000aqx2)aq((31524.642694*x0)+-32371.625476))))+2203.572769))+((7336553.102791*((0.134331+(-0.084935*((x2aq0.000000)aq(-1.096000+x2))))*(13.984000aq(6771.159815+(-4556.165609*(x1aqx2))))))+(((-76014.073717*((13.984000aqx2)aq((x2*34063.324772)+-42428.311913)))+185.569738)+((((0.000002*(x3*-957079134052.791992))+(0.006255+(1765067.268332*x3)))*(1151997102784805.250000+((x1aqx2)*-1460686676177123.750000)))*0.000000))))))))
sbp,feynman_II_6_15b,ok,4,200,0.928879,0.010014,407,2008.26,,0.042839+-0.003041*((((((-67.202875*(((x2-12.726000)+(10.309015+(((x2+3.078000)+(-13.551000aqx2))*-0.317921)))aq((x1aqx0)-(x0*x3))))+-0.447758)*(((52.083753*(((((x2aq-7.363000)+(x2aqx0))*((x1*x1)aq(x2aqx2)))-(((x2aqx2)*(x2-x3))*((x3*x2)-(9.223000-x2))))*((((x2+-12.107000)aq(-7.539000*13.154000))*(-4.800761-(x2+0.000000)))aq(((x3+x1)*(4.793000*x3))+((x3*x3)*(x1-x1))))))+1.310987)+x0))*0.235756)+(((((-0.000000*(2369933331181.804199+(-3.367317*((137267305775903.000000aq(x3*x3))aq((x2*x2)*(6.634000*x2))))))+((-0.000000*(((2445265070430900940477226076927091015680.000000+(-2533937915941123637069212822566072221696.000000*0.000000))+((x0*0.000000)*-2790515560258206.000000))aq(-253182369143144128.000000+(142220061073516624.000000*(x0*x2)))))+-0.004151))+(((((((-6.705000*x2)*(x2*x1))*-0.007379)+-0.273023)aq(((x3+x1)*(4.793000*x3))+((x3*x3)*(x1-x1))))*-173.835406)+((0.105754*((((x2aq-7.363000)+(x2aqx0))*((x1*x1)aq0.842535))-(((x2aqx2)*-1.928456)*((x3*x2)-(9.223000-x2)))))+(-8.685021+(0.000000*((4083346077128171978752.000000+(x2*-3399792478922030448640.000000))aq((x2*x2)*(6.634000*x2))))))))*-1.586929)+((-0.000000*((((((63295665084228.335938+(-37257735387702.179688*x3))+((x2aqx3)*8.035045))*((0.000000+(x1aqx3))*((x2*x2)*(-1.969000aqx3))))*(((x1aqx0)*-0.000000)+0.000000))+-4955.888550)*(((6120308847.237778+(2880983910074.151367+((x2aqx3)*-3609444235873.650879)))-((9071010606957714.000000+((x0*x2)*-2790515560258206.000000))aq(-5903.958444+((x0*x3)*4144.655977))))aq(((((x2aqx2)*(x2-x3))*((x2*4165.518013)+-7495.886020))*4219295.895004)+-1001966348.292952))))+((((((435125113833981391232208935865609218598269449554978406149759127975271442805686272.000000+(-2710196557234555125635290979721739087764552146042897041115016023721847453921574912.000000*-0.135580))+(-0.135580*(26220149631053206197915949734592420050139984817526687627095531907754474401202962432.000000+(-0.135580*104071547797806908736411173476122842570054276302158044287673288548747197899505401856.000000))))-(928830641409041934400880676241452203013511370594711988886656340615824623856238504161122570972309870211744681911829518321124198275135506770558976.000000+(-63588395961884224406311869942512746131386690374402085400026396453325728700607943699165147856623702238369230618624.000000*((x3aqx2)*5465669688944520210347517280256.000000))))aq(((((-0.130425*x3)+0.446020)*-0.041933)+164694874442023337984.000000)+(-94783008920540343697408.000000+(2774851612716513099776.000000*((8.880000+x0)*(x2+x0))))))*0.000000)+((0.000000*(((((x0+0.000000)aq(x3*x3))*-7782019264720183.000000)+-2367535003392185.000000)*((3033791867.800272+(-1118555660.608961*(5.370025aqx3)))*(((x2aqx2)*(x2-x3))*((x3*-23907646.712023)+76656794.447266)))))+(-0.107739+(-0.000000*((-900425451590845637099439476360987972301093452724197381036091412472493975319994790168162089647988471142228982548889190923408912746759061504.000000+(-825110362126638012794844668919066445913289196560578839801521180203335755718922420921764090024742248148233957191274983241495924011960369152.000000*(x2aqx3)))aq(-10050809747169176838662148169161870828996146537061395596067145126987388252734897953923341099123927290525722584958401467383808.000000+(3466117293155084372230269640184256011200224828947209281389825314401156856705510592110658580887196811938626795315056651272192.000000*(x0*x2))))))))))))
sbp,feynman_II_8_31,ok,2,200,0.928624,3.688381,527,2004.82,,-40.495811+3.496995*(((((-12.174106+(((((-12944694252981.925781*((x1*x1)*(x0aq-4.243000)))+-30917494621593.328125)*(-34599098284851.636719+(-2362680844363.006348*((6.331000+x0)-(x0+20.975000)))))+((((58325410728496.710938+(0.000000*-165159743.554906))aq((-49702837413032.437500*x1)+228477108219270.250000))*-0.000000)+((-97.177834*((x1*-0.021400)+497368110518976.062500))+48333155668361240.000000)))*-0.000000))+((((((((0.000000-x0)+(x1*0.000000))aq((x1aq-0.301000)*(x1-x0)))*(-0.023535+(0.027467*(x0aqx0))))*-8082104910129427893356331008.000000)+(144038017822483936266158080.000000+(25009416953945573583394105217531029698054755110015691915264.000000*((-0.000000+(0.000000*x1))*((x0+0.000000)*(x0*x1))))))*(((0.000002+(((x1--3.088000)-(-8.977000aqx1))*-0.000000))*(-23005684484468529929687382880778452992.000000+(-448152157348289891174834859793186816.000000*((-30.359539+x0)-(x0+20.975000)))))*(24442766232.593994+((((x0*x1)+(x0-12.810000))*((x0+-0.154000)*(x0*x1)))*869304699.466093))))*0.000000))+((-0.415200+((((-34599098284851.636719+(34599098284851.878906+(0.000635*(-16.826414-x0))))*1608.141689)+((-0.280100*((3.053539+(x1*x1))aq((x1aq-0.301000)*(x1-x0))))+((((x0+-0.154000)*(x0*x1))*0.053285)+-370.508145)))*0.076148))+((((0.962566*((-49157471800120040.000000*((6.331000+x0)-(x0+20.975000)))+-719862017040958080.000000))+(21744739732501408.000000+(-0.030207*(-49157471800120040.000000*((6.331000+x0)-(x0+20.975000))))))*(((((3.053539+(x1*x1))aq((x1aq-0.301000)*(x1-x0)))*-4.278573)+23.366867)+(((((x0*x1)+-9.504734)*((x0+0.000000)*(x0*x1)))*((-920650344291406627613731454976.000000+-1556340325006386884926660149248.000000)+((x1-x0)*2318644496527052593424557324369920.000000)))*-0.000000)))*0.000125)))+(((x1*((0.171389*((((13.297246*(x1aqx1))+-8.860509)-(((-3.616000-x1)-(x0*x1))*(-0.854664-(x1+-22.174000))))*(-34599098284851.636719+(-2362680844363.006348*((6.331000+x0)-(x0+20.975000))))))+(-5.833385+(-0.000000*((((17.884000-0.000000)+(x1*x1))aq((x1aq-0.301000)*(x1-x0)))*(-18625552249379758080.000000+((x1*x1)*2954867577857617408.000000)))))))*0.111956)+(((((((((x0*x1)*(x1-4.834000))*-1.831159)+-34.510665)aq((x1aq-0.301000)*(x1-x0)))*((-0.767341*(-157454945761108.218750*((6.331000+x0)-(x0+12.662000))))+764921415188131.000000))*0.148091)+((-0.000000*((147984879517719109477346472483144011757652317581518684781805568.000000*(-24555.478845+(-154.122191*(x1aqx0))))+(422648422363476585972253769103492525293746509356224118136088342485270528.000000+(-44535165629386714668347467511935952888707866356865428755778594844384381693329408.000000*((6.331000+x0)-(x0+6.331000))))))+((0.018260+((((-30.359539+x0)-(x0+20.975000))*30892371347022.792969)+1585845647585064.250000))+(0.000001*(((-12.578108-1527.571707)aq(374.832196+(-90.897928*x1)))*(((-0.226919aqx1)*24925.304196)+879.203380))))))+((0.028433*(((-148567553758174976.000000+(((x1*x0)aq(-17.535000aqx1))*367.923255))*0.369455)+(54888981494715800.000000+((((x1*x0)aq(-17.535000aqx1))*-135.707493)+-1187.352990))))+((0.000000*(((((x0*x1)+-295119745040372287632486200785005182976.000000)*((-0.000000*x1)+0.000000))*(0.000000+(-39248904027210849919655170590287855616.000000+(x1*26448624517240113704071881366972661760.000000))))*(-4422741328121988547761399215525040647483354706345984.000000+(((6.331000+x0)-(x0+20.975000))*-302017299106938727540061621573306100219689385852928.000000))))+(((-732.067012*((-72812262667.886627+(17902155827.131092*x1))aq(2371570595988760.000000+(-515910788813454.250000*x1))))+23.744125)+((-546873.955962+(((6.331000+x0)-(x0+6.331000))*57625013966045.484375))+((((-95671967357994.796875*x1)+468655185671437.000000)aq((x1*-2735549309283933.000000)+10408297448584858.000000))*-0.213446)))))))))
sbp,feynman_II_8_7,ok,3,200,0.958565,0.012072,377,2007.83,,-0.019202+0.005717*(((((((-1.111587*(((-649.975870*((x0*x0)aq(12.806000*x1)))+-73.032062)aqx2))+-13.413150)-(-23.457413+(-0.293602*((407.110927+(x1*-407.404816))aq((x1aqx0)*(x1*x2))))))-(((x0aq23.473000)*(-15.967000+x1))*((x0+x0)-(-14.959000*(((((0.000000aq-21.339000)-(x0aqx1))aq((-8.010000-x1)*(x2*x2)))*-76.393093)+1.622991)))))*0.089181)+(((((((((-2137737.799668*(x1*x2))+((10323297.863783*x2)+-14160650.527162))-(((x0aqx1)*4349226551637964941974044672.000000)+-4999327940518243067999813632.000000))aq((-37592189.247591*(x1+x2))+(((x1+x2)*41745469.889428)+-18392544.174405)))*-0.000000)+0.422255)+(0.000000*((((((x0+x0)*(x2*0.000000))aq((x1aqx0)*(x1*x2)))*1138.934346)+(4938140604.939471+(((x0aqx2)aq(x1*x1))*-23310729834.899559)))aq(((((23.099000aqx2)-(0.000000+x0))aq((x0*4.736000)-(x0*x0)))*-38.306360)+73.918170))))+(((((-649.975870*((x0*x0)aq(12.806000*x1)))+-73.032062)aq(((((23.099000aqx2)-(x0+x0))aq((x0*4.736000)-(x0*x0)))*-38.306360)+73.918170))-((7717.948830*((-169.092645+(5.984638*(x2*x1)))aq(602542.565410+((x1-x0)*450872.600502))))+3.813692))*0.016942))+((0.005179*((((-1352200.278100+(((18.041486-x0)aq(x1*x2))*367364.556105))aq((5367569.366486*((x1aqx0)-(x0aqx2)))+8187477.278976))*-133.169580)+((((((x1*-38030974.468868)+27580722.808568)+(-372501.607277*(0.000000*x2)))aq(-45771.989955+(96286665132.726532+(x0*-21261422734.976326))))*2059.266437)+-37.215284)))+((-0.000171*((((371723.298434+((x2-x1)*-259205.792293))aq(-82626055752.397156+((1218016.104479-x0)*67836.854749)))*-27.096549)+(5354.594057+(-0.000000*((46918268459672137697744388096.000000+(x1*-13714987576594987571451265024.000000))aq(-239673.430690+(130302.992821*x2)))))))+(((0.152185+((((x2*-1271780588214339192216633896068118581765036468888141824.000000)+3643873275975171913454539117048226431785397604059185152.000000)aq((x2*38128037322742.289062)+-80036162768273.000000))*-0.000000))+(((((26176.779049*x0)+-124402.369001)aq((55064.318150*x2)+-88083.836659))*((0.000000*(x0aqx1))+-0.000000))*70378727115.880661))+((0.002624*((371723.298434+((x2-x1)*-259205.792293))aq(-82626055752.397156+((1218016.104479-x0)*67836.772595))))+(0.544569+(-0.000000*(((x0aqx2)aq(x1*x1))*(111350485869871169536.000000+(x0*-21487103842122969088.000000))))))))))))
sbp,feynman_I_10_7,ok,3,200,0.861119,0.420818,523,2003.8,,-32.620250+0.089940*(((-0.007331*((x0+((0.002032*(((((x2-x2)-(x0aqx2))*((0.613000*x1)*(x1*x1)))*(((x1aqx1)aq(x0+x2))-((x2-x0)+(x2*x1))))*((((x2+x2)aq(-10.165000-x1))+((x1-x2)*(x0*x1)))*(((8.638000--32.200000)aq(x2--41.344000))aq((x2*x0)+(-31.730000*x1))))))+(((((0.471000*x1)+(x0aq-45.121000))aq((x1-x2)*(-48.660000-x2)))*30.026081)+29.178511)))*((-822.083655+(((((-135753711111.371887+(37162113273.426743*x0))*((0.000000*x1)aq(x2-x1)))+((-414936.577140*(x0aqx2))+175846.554064))aq(-13091324404.302799+(5954212375.187984*(x2-x0))))*17795.273017))+(((((-378.021725*((0.000000*x1)aq(x2-x1)))+-114.914525)aq(-22959.340624+(50707.980202*((x0*x1)aq(x2-x1)))))*-0.067615)+((((-0.000014*((x1aqx0)*13991.920890))+-22.758825)*((((x2+x2)aq(-10.165000-x1))+((-0.479445*x2)+2.664769))*(((4.724083*x1)+-6.546261)aq((x2*x0)+(-31.730000*x1)))))+((-3.664836*(((x0+x2)+(0.000000aqx0))aq((x0-4.138000)*-58.694410)))+(-817.772712+(-13.871752*((x2+x2)aq(-39.207000*x1))))))))))+((((((((-1217100101668232495104.000000+(661305886182306480128.000000*(x2aqx0)))*((x0*x1)aq(x2-x1)))+((-414936.577140*(-1006019110716428.000000aqx2))+175846.554064))aq(-22959.340624+((((x2-x0)+133838.307709)*192683572683.778259)+-25788818295698768.000000)))*(((1048576.000000*-5203.658622)+8199180415.169574)+(((((x2+x2)aq(-10.165000-x1))+((x1-x2)*(x0*x1)))*((-121.911617+(29.903570*x0))aq((x2*x0)+(-31.730000*x1))))*(-2369013577.868377+(((x0*x1)aq(x2-x1))*3069884148.430300)))))*0.000000)+((9.103679+(((17924673247.865700+(-17941470615.470745+((177442221672345273258567794688.000000aqx2)*0.000000)))aq((1896615531.451005*((x1aqx1)aq(x0+x2)))+(-342409113.069599+(18316212.426417*(x0+x2)))))*-0.144891))+(((-119072184152487.578125+((-39728447488.000000*-5203.658622)+-87661094145247.718750))aq((642583840879797165063527437697024.000000+(-123778745918104331642704408608768.000000*(x2aqx1)))+((((x2-x0)+133838.307709)*192683572683.778259)+-25788818295698768.000000)))*-121421740319160886803818247880704.000000)))+(((108731.399934*(((((-631981812060481793294336.000000+(505170060573570592931840.000000*x1))aq((x0-4.138000)*-58.694410))*-0.000000)+-0.000108)*(((((x0*x1)*9468.312608)+-102773778.518160)+(-16091454.512900*(x2aqx1)))aq(-534834884167.465271+(-5985803493724.354492*((-1.926000+x1)aq(x2aqx0)))))))+(-0.104548+(((102740077.582423+(((x0aqx2)*802442699826029826190103796046113010634560889057604465065984.000000)+-41467461696817253119431134277609193472.000000))aq((((x2*-11443524815395472.000000)+90846947235764720.000000)+(515229264.219956*(x1aqx2)))aqx1))*0.000000)))+(((-0.084803*((102740077.582423+((-38777.408000+(x0*11817.600057))*(-55.837260+(105.154902*x0))))aq((((x1aqx1)aq(x0+x2))*2009116646.271380)+-139115677.265560)))+0.617954)+((-0.000000*((102740077.582423+(((x0aqx2)*176676370313284452586908943546576797696.000000)+-41467461696817253119431134277609193472.000000))aq(((30286764127480985583881600106496.000000+(-3560837382795494831820772474880.000000*x2))+(515229264.219956*(x1aqx2)))aqx1)))+((-0.055714+(-0.000000*((-499535099326633629830208846695698174123704320.000000+(x2*77283627312643176063295411177759100771500032.000000))aq(78498918857547922888563658272547012608.000000+(-43225571339884650970779026745446105088.000000*x1)))))+(0.000000*((-35591164967157528989855502183694336.000000+((x0aqx1)*17704315731187779534756765096738816.000000))aq(-13091324404.302799+(13090343276.095512+(x2*291015.577143))))))))))))
sbp,feynman_I_11_19,ok,6,200,0.842877,4.133263,471,2004.17,,5580728.831185+-0.003227*(((((((((x2*x5)+(-5.639287+(15.585558+(-2.896210*(x2+x5)))))*1.018064)+((2.217137*((((x4+0.000000)+(x1+x2))+((x5--14.187000)aq(x1-x1)))*((0.015470*(x0*x3))+0.786006)))+(-1015873.426687+(0.028513*(((x1-x0)-(0.000000+x2))*((x0-0.000000)*(x4+0.000000)))))))*(((((((x1*-7.626649)aq(x4+x4))*-0.243545)+-0.528596)+((-24.495185*(-0.045240*(x4aqx1)))+-1.113014))*0.000002)+1.105313))*(((((((1.491803*(x1+x3))+-11.222357)*(1331684293.363935+((x0*x3)*-219609726.961910)))*((-0.534392+(0.763060*-0.000000))+(-0.112532*((x1aqx1)*(x0*x3)))))*((0.000000*(((x0*-0.005573)+0.020624)*((x0-x3)*(x4+0.000000))))+0.000000))*-0.000021)+((((((x4*x1)*-1704.215766)+10458.098395)*((((x1-x0)--0.558856)*((x0-x3)*(x4+0.000000)))*(((x2aqx5)*45.042650)+-93.273693)))*-0.000000)+(((((x4-x3)aq(x5*x5))*(((x4aqx1)*6367473927991505.000000)+-5662989442926961.000000))*-0.000000)+((-0.000000*(((x1-0.000000)-(0.000000+x2))*(-270076577.045920+(x5*100389163.778716))))+((-0.000001*((x2aqx5)aq(x4*x5)))+(((x4*x5)*-0.000000)+0.873170)))))))*-463.089180)+((1.000859*(((5550378.614485*((((2369985.562867*(x1aqx4))+-2402648.359755)+(((x2-0.000000)*0.633417)+-2.408457))aq((400593198491.650513*((x5*x1)aq(x2+x2)))+-553287434815.913330)))+((((1560092491494209.500000+(-426743502033389.375000*x4))aq(((x1*x0)*17073097237255874000443154107709268941615397973226912772968677376.000000)+-87725379088708605682687648153164125316150375939281564500771209216.000000))*-2447189278412850728377457867238830118165097243213824.000000)+1274506217.652834))+(0.000000*(((((1560092491494209.500000+(-426743502033389.375000*x4))aq(x5*x5))*((17.778937*x3)-((-108467.011893*x1)+309028.548764)))*((0.000000*(x5aqx1))+-0.000000))*(384.629424+(((153.638030+(x2*-37.152450))*(62211.300227+(-29223.741161*x0)))*-0.004590))))))+(((-31527127291120816128.000000*((((((x1-0.000000)-(0.000000+x2))*((x4*2225138932260115968.000000)+-4827947970104472576.000000))*0.000000)+0.000000)*(((((x4-x3)aq(x5*x5))*0.940166)+0.104021)*((((x2-x1)*-33922489913.256992)+36436815214.253433)*(((0.000000*x4)+-0.000000)+(0.000000+(0.000000*x5)))))))+((((((x4aqx1)-(x5+0.000000))*((x5*-19738236302.798347)+78980254068.341400))*(-63.657606+(8.427155*(x0*x3))))*0.000000)+43.127387))+((-5.477541+(((((1.491803*(x1+x3))+-11.222357)*(1331684293.363935+((x0*x3)*-219609726.961910)))*((-0.534392+((x1aqx4)*-0.000000))+(0.534392+(0.000000*(x1aqx4)))))*-1101568131.166436))+((-6.092533+(((424.516188+(-152.118665*x2))*((x0-x3)*(0.000000+x2)))*-0.110254))+((((x4-((-307108500909682801508352.000000*x4)+508337966669316476633088.000000))aq((-1013665124122041909248.000000*x5)+3275413760035232153600.000000))*0.015745)+-34.945950)))))))
sbp,feynman_I_12_1,ok,2,200,0.933679,1.126156,449,2005.45,,-878571685560.421875+0.000000*((((((((((-91927873581528482877167108096.000000+((x1*6457955877211588799670182013245091689267200.000000)+-26489572708641260905910836161193455374041088.000000))aq(12014557976348021063469390818486683870564226545570170730669146112.000000+((x1-x0)*-6282428830079563736056990978845291954194952074732056802024751104.000000)))*56982177096881782784.000000)+0.172394)+(((((-51.146693aq(-3.820000+x0))*0.000010)+0.000340)*((((x0*-7869197.651018)+17066923.418470)aq(x1-x0))aq((1093793977046.904419+(-298517969357.413696*x1))+(-87233778.339501+x1))))*22193023.053908))*-0.118765)+19349836556.198936)*(((((x0*(-0.156858+(0.049230*((x0*x1)aq(x1-x0)))))*(14920.628847+((473328851283152.187500*((x0-x1)aq(-5.146000+x1)))+144620645670557.500000)))aq(-26156.429728+((-2025880235.973493+(((x1--3.088000)-(-8.978000aqx1))*214428925.333938))*((3158368.793691*((x1-0.000000)-(-8.978000aqx1)))+-20425575.982194))))*0.000970)+((((-0.000000*((((x0*x0)*847023.470105)+-20025019.236939)aq((x0*x0)+(-22.277000+0.000000))))+((-2.474943+(0.015891*((x0*x1)aq(x1aq19.523000))))+((((0.035016*x0)+-9.343720)*-0.003128)+((-40306.044362*-40246.947751)+2.483938))))*11.928366)+((-11.720265*((((x0*x0)*847023.470105)+-20025019.236939)aq((((x0*x0)*-939943.617662)+21942107.798790)+(((x0*x0)*-217921298.395714)+5289053862.847094))))+((((-0.021503*((x1--3.088000)-(-8.978000aqx1)))+0.202777)+(0.000000*((5870948972337838352052041264214565813573816156160.000000aq(x1-x0))aq((-999447968133964986580992.000000*x0)+4181810492850158794964992.000000))))+(0.000000*((-91927873581528482877167108096.000000+((x1aqx1)*99284525274413158815552765952.000000))aq((-798391641048380432449536.000000*(x1aqx1))+774212389307545827672064.000000))))))))+((0.987618*(((((-336664.197856+(((x1--3.088000)-(-8.978000aqx1))*(36975.583905+(x0*-192.538043))))aq((((x0*x0)*-939943.617662)+21942107.798790)+(((x0*x0)*-217921298.395714)+5289053862.847094)))*-4340.739128)+(((0.112149*(((x1*95829743401228776243200.000000)+-302579688173650000740352.000000)aq((-999447968133964986580992.000000*x0)+2862036036308249421545472.000000)))+-0.156932)+(((-1.088132+((x0*x0)*0.530446))aq(((x0--22.765000)+(-24.550000*x1))-((x1aq10.335000)+(7.060000*-8.078000))))*-0.342552)))*(-2403703738.842803+(((-1021840577783758976.000000+(((x1-0.000000)-(-8.978000aqx1))*177013541883049824.000000))aq(-39734731.282063+(((-24.547000aq24.911000)aq(x0*x1))*-554101043.557008)))*0.001632))))+((((((2.027135*((-185528.704682+(x0*151533.010594))aq(59081601.132692+(-14367912.730220*x1))))+-1015233761200.300049)+(-0.000000*(((8224923912054428102846163996291104768.000000+(-1960252032005222570877994111445499904.000000*x0))aq(x1-x0))aq((-165433582746.932770+(84804992544.595032*0.000000))+((90902627687.578842*x0)+-147610876765.421814)))))+((56126271.664632*((((x1aqx1)*7551411229159356364750848.000000)+-7420207832577248898056192.000000)aq(((x1+x0)*-107483399302610904905002206101504.000000)+760514213746976341927261210935296.000000)))+-35779348865.442368))*-1328377230.017012)+(((((((x1aqx0)*-2285283131673137424894888006450510239039072763904.000000)+2177240572032698578666905328651566258340400988160.000000)aq(-67662999522.983482+((x1aqx0)*113986152654.520035)))*(0.000000+(((x1-0.000000)-(-8.978000aqx1))*-0.000000)))*-396298876539546351538972655616.000000)+((-493271357402168286969692422144.000000*((-91927873581528482877167108096.000000+((x1*6457955877211588799670182013245091689267200.000000)+-26489572708641260905910836161193455374041088.000000))aq(((-2787593149816327892691964784081045188247552.000000*-1190409608964094296064.000000)+-15332935647771863877693299812452673831833974142738684741880381440.000000)+((x1-x0)*-45753516897388624304472840201741214369889471798238632083565051904.000000))))+1379374002663276412928.000000))))))
sbp,feynman_I_12_11,ok,5,200,0.989724,2.305814,407,2023.49,,79.311066+0.000000*(((((((168.222848*(0.012999+(0.000000*((3.212779+(-0.949646*x1))*(2794301.711268+(-628677.844858*x0))))))+-1.579213)*(-27338264.416364+(((((-0.000010*(x4*x0))+0.000062)*((x4+-3.926000)*((x2*-12028106125807934.000000)+8944573591461252.000000)))*0.000000)+54522027.363569)))+(((-898.769710+(11384.645010+(-0.207486*((x4+-3.926000)*((-331228.910478*x4)+515088.710384)))))*(-7420.911202+((((x4+-3.926000)*(983815.844693+515088.710384))*-0.209945)+(11844005189969270784.000000+((-2116.855805*(x4+-18861128607566.015625))*-296.646779)))))+2690316962471682.000000))*(((((-2025.379740+(((11.751158+(x4*-3.012281))*((x4+-3.926000)*(x0+0.000000)))*-108.678542))*(((-5362182566.876369+((0.999690*x4)+5362182566.877673))-(x4*(x3*(x2+x0))))*(((-35.833890+31.259496)-(41.032701aq8.914171))*x2)))*0.000014)+-643.718563)*((-1.105781*(x2*(-67.558108+((((x4aqx1)+(x3*x0))*(0.245365+(x4*-0.071939)))*251.434159))))+((((x3-x1)*5.333867)*16.552651)+((1.994154*(((24.141826+(x4*-6.160180))*((x4+-3.926000)*(x0+x1)))+(((x4aqx4)*-1714.581976)+1941.467272)))+((-2.004537*((x3+x2)*28.873651))+((-46.050693*((0.000000+x0)aq(x1-x4)))+(2459.900169+((0.000000aqx4)*-447.805520)))))))))+(((((((((3.212779+(-0.949646*x1))*(-220706087.844160+(x0*104270254.746097)))*0.006121)+(-2089240.315254+(((x4+0.000000)*(0.000000+x1))*216628.452234)))*-0.024145)+-21911.508362)+(((((-0.000000*((13.439000aqx0)aq(x3aqx0)))+(2025.993325+(-0.078141*-8124.181439)))+(((1345208.185646+(0.000000*0.000000))*((x4+-3.926000)*(x0+0.000000)))*(((0.000000*0.001229)+0.001619)+(0.000422*(x3*x1)))))*(((-5362182566.876369+((5362117233.515126-x4)*1.000012))-(x4*((x4*-0.000008)+-0.999966)))*(((-35.833890+31.259496)-(41.032701aq8.914163))*x2)))*-10888.711685))*2356194515495582.500000)+((1.529565*(((17466.783493*(((x4+0.000000)*(0.000000+x1))*(-778917287169893.250000+(191519967222285.437500*x0))))+40898698508461522944.000000)+(((((x4*x4)*0.000000)+((311990504343007548385895667386214836277848728625656689194510912473748843606516902658048.000000*(x3*x2))+-1718700068138497630363037692913173121879104958266188064175292543635123408118909939744768.000000))*(x4*((x0*-1275884697977.385254)+4621570285660.708984)))*0.000000)))+((-4190678486215440591094808576.000000+((((-42345372723.745621*((x0*-0.000004)+4.574408))+193704404113.198547)+(0.000250*(2485739361.415562+((0.000264*x0)*-2369535033882.375977))))*-1034539079899824319889408.000000))+(69422545895.863342*(((-1758088571469.646240+(-561583186.504291*((5413.834347aqx4)*-1.345637)))+-0.216731)*(((((1595.535421*x4)+676.138402)aqx4)*-0.000044)+0.073871))))))))
sbp,feynman_I_12_2,ok,4,200,0.933732,0.027719,343,2030.57,,0.497969+-0.004278*(((((((0.947553+(811.765191*((((x3*x1)*(x0aqx0))aq((x3*16.556000)+(x2*x3)))aq(((x3+x3)*(x2*x3))+((x1-x0)-(x3aqx2))))))*(x1+x0))*-0.046521)+((0.009729*((x1aqx2)*(x1*5.190000)))+(((7.779454*((((x1*1.236702)+-1.353356)aq((x3*16.556000)+(x2*x3)))aq(((x3+x3)*(x2*x3))+(-4.725518-(x3aqx2)))))+(0.191112+(((-0.090145*(x0aqx0))aq((x3*16.556000)+(x2*x3)))*131.579661)))+(5.319072*((((x3*x1)*(x0aqx0))aq((x3*16.556000)+(x2*x3)))aq(((x3+x3)*(x2*x3))+((0.000000-x0)-(x3aqx2))))))))*9.246925)+((7.819257*((1.370080*((((((x2+x1)aq(x0*x3))*0.063928)+4.242857)+((((x3*x1)*(x0aqx0))aq((x3*53093.492633)+-105933.913286))*-74.303856))+(13.945597*((((x3*x1)*(x0aqx0))aq((x3*16.556000)+(x2*x3)))aq(((x3+x3)*(x2*x3))+(-56.843872+(40.741913*x1)))))))+((-296.418997*(((((x0aqx3)*(x0*-16.393000))*-0.000077)+-0.002581)aq(((x3*143.023301)+-170.975950)+((341.643519+-389.107826)-(x3aqx2)))))+(5.982928+(((((x3*x1)*(x0aqx0))aq((x3*16.556000)+(1391.766532*x3)))aq(((x2*x3)*35.367765)+-92.308497))*1318.145620)))))+((((-5.367522*(((x3*x1)*(x0aqx0))aq(-1627.914931+(1480.644623*x3))))+((((((x3*x1)*(x0aqx0))aq((x3*16.556000)+(x2*x3)))aq((-148.717361+(x3*122.061555))+((x1-x0)-(x3aqx2))))*68.813315)+18.150154))*0.966581)+(-42.927157+(5.705729*((0.066167*(((-17.964000+0.000000)aq(x1-x3))*(0.257737+(-0.005949*x3))))+(8.816617+((((x3*x1)*-53361.559791)aq(-295627.148747+(x3*204067.841588)))*0.000979)))))))))
sbp,feynman_I_12_4,ok,3,200,0.991046,0.00196,439,2011.64,,0.004736+0.000987*((((-7.020374+((((x0aq-21.329000)-(-0.003011+(0.607078*((x0*0.077067)+0.005065))))aq(((((x0*x0)*-0.069047)+8.217167)-(171.807377+(-146.198876*(x1-x2))))*((-14.417914+((-24.111000+x2)*-0.604194))*x2)))*-140920.933480))*((((((-0.079347+(((x1*x2)*x0)*0.003879))*((((0.000000+2.414000)-(x0*x2))aq((x2*x2)*(x2*x2)))*(((x2aqx0)*-6115.025966)+5379.216711)))*0.003494)+0.469455)+((((3653248312237165555688317151721859734824812544000.000000+(-655945975698228305100728412330622981420919816192.000000*((x1+x2)+(0.000000-x0))))*-0.000000)+-0.053458)*0.174868))+((-3440.132639*(((x0aq-21.329000)-(-0.003011+(0.607078*((x1aq-13.514000)*(x0aqx1)))))aq((-8.006000-x1)*((-14.417914+((-24.111000+x2)*-0.604194))*x2))))+(0.319674+(-0.081756*(((x0+x0)+(-15.777000--13.322000))+((x1-x0)aq(x1+x1))))))))+((((0.030975+(((-12676.376015+(225330.158518*((x1-0.000000)aq(-17.768000*x1))))*(((x1*x2)*0.000000)+-0.000000))*-2471736.293357))+(-9.293541*(((0.028343+(((0.000000aq-13.514000)*(x0aqx1))*-0.774209))-((3.575788+((x1aqx1)*-3.848527))+(0.607078*(1.326801*(x0aqx1)))))aq(((2.954686*((-3.477568-x1)*(x2*x2)))+19.446711)*((-14.417914+((-24.111000+x2)*-0.604194))*(-57.535675+((x0*x2)*14.887873)))))))+(7192.718799*(((-0.000080*((x1*x2)*x0))+0.003115)aq(57.231917+(((x2-x0)*62.976923)*0.335423)))))+((0.000000*((((-3656.402378*(((8091867662130.940430*x2)+-15164363717359.054688)aq((x1*5774365753.313075)+-7621491831.964861)))+4505474.896260)aq((-8.006000-(171.807377+(-146.198876*(x1-x2))))*((-14.417914+((-24.111000+x2)*-0.604194))*x2)))*((-45810.148011+(-1984.686154*(-0.382670*(313.492780*(0.000000*0.000000)))))+(((((0.000000aq-21.329000)-(x0aqx1))aq((x0*1344.856730)+-2287.547555))*(-789.622464+(871.853199*(x2-x0))))*22268.170569))))+((0.000010*(((x0aq-21.329000)-((((x1aqx1)*-46451681.148920)+44799332.358460)+(0.607078*((x1aq-13.514000)*(0.000000aqx1)))))aq(236.231125+((((x1*x2)*x0)*(-157.676297+(48.421649*x2)))*0.291745))))+((((0.191123*(((x0*1.827545)+-5.976198)*(2.141025+(-0.729199*x2))))+0.020432)+(((-0.000000+((x2aqx0)*0.000000))aq(((x2*2845539962449918640344841288941568.000000)+-5535577224059767160223246636285952.000000)+(587359344837822611718144.000000*x2)))*-532400946903762149268648603120912302080.000000))+(((((-3829226239073903968256.000000+(x1*1510691044932170022912.000000))aq(1515329.398333+(-311989.171932*x0)))*0.000000)+0.013517)+(0.076486+((((x2*-0.000001)+0.000001)aq((x2*x2)*(x2*x2)))*-3185171.406500)))))))))
sbp,feynman_I_12_5,ok,2,200,-0.579572,5.765389,537,2010.67,,27.564286+0.000121*(((((0.009123*(((-1532763.533923+(-9202.331684*((17.921922aq(0.000000aqx1))aq((x1*19940.179223)+-36370.017087))))+(((((-59760367.584871*x0)+78705885.679308)aq(-220554903.554027+(139537649.880421*x0)))*-50.999056)+((-323.201128*(x1aqx0))+1483132.032072)))+((-0.160988*((2196630750391.534180+(-326714261216.026123*(x0+x1)))aq((-3115746964.816945*x0)+14313960547.906322)))+((2670971.892815+(23.152613*((x0*x1)*(x1-4.814000))))+(0.000023*((-308215971077.328918+(32427506131.831467*x1))aq((x1*-381404.355465)+1197145.785617)))))))+-23236.522086)*(((((((((-13.977000-x0)+(-18.256000-x1))-((x1+17.610000)+(x1*x0)))*(((0.000000+x1)aq(8.876000aqx1))aq((x1*x1)-(x1aqx1))))*(((28.767304*(-24.082000+23.218000))aq((-17.558000aqx1)-(x1-7.847000)))*(((0.000000*x1)aq(x1-x0))aq((x0*x0)+(-22.188000+x1)))))*0.000476)+12.183706)*((x0*x1)-((((((0.000000+0.000000)-(-8.612000*x0))aq((x1aqx1)-(x1-0.236000)))aq(((x0--22.673000)+(-24.452000*x1))-((x1aq10.293000)+(7.032000*-8.046000))))*0.101306)+11.779876)))+((((-0.374019*((((0.000000aq-22.008000)-(x0-0.000000))*((x1-0.000000)+(x0+x1)))aq(((x1aqx0)-(x1*x1))-((x0--2.970000)+(-23.854000aqx1)))))+(-530.674476+(((-4494433042.422092+(x0*948534435.754874))aq(997060.197962+(-216257.992939*x0)))*0.000008)))+(((((-636329390.555452+(159637678.788078*x0))aq((-3115746964.816945*x0)+10533007567.515215))*-11.517696)+1058.445973)+(1.013195+((((x1*-12403.203895)+53762.853427)aq((x0*x0)+(-22.188000+x1)))*-0.000465))))+(((0.033260*((((x1aqx0)*11.989796)+-8.765370)*((3323831417.211781+(4692.542691*x1))aq((-3115746964.816945*x0)+12731284204.827499))))+0.963468)+(((-5.245142*((51637.097306+(x1*-12754.409447))aq((x1*-381404.355465)+1455996.867018)))+(4.048201+(0.000032*(-145955.410949aq(x1-x0)))))+((((-11249.006257+10915.318946)aq(997060.197962+(-216257.992939*x0)))*(21315.671499+((x1*x1)*-983.517837)))*-0.008046))))))+((((((0.000000*(((-3741186651335336.500000+(1151166284435291.500000*x0))*((x0*-10525042716.246508)+13237042711.550690))aq(-1057888852.779915+(1897003859.319417*(x0aqx1)))))+((((-145955.410949aq(x1-x0))*-0.003188)+-29416740.028043)+(((3323831417.211781+(0.000000*x1))aq((-3115746964.816945*x0)+9933422688.853340))*32.555328)))+((((149113.118571+((x1*x1)*-21907.612361))*217.516055)+((((x1*x1)*3068.153711)*1553.135163)+(-36146210.700994+(-0.241348*-15379114.666667))))*(((((x1*0.000000)+52547.785001)aq((x0*x0)+(-22.188000+0.000000)))*-9542.861364)+137734006334.406250)))*3.485576)+103091419.675142)+((((485384.585563+(-970620.777355+(((-636329390.555452+(159637678.788078*x0))aq((x0*-10401.819391)+50606.746237))*-0.001055)))+-485963.053212)+(0.952121*(((0.046495*(((x1*-46667671.260074)+147671367.271912)aq((-82487.204681*x1)+369587.540450)))+1530647.025605)+(-511464.696344+(2826.336967+(((x0*x1)*(x1-4.814000))*137.727785))))))+((-0.000000*((((-161085005600191.437500*(x1*x0))+257278449181008.000000)+((216193638841407.968750+(x0*-156499882803429.812500))*-1083623803.767538))aq((-1313253476.776017+(131869594.663834*(x0aqx1)))+(1897003859.319417*(x0aqx1)))))+((((-2546838363012840440751575793664.000000+(998148386893197107413276164096.000000*(x1aqx1)))aq(((x1*x0)*3126462679912190312448.000000)+-21097209644391994490880.000000))*-0.000000)+56.973032))))))
sbp,feynman_I_13_12,ok,5,200,0.884239,3.690069,445,2012.23,,1.277736+0.020348*(((13.336865*(((((((x1*-886.383003)-(x3+x2))+((x1aqx3)*(x4*x3)))*(-2.064353+(-0.268713+(2.411137*(x2aqx3)))))*((12.232568*((18.033000*x4)*(x0aq(-0.000000+(1.000000*x2)))))+-125.480252))*-0.000012)+((-0.002538*(-0.031508*((103.368506+(-253.727798*(x1aqx3)))*(-685.708511*(((0.000000*0.000000)+(x0aq1.640000))aq((x0*x3)+(x3-x0)))))))+(-0.831230+(-0.000191*(((928.379138*((0.000000+x2)aq(x2+x3)))+(((x0aqx1)*2399.270984)+(-5370.773920+(790.703201*x1))))*((((x1*x0)-(x3+x2))+((x1aqx3)*(x4*x3)))*(((x3-x2)*(0.000000+-10.440000))aq((x1-x2)-(-12.042000+x3))))))))))+(((((-0.000000*(((((x3+x2)*105463.198676)+-722784.993762)*(x4+-10.440000))aq((x1-x2)-(-12.042000+x3))))+0.000000)*(((0.000000*(((1.030038+(0.000000*-0.532922))+(x0aq1.640000))aq((x0*x3)+(x3-x0))))+-0.000000)*((((((x4*x4)*(x3*x3))aq((x0aqx3)-(x3*x2)))*4.000068)+-46.172319)*(((0.000000*((x2aqx2)aq(9.945000+x2)))+-0.000000)*0.000000))))*-46299924439895400799802091881682009653983954891516799881188623095142857451480991823134958946671245787054568561714260468252262973285859328.000000)+((((69.008525+(((((x1aqx1)*-0.000000)+0.000000)aq(35366067891296044.000000+((x1aqx3)*-13580358772298612.000000)))*6947231737135690486038659072.000000))+(6.808884*((0.246389+(0.816946*((x1-0.000000)-22.469412)))+(0.389984*((27.939056--120.050823)aq((x3*-2877.116508)+12894.333802))))))+(((((0.281268*((0.000000-21.022000)aq(x2-x3)))+2.930785)+((((x2*0.000990)+-0.003921)*(4.009438+(-0.937831*x4)))*1367.504668))*((((7.920117+(x1*-3.663356))+((0.000000aqx3)*(x4*x3)))*68.160473)+-373.372651))*-0.009557))+((((((12.741680*(-5803.641773+(0.000000*0.000000)))+4314.636478)+(22314.612441*(((x3-x2)*-4.239908)aq((x1-x2)-(0.000000+x3)))))*(((-104.460196+((x3*x2)*12.355079))+(((x0aqx1)*2399.270984)+(-5282.690710+(743.526306*x1))))*((((x1*x0)-(x3+0.000000))+(-78494.824091*(0.000000*0.000000)))*(((x3-x2)*(0.000000+-10.440000))aq(744406726172511616.000000+(x2*-129260471528131648.000000))))))*-936339985.073077)+(((((((x3-x2)*(0.000000+-10.440000))aq(3065101510468351488.000000+(-698107179359463680.000000*x2)))*12171214119536000.000000)+((0.000000*(-2212452082.635623*(x4*x2)))+(31.455900+(-13.084570*(x3aqx4)))))*0.825185)+((((-3983.889438+(-1098.604511*x2))aq((x3*-2877.116508)+12218.590984))*-0.037072)+((15037763615401574358996484096.000000*(((x3-0.000000)*-0.000000)aq((x4*-221838102341381344.000000)+997215098696609024.000000)))+-0.056714))))))))
sbp,feynman_I_13_4,ok,4,200,0.949555,4.618469,373,2019.96,,1073.986966+0.000270*((((-1054.124549+(((-0.002078+(((((x0aqx2)-(x0-x2))*((x0aq-12.789000)*(x0*x3)))*(((x0aqx2)*-389700075996.315552)+-7632.005291))*-0.000000))+((-27.643844+(-1119165336983672881784906178513961242170705307053770091565567208062976.000000*((-493541004971402424483840.000000aqx3)aq(145938524152718546697813893404936683000834326297038491338820420120794021361575704645770611261440.000000+(x0*-38317762964632120155644911686096125977301664721120438538959310416790276326166546616357906022400.000000)))))+((((1.446419+(-0.269347*x3))aq((12.074173*x2)+-16.004370))*0.528419)+23.696202)))*-82.350680))*(((x0*(2.254965+(((x3+x1)+(x2+6.860000))*-0.214174)))*67.664285)+((((x0*-12.658000)-(x3*((((x3-x0)aq(17.811000*x3))*225.622540)+-12.659474)))*1044.548515)+((-277.260937+(1.494935*((-0.045385*((x2*x2)*(x1*x1)))+(((x1aqx1)*84.802539)+-84.828498))))+((((-0.099067*((x0aq-7.983000)aq(x1*x3)))+-0.207655)*1284.289762)+((-33.165370+(-1.719318*((0.000000-19.056000)aq(x2-x1))))+((1.997803+((x1aqx2)*-7.703589))+(((x3+0.000000)aq(x2-x0))*-1.645507))))))))+((14549.505918*((((41667228723939279935075411457736704.000000aqx3)aq(145938524152718546697813893404936683000834326297038491338820420120794021361575704645770611261440.000000+(x0*(-458593695102476056091925568483715059009589716605765958702600452956404282015261033461909037252608.000000+((x0aqx0)*433951973049958268266989426763696903624058789302851665586159292362895207256215453609659614625792.000000)))))*-3287622035383419276988836898566311266892705603853605666816.000000)+((((((-0.000000+(x0*0.000000))aq((x3*-56859213972025803094882925116891870031765068651788629570742494741735147826533903084405391360.000000)+269068888675328360309653150337029691724551750475132850619096678645308063548095698795522686976.000000))*-977828943608823397258254000842220129309807987906409632168028602116501066205947479203024253694742554550482045266273042846313605158958695483757818611271357956096.000000)+-303.393247)+(((-2505093722794976897367135429985806104821769361323840682558739903176388370952268981142474484012738804176065952759759237021696.000000+((x2+x3)*484597353753061890715344458127295250602949249584029053682680087139172520372374255576941711069537661036633060105796045504512.000000))aq(179530084103584910535365817908899809877599689293629139394604909967114657127895949901824.000000+((x0*x0)*-8357874053589719470380485501816575154847598201884959368597277819785279741022168940544.000000)))*0.000000))+((((((150192306239261216771992558314663279082341668901141940376291904718611514159779492738242456401739776.000000*x3)+-694363465190483431537900966837116820458818698542941435211820990832500593821758210609333606367100928.000000)aq(416291937436110226998399285255177922298301063542609937026137864238209625186435694340492754944.000000+(-93104080907395478104672129022708400700378600003597660974998877619917126094975177568871776256.000000*x3)))*-0.000000)+((((0.000000*x3)+(x3*-0.000000))*-49710191957499413046615780223474087657484670021599615619041043335348224.000000)+(0.136932+(-0.345620*(x3aqx2)))))+(0.000000*(((x0*54700500858419094368984880255931565527537177952381323759249175779732293209863637656287947362312126464.000000)+-2334421996094552880005152956622890477294397691984581946270358794148837538674160595353022234624.000000)aq(145938524152718546697813893404936683000834326297038491338820420120794021361575704645770611261440.000000+(-145938097528477226791380762445178390267294475662986359664650263721637981899840746211992280236032.000000+(-100655623388367825205907341602242634452376456392821497132582267865748426887176332353994752.000000*x0)))))))))+((((5.005163+((((88193461172001892372755398677480665993339479315283114330018180129454529683303693139647777506066432.000000*x2)+(13105261172895711102518605524620899019412806692791967950708154958358882159079076762307400826880.000000+(x2*-88192877057286866162210975521085738334570210046257947267591439191348863055582955452773123384934400.000000)))aq(157517089859364505821214138567648846394090394801671957508357938618748144284859301211860746895360.000000+((0.000000-x0)*45276500702073909192290855251460545800244955243116326566119561494398284790261797455479324016640.000000)))*-2.328908))*592.027775)+675.074179)+((((1296.137498*(((88193461172001892372755398677480665993339479315283114330018180129454529683303693139647777506066432.000000*x2)+(13105261172895711102518605524620899019412806692791967950708154958358882159079076762307400826880.000000+(x2*-88192877057286866162210975521085738334570210046257947267591439191348863055582955452773123384934400.000000)))aq(157517089859364505821214138567648846394090394801671957508357938618748144284859301211860746895360.000000+((0.000000-x0)*74214567883311608771402754864688257466904975020700826366834568596822077227085288775929993101312.000000))))+41.573047)+(((((88193461172001892372755398677480665993339479315283114330018180129454529683303693139647777506066432.000000*x2)+(13105261172895711102518605524620899019412806692791967950708154958358882159079076762307400826880.000000+(x2*-88192877057286866162210975521085738334570210046257947267591439191348863055582955452773123384934400.000000)))aq(157517089859364505821214138567648846394090394801671957508357938618748144284859301211860746895360.000000+((x2-x0)*74214567883311608771402754864688257466904975020700826366834568596822077227085288775929993101312.000000)))*454.257926)+(282.670310+(-262.500814*(((1165224952344977619520876626425567628998780222693777394400935621028191383695489888749954273378304.000000*0.000000)+-2282685427655924065496675783146927940151847919557843927915418326659625828444367951961148866166784.000000)aq((x1*11450836050427166253803724347832896898472285504645330327523334357548372985053610198965835100323840.000000)+-30924744530571610059044468313566224461214177926922687981486457325592733609993375425769019990343680.000000))))))*(0.073095+(((((-4196030580497721849462477528431063960161265150570980745564690002563072286096459524817256874374800550658048.000000*-691457484536711445730500926006618225447352783414049806315509840879216165524428920063960700906635264.000000)+19398275202870222473518593359492189145892561234312244974847499948005161869904842929510436458273667981246464.000000)aqx3)aq((-135539171201940870522192925146594005907203497111814618199717523319834351619132966160671354775544070630525036920832.000000+(16031504768837149569698747849606245734515704184641766879673759344920829837217231161531832133152887626387958005760.000000*(x2+x1)))+(-93104080907395478104672129022708400700378600003597660974998877619917126094975177568871776256.000000*x3)))*0.000000)))))))
sbp,feynman_I_14_3,ok,3,200,0.960729,3.774513,535,2006.28,,0.643860+0.000580*((((-344.789754+(0.122460*((-27.293080+((((-174142116590834663704372605900863765846820625917920957801607970528472908890847853457112890186304328488987146099707653128192.000000*(x2*x1))+733660244400687886910353865091253432998342041203105210024568884963991349048278314540951297601967331669806497470730742005760.000000)aq(-15016313723166040847525347328.000000+((x0aqx1)*28459543306699924731156496384.000000)))*-0.000000))*((((((x1*-0.000000)*569968891460002057807956874887168.000000)+26574736111260319875072.000000)aq(-15016313723166040847525347328.000000+((x0aqx1)*24514986149174917461346091008.000000)))*-98711.931908)+-27.058989))))*((((((-0.000001+((0.000000*(x2*x2))*0.345371))*((((x1aq16.365000)aq(24.247000*-3.989000))+((0.000000+0.000000)+(x1*x0)))-((16.670849-(x1*x0))+((x0-x0)*(x0+x2)))))*-0.000000)+4.200773)-((x1*x0)*(x2*6.864000)))-((((252014168462052292558848.000000*(((x1*9.532000)+(-9.312961+-19.551000))aq(((0.000000*x2)+-29886313712.850994)*(-2286995713735.297363+(617105801996.579712*x1)))))+1992.360502)*((((((-16.072000+x0)+(x2*x1))*((x0*x0)*(13.890000-x0)))*(((x2*-4.379131)+-5.447292)*((0.000000+6.379000)+(x2*x1))))+((((-2.599000-x0)aq(x0+x0))-(48833.935133-(0.000000aq-3.013000)))-(((-141746.399513*x1)+401703.122754)aq((x1*x0)-(-13.780000-x0)))))*(((((x0+x2)+(x2*x1))+(-35.449696-(-3.113000*x0)))*(((11.021000aq-7.391000)+-8.952496)+((x0+x2)+(0.000000+x1))))*((-0.000000*((x2*x2)aq(x0*x0)))+-0.000000))))+(((((-2486765.135015*(x1aqx0))+1214171.261424)*(((x1*9.532000)+(-19.551000+-12.596010))aq((-10.744870+(2.948494*x0))*(-1749687977.156778+(396835066.531813*x0)))))*39.023642)+((((((0.000000+x0)+(x2*x1))*((0.000000*-0.156094)+0.593024))*0.006038)+1.953081)+((((0.000000*(8.917000aqx1))+((0.000000*x1)+-0.000000))aq(((6922864299.514804*x2)+-29886313712.850994)*((271467482.994924*x1)+-1226750805.144542)))*-7045870464650400689263772048556032.000000))))))+((((-100.842680+((((((28.267980aqx1)*-135900952371508666232102774775503532956057600.000000)+((x1*-19370849303352770568489895477829526028452370367829111797070709699641344.000000)+68749517952629786481469551079589373211498928016962397899488976114286592.000000))+0.000000)aq((((x0aqx1)*-435425480966.165222)+312543719544.241638)*(-2286995713735.297363+(617105801996.579712*x1))))*0.000000))+((((-2.474865+(0.932929*(x2aqx1)))+((((x1*-0.000000)*569968891460002057807956874887168.000000)+(-8388608.000000+(x1*9027834481643339382784.000000)))*0.000000))+(((((x1*-0.000000)*569968891460002057807956874887168.000000)+(1861957214906875904.000000+(9027162128237369229312.000000*x1)))aq((-1760533432.475908+(x0*399973268.172751))*(-39477527285557436416.000000+(x2*12143527452589445120.000000))))*-163955154.477678))*756.311340))+(-0.000000*((((((x1*-9.532000)+(0.000000+(9.532000*x1)))*96788996583111954268160.000000)+-192165411.320765)+1992.360502)*((((((x1*x2)*(x2*x0))*3842.139675)+-162379.216634)+((((-2.599000-x0)aq(x0+x0))-((x0--18.674000)-(0.000000aq-3.013000)))-((829249.533911aq(-19.960000*x2))aq((x1*x0)-(-13.780000-x0)))))*(((((-4.084000+x0)*(0.000000+x0))*-0.000001)+-0.000004)*((((x0*2217299417.040199)+-4053785973.668551)*(4115.818600+(-1067.435851*x0)))+-0.000000))))))+((((-159.477592+(((-0.000000+((x2-x0)*0.000000))aq(-81560605105.050537+(139463843070.227051*(x1aqx0))))*2111085913116682285197241090048.000000))+(0.000000*(((0.000000*((186362876553880741032197305162154632565962986697232886951875260186624.000000*x2)*(x1*x0)))+-7806830504802261139456.000000)*((((x1*-0.000000)*569968891460002057807956874887168.000000)+26574736111260319875072.000000)aq(-15016313723166040847525347328.000000+((x0aqx1)*22507022411928474585399296000.000000))))))*0.935388)+((4977018102590215581262302200512991556665620824064000.000000*((((x1*x0)*0.000000)+-0.000000)aq(((6922864299.514804*x2)+-29886313712.850994)*((271467482.994924*x1)+-1226750805.144542))))+2337.481477)))))
sbp,feynman_I_14_4,ok,2,200,0.984485,2.139991,561,2008.48,,-29.606397+0.000000*((((3139614.896686+(0.001014*(((630616664.393874+(-1349329894.223478*(((x0+0.000000)aq(x1-x1))aq((x0*x0)-(8.736000+x0)))))+185192.105139)aq(-401.434090+(-2174.034864*((-11.130555+x0)aq(-8.950000*x1)))))))*(((3057.595000+((((((-9.987000+-23.113000)aq(-6.105000+x0))aq((x1+-5.272000)*(22.501000-x1)))*848.660236)+(-28.375300+(((x1*x0)*(x1*x1))*3.610708)))*-0.270663))*(((-665.136425*((((x0+x0)aq(-8.950000*x1))aq((-6.831000+x1)*(x0aq17.754000)))aq(((0.892000+x1)+(x0aqx0))+((-19.345000+x0)+(x1+x1)))))+((68.106649+(((x1*x1)*(4.206000-x1))*-2.149537))+(1.146678*(((x1*x0)*(x1+x0))-((x1+x1)+(0.000000*x0))))))-(((x0*x1)*(-23.296000*x1))-((x0-x1)aq(-11.288000-x1)))))+(((0.104726*(((-28429.444720*((x0*-3.104000)+(x0*0.000000)))+(((x0aqx1)*-1009113587089.936279)+716913254739.817627))aq((((x1*1399434.530547)+-6406383.291509)*((0.000000*-3.104000)+(x0*x1)))+81.882854)))+52494.150848)+((0.513414*(((((-20.985000aqx1)aq(x0-x1))*-2432471.174375)+-6729840.824962)aq(-344.722916+(((-11.130555+x0)aq(-8.950000*x1))*-1934.810841))))+((((((x1aqx1)aq(10.322000-x1))-((-0.707005aqx1)+(2.419030aqx0)))aq(((x1aq16.325000)+(x0*-6.613000))-((-14.583000*2.412000)+(9.831000+x1))))*-745713.747731)+(-64631.766296+((((x1--342945.706815)-(0.000000+x0))aq((11.565000*x0)-27.567192))*0.434136)))))))+((23850646.077653*((((((((x0*x1)*(-23.296000*x1))*33.257595)+-7938406.558556)+(-2.572450*(((x1--342945.706815)-(x0+x0))aq((-8286.390127*x1)+40851.844518))))+(((306927817293.337646+(-17381751414.284218*(22.501000-0.000000)))aq(116032171638288.375000+(-6111603691546.895508*(x1*x1))))*-0.001069))+(0.000000*((92754730350.758240+(((x1*276536285021634002107727023584731824948617355473683248790422951027482801813687081655688768292747089089640659943424.000000)+-494402245261563997656863536211042138935341552384969336399439406404227984431224476954670085021288415907110675546112.000000)*((x0*-3.104000)+-402472312744956477634772136361984.000000)))aq(1841820810396819133561848571964281051743234971081827172374944155266063033360116012918343820741605572450157099583428452417536.000000+(-226142462641062640313029094240962396167870769523568834804271062221688280602422661719401930728828691511450472937104416440320.000000*((x1*x1)*(4.206000-x1)))))))+(((1463.333165+((((-20.985000aqx1)aq(x0-x1))*(5895275921141.218750+(2032569042720.572021*x1)))*0.000000))*-0.030540)+((6311.253274*((-0.338116+((x1*x1)*0.446275))aq(((x1aq16.325000)+(x0*-6.613000))-((-14.583000*2.412000)+(9.831000+x1)))))+(((((x1-x0)*-2933.721887)+-4722.583567)+((-5302.968662*(x1+x0))+8439333.737573))+(6.732877*((21.626767+-3184.296306)aq((x0*x0)-(8.736000+0.000000)))))))))+(((((((92489678451192.390625+((x1-x0)*-58618741461465.632812))+(((x0aqx1)*-1009113587089.936279)+716913254739.817627))aq((16871913.501713+((x1-x0)*-7186748.423756))+81.882854))*2852.930319)+-1014113583319.357422)+(-1001060603084.055176+(((-2954072663903750144.000000+(((-24.911000-0.000000)-(x0aqx1))*-118585119157795488.000000))aq((16871913.501713+((x1-x0)*14471080.749180))+81.882854))*-0.858662)))+((0.899151*((-590719650969.803711*((306927817293.337646+(-17381751414.284218*(22.501000-0.000000)))aq(-33461587399946.160156+((10.322000-x1)*6154787930838.872070))))+(-1237119415498.922119+(0.000000*(((x1*-5089136708715656126976892076032.000000)+25118631229286331572711432650752.000000)aq(40421.226889+(-8217.261127*x1)))))))+((-0.027126*(((-28429.444720*(-22192869377399815606894592.000000+(x1*5843641683955537934286848.000000)))+(((0.000000aqx1)*-1009113587089.936279)+716913254739.817627))aq(1955832621667152384.000000+(((x1+2.600740)aq(x0-x1))*-390402845121232448.000000))))+((157647779748369.656250*((306927817293.337646+((359932585.333237*x0)+-307741030549.353821))aq(73112696295320.734375+((x1+x0)*-9412133795204.667969))))+3267716257762.984863)))))))
sbp,feynman_I_15_10,ok,3,200,0.869833,0.628486,427,2014.65,,0.068102+2.634608*(((0.382635*(((((3.650864*((((x1aqx2)*(x2aqx0))aq((x0*x0)-(x0--17.959000)))aq(((-35.436000aq-39.146000)-(x0+x2))+((x0*x0)*(x1aqx0)))))+6.557975)*((x1*x0)+(((((-3.483551*x1)+(0.000000aq-45.391000))aq((x1-x2)*(-48.951000-x2)))*-12.453016)+-0.051995)))*0.151814)+((2.200438*(((0.473000*x1)+(x0aq-45.391000))aq((118.663212+(((x2+x1)aq(x1-x2))*-84.845068))*(-48.951000-x2))))+((((0.169431*(x0aq(-329.264417+(x1*264.511565))))+-0.111944)+(((((x1aqx2)*(x2aqx0))aq((x0*x0)-(x0--17.959000)))aq(((-35.436000aq-39.146000)-(x0+x2))+(2.787523*(x1aqx0))))*-10.015648))+(0.000005*(((0.473000*x1)+(((9759009.073293*x2)+-101609030.846985)aq-45.391000))aq((((x0+x2)*1.223030)+-16.563138)*(-48.951000-x2))))))))+((1.029786*((((((0.473000*x1)+(-1596871010507.406494+(-0.473046*(-3375723691848.415039+x1))))*580.255246)+72203.056223)+((((0.473000*((x2*-151927041710628608.000000)+686377256767242240.000000))+((-1441034320.721878+(0.000000*x2))+-958934.152501))aq((x1-x2)*(-48.951000-((x2*4553801858494047898946434322399232.000000)+-21193321558641480393505262824062976.000000))))*(-1953243903189264.000000+(((674557152605501568.000000+(x2*-192483767744917024.000000))aq((x0*-7630895617306966016.000000)+33504598007537844224.000000))*6456805585723286.000000))))+((((-208.618459+((x2aqx0)*51.689705))aq((x1-(87.563088+(-26.098912*x0)))*(-48.951000-x2)))*0.076007)+(((442.478328*((73180603366732677120.000000+(-24976328000015073280.000000*x0))aq((x1*26027238449433351664173056.000000)+-30673929296473932058066944.000000)))+-0.001459)+((((1518772589067451069116710912.000000+(x2*-262021387323732008527462400.000000))aq((-379211243394331136.000000*x1)+731152136028535168.000000))*0.000000)+((0.000047*((x1aqx2)*(-11048.710510aqx0)))+(-35.727969+(-0.021862*(0.000000aqx1)))))))))+(((((-0.002023+((((x2*-50045427780503855104.000000)+329074410400266321920.000000)aq(-230001612116104736.000000+(x2*54875842379426912.000000)))*0.000001))aq((x1-x2)*(709.010399+(-480.854979*((x2+x1)aq(x1-x2))))))*-1117.371999)+((-0.000001*(((((22051843.149161*x1)+-29122839.024502)*x1)+((-0.669821+(0.000000*-1.523978))aq-45.391000))aq((x1-(190.643869+(x0*-45.510773)))*(-48.951000-x2))))+-0.031388))+((1.275338*(((-39823433220666.578125+((1040717564690415.000000*(1040717564690389.000000+x1))*0.000000))+((((0.000000*63389516971963990016.000000)+-175178869653076770816.000000)aq(2065121436826516645216256.000000+(-479281406416315861696512.000000*x0)))*2.049636))+(((3407250392.490906+(-249554912.591230*(x0*x0)))aq(245887664.960111+(x2*-29283568.070539)))*-0.000062)))+(((((-59762738.311198+(-27622827.735762*(x1-x0)))aq(-652903196436.692261+(361692157929.604797*(x2aqx0))))*((-2.042524*(x0aqx0))+1.708826))*91.699364)+0.033310))))))
sbp,feynman_I_15_3t,ok,4,200,0.940367,0.301975,619,2009.19,,-0.202841+0.000043*(((((0.001547*((-1075.221681+((((902614227.838573+(-390723667.428732*x0))+(588295230416962846720.000000+(x0*-222636339294908743680.000000)))aq(-60375.874204+((x0*x2)*18142.795666)))*0.000000))+(((((-344987042670.171387+(74521012768.319946*x0))aq((-539108.050250*x0)+2441349.474150))*0.001335)+(2230.604838+((x3aqx1)*-2655.661751)))+(((((x2aqx0)*9359.453963)+-5378.965291)aq(-2486.142080+((x1aqx0)*1821.277968)))*15.023176))))+856.776488)*((x3+((((((-19.830000-x1)*(1.993000*x1))+((-26.699000aqx0)-(x2-x0)))aq(((1.603322--18.635000)*(x3-x1))-((x1+x0)aq(x2+x2))))*-0.007433)+(-0.049552+(((((x1*x3)aq(x3aqx3))aq((x0+x0)*(x1+-38.034000)))aq(((x1+x1)+(x1*x1))-((35.997000-x2)+(x0+48.009000))))*3.814357))))*((-3844.112645*((-0.182055+((((0.000000+x2)aq(x3aqx2))aq((x1*x1)-(x3aqx3)))*3.786726))*((((x0-x3)aq(x3*-30.593000))aq((x3+x1)-(-7.593000+-35.053000)))*(((x0-6.113000)+(x1*x2))aq((x0-20.413000)aq(x3*3.594000))))))+(28.466813+(0.469333*(((((x1*x1)-(x0*x2))-((x0*x2)-(0.000000-31.024000)))aq(((x0+x0)*(x3*x0))aq((x1aqx1)*(x1*x3))))aq((((x2-x3)aq(x0-x3))*((x2*x1)+(x3aqx1)))*(((x1*x0)+(x0aq-5.339000))+((x0aq-34.837000)+(x2-x0))))))))))+((((((x1aq((-539108.050250*x0)+2441349.474150))*-2286317.903900)+45.971090)+((((((-19.830000-x1)*(1.993000*x1))+((8229.078158aqx0)-(x2-x0)))aq((33102.209849+((x3aqx3)*-34351.419553))-((64794.188097+(x3*-17569.319706))aq(x2+x2))))*((2.950384*(((x1*x3)aq(x3aqx3))aq((x3*64.722750)+-88.199976)))+-0.570837))*1506.198071))+((652.746835+((-687.392478+(-346.005903+(379.658578+((0.000000aqx1)*-34.196964))))*((((15.492949+(-8.206973*x1))*(1.993000*x1))+((-26.699000aqx0)-(-135.520703-x0)))aq((4507.136558+((-49.438000aqx3)*280.606831))-((64794.188097+(x3*-17569.319706))aq(x2+x2))))))+(((-136602332292815.546875+(((-82874.910914+(x2*13425.443958))+(-72902.383746*(x2aqx2)))*-1115542805.370865))*(((0.097384*-2097152.000000)+42941.382870)+((((x1*x3)aq(x3aqx3))aq((x0+x0)*(x1+-38.034000)))*3120393.136885)))*-0.000000)))+((21198.509755*(((-49.288477+(1.832019*(27.337053+(-0.540401*(x2aqx2)))))+(0.000000*((((0.000000--14.827707)*(1.993000*x1))+(502862547047877967872.000000+(-199019475682257502208.000000*x0)))aq(-60375.874204+((x0*x2)*18142.795666)))))+(((((-19.830000-x1)*(1.993000*x1))+((-64571759154245.218750*(x0aqx0))+((3515104114750.911133*x0)+48782762480399.835938)))aq((33102.209849+((1349.577363*0.000000)+-37189.108252))-(((214406884.552707*x3)+-922587848.578745)aq(x2+x2))))*-0.000000)))+(((((((932.228566+(x2*-609.352939))-((x0*511.409197)+-1740.052885))*(1.993000*x1))+((-26.699000aqx0)-(x2-x0)))aq((33102.209849+(28593.032831+(-72902.383746*(x2aqx2))))-((64794.188097+(x3*-17569.319706))aq(x2+x2))))*-59.914651)+(((((((0.000000--14.827707)*(1.993000*x1))+((271.749024*0.003953)+-231.281511))aq(-2486.142080+((x1aqx0)*1821.277968)))*418.174964)+((92.446158*((-2366.794821+(838.383977*x1))aq((x1*x1)-(x3aqx3))))+-6294.441077))+(-0.471579*(((((x2aqx0)*9359.453963)*-5954.680932)+32432942.405089)aq(((28372.352221+(-7986.755867*x0))+((-49.438000aqx3)*280.606831))-((64794.188097+(x3*-17569.319706))aq(x2+x2)))))))))))
sbp,feynman_I_15_3x,ok,4,200,-0.614261,2.005086,481,2007.78,,59.054976+-0.003916*(((((31.332321+(0.000210*((-57.562513+(-323801.035589+(-1190.560446*((x0-x1)aq(x1+x2)))))+((-259.935583*(((-30609182135.725147*x2)+117551560879.582153)aq(-207500737317.886230+(x2*67315012619.816307))))+(14048.327189+((628358469.117950*(x0aqx2))*0.000003))))))+(4.761969*((0.181371+(((-28454.425077+(20937313.774992+(x0*-3063308.516909)))aq((x2--35834.230996)-((79559.992434*x2)+-1229347.800969)))*0.000351))+(57.071644+(-2.479404*(((-65260.233024+(x0*10311.676687))-((x0*9619.057548)+-60999.214425))aq(-178926.306290+(4202.188275*(x0*x2)))))))))*(((((((((x1aqx2)-(x3+x1))*1.705289)+-3.188547)+x0)-((((x2*x1)aq(x2-x0))*0.033357)+58.032573))*((-1.058141*((((x3aqx1)aq(24.470000*x3))aq((x3+x3)*(x1*x2)))*(((-1.854000+x0)*(x0+0.000000))aq(0.000120+(0.000000*x1)))))+13.102531))*(((((0.033357*((x2*x1)aq(x2-x0)))+-41.445427)*((((x2*x1)aq(x2-x0))*0.900095)+1105.396241))*-0.015449)+-711.367243))*((-0.000845+(0.000840+((((x3*-2063549.323411)+2034148.959374)aq(496561482556992330450031409836851200.000000+(-30167927703520955808530056131641344.000000*x2)))*-137575015964126711119872.000000)))+((0.004671*((-0.002968*(((0.000000+-94.738000)-(0.000000aqx2))aq((x2*-554.654973)+6435.101962)))+((0.060799*((-0.025107*x2)+-9.049572))+(-0.579702+((0.001398*x2)+0.927878)))))+((((((x3*7330775.745181)+-11348713.735919)aq((x2*-554.654973)+9223.423643))*(((x3aqx2)*-32444493817805864.000000)+3727389907668753.500000))*-0.000000)+(0.022805+((((0.000000+0.000000)-(x1aqx2))aq((x3*-10223.128776)+16878.748415))*-0.054770)))))))+(((((5721.364860*(((-28454.425077+((x1aqx0)*134125.819794))aq((x2--35834.230996)-((79559.992434*x2)+-1229347.800969)))*((((x0-0.000000)aq(x0+x0))*-206.068830)+102.809551)))+(((-0.000354*(((x1*-32981719487847.605469)+65829809113682.437500)aq(-2502955745.187762+(493329333.285323*x2))))+((87.692610+(-0.865629*(x0*x2)))+((7.618703*(x2*x1))+-14.743002)))+(1304416851893.155518+(-363.563634*((6484.718095-(x1aqx2))aq(1941431.085996+(-1117269.563666*x1)))))))*(((((11468327195476098.000000+(-1232021.577676*(61039617167.326820aqx0)))-((6185606655.643213*-0.161645)+1514969376.007816))aq(-3668.637973+(((x2*x1)aq(x2-x0))*2179.808421)))*-0.000000)+(((((x2*35968865.110611)+-112631316.210056)aq(-39290189062.465347+(x2*12029702862.178722)))*-0.000000)+(0.983444+((((x1*-32981719487847.605469)+65829809113682.437500)aq(4759273089160574976.000000+312702532.684994))*0.000000)))))*-0.511991)+((((((((-30609182135.725147*x2)+117551560879.582153)aq(-685156163013.528442+(124777098017.121841*(x2-x1))))*14.753148)+13.534321)+(0.000000*(((-65260.233024+(x0*446074.753242))-(-174402936966148512.000000+(190912665589293312.000000*(x0aqx2))))aq((-16938837.334447+((x3aqx1)*30921110.834150))+(((x2*x1)aq(x2-x0))*2179.808421)))))*1.015603)+((((-16005488215062129704803159835711801131008.000000+((x1aqx0)*73033373271711019493201043026075283619840.000000))aq((x2--35834.230996)-((79559.992434*x2)+-1229347.800969)))*0.000000)+656792425588.093872)))))
sbp,feynman_I_16_6,ok,3,200,0.94133,0.276549,527,2026.04,,126.320721+0.016123*((((69.495152+(((-16.373688+(0.000000*(((-673381582852967329921496792961122304.000000+(x2*118373838966668272189366504049868800.000000))aq((x0+x2)*(x2-x0)))aq(((x1-x2)*791420527292.259155)+(1236456209137.444092+(150283680795.394989*x2))))))+(((((x1-x2)*-0.073214)+-12.395955)+((((x2+0.000000)-(x0*x2))aq(-99.370296+(x2*87.784552)))*-0.498462))+((((-726820133251575936.000000*-95181.009960)aq((x0+x2)*(x2-x0)))aq(((x1-x2)*791420527292.259155)+1563449742349.704346))*-0.000000)))*1.896412))*(((((x0*((0.388681*((x0-x2)*(x1-x0)))+8.184443))*0.242460)+((-0.047153*((((-17.747000-x0)-(0.000000aqx2))-((-4.037000+x2)*(x2aq1.545000)))aq(((x2aqx2)aq(x1-x2))-((x1-x0)*(x1aq22.873000)))))+(-0.412304+(-0.000000*(((x1*x1)*-86195.176347)aq((x0+x2)*(x2-x0)))))))*(((((((x0*-2.977699)+8.188375)aq((x2*x2)*(x2*x2)))*2.162457)+-612.257132)*1.982733)+1336.909537))*(0.006895+(((0.388681*(((62.255722*x0)+-240.515213)*(x1-x0)))+((13.325425+(-105.358765*((x0-x1)aq(x0*x0))))+(-602.281612+(-122.844823*((x0-x1)aq(x0*x0))))))*(((((x1*x1)*-95181.009960)aq(((x0*-3786204.718587)+17905938.023394)*(4428693722.363467-x0)))*-375.844561)+(-0.000019+((-66.296678aq(x2-x0))*-0.000000)))))))+(((-6760.525601+(-0.043232*((((((-12.689923*x0)+4941.646260)*((x0-x2)*(x1-x0)))*(57667519.481357+((x1*x0)*-13833224.987552)))+20364.618965)aq(((x2aqx2)aq(x1-x2))-((x1-(515873.264653+(x2*-236524.103822)))*(-197338.450788+(282633.264843*(x0aqx2))))))))+((((((((x1*x2)*-0.073017)+0.002916)*-95181.009960)aq(((10870.759577*(x0aqx1))+-9120.779338)*(-205932338.073330+(216872359.882158*(x2aqx2)))))*902.565311)+((0.000502*((((x1-x2)*-72128009257861.437500)+-192388478049832.656250)aq((-3877474688946.401855*(x0+x2))+34938484454728.417969)))+((0.006772*((-4419047.811214+(x0*1067441.058369))aq((-4992071.652866*x1)+20792713.891487)))+-61.568306)))*109.820495))+((1.081554*((-0.008343*(((-10251.688451*((36.989082*x0)+-166.119703))aq(4989.954861+(2484.034218*(x2-x0))))*(-1.883650+(-0.443587*((x0+0.000000)*(x2-x0))))))+((324974.432449+((-197338.450788+(1.401815*(x0aqx2)))*1.620100))+(-0.000000*(((16933607262579360036778032188228707154772747529050841603160282779206719880385727802141858852765696.000000+(-3930270776268356044478384868472672347851518204118249720948733488630237119703347105131915854741504.000000*x2))aq((0.000000+x2)*(x2-x0)))aq(((x1-x2)*791420527292.259155)+((x1*-711976447511.145752)+2197381197920.391357)))))))+((((28591611093.274883*(((-726820133251575936.000000*-95181.009960)aq((x0+x2)*(x2-x0)))aq(((x1-x2)*791420527292.259155)+((x1*-44565281132315855327023801040896.000000)+207692142558611231507739733655552.000000))))+((((865330893.241180*(x0aqx1))+((x0*-337509358.585189)+54558552.691894))*0.000002)+7419.124197))*-0.003576)+(((((-10251.688451*(1015.883257+(-241.550492*x0)))aq(4989.954861+(1225740.616761*(x2-x0))))*-0.079180)+(-7.526579+(((-726820133251575936.000000*-95181.009960)aq(104489932962.575409+(-17597762268.167114*x1)))*0.000000)))+((((-726820133251575936.000000*-95181.009960)aq((1206932091.705814+(x1*-297058070.755447))*(x2-x0)))aq(-7519203183968.349609+(3730145655549.554688*((x1*x1)aq(x2-x0)))))*0.000850)))))))
sbp,feynman_I_18_12,ok,3,200,0.975268,1.154723,501,2005.39,,0.030736+0.000000*((((-2007737270622.701172+((-403920.853146+((((((-4.451957+x1)aq(x2-1.610000))*346242331.953578)+(6544945192066.291992+(-234444751.713535*(x1+27912.425719))))*((((0.000000+25595872998749261824.000000)*(x0aq11175283228528.136719))*((x1+x1)aq(x2-1.610000)))*(-0.000000+((x1aqx2)*0.000000))))*7.488699))*-0.000000))*(((((-0.436208+(-0.000000*25896650948767010333871851962368.000000))+(1316.571429*((67909853583655142738997805056.000000*-0.000000)+((-0.008310+(25896650948767010333871851962368.000000*0.000000))+0.003047))))+((-5.067178*((((0.000000+-3.743000)*(x2*x0))*((x2*4.581593)+-14.424634))*(-12.231954+(1.089014*(x2aqx2)))))+-264.938432))*(((-5921947364230.625000+(718589952421974.000000*(((x2+x0)+(12.754000-x0))aq((10.715000+x2)*(x0+x1)))))aq((((-4.451957+x1)*2.000000)+8.903914)*(((-4.451957+x1)+4.451957)+((x1*-3.994965)*-0.250315))))-((((-1.989469*((x1+0.000000)aq(x2-1.610000)))*(((x2-x1)*3641427477129.059082)+172718338859233.500000))+((311407479677892.187500*((x1+x1)aq(x2-1.610000)))+39334139056784.000000))+((34584958147.869019+(((x1+0.000000)aq(x2-1.610000))*205356242255.157288))*((x2+-3.180781)*(x2*x0))))))*(0.000000+((-0.004548*(((((-6.027451*x0)-(20.276000-x2))*27.538332)+1059.972313)+((((x2+-3.743000)*(x2*x0))*((x2*4.581593)+-14.424634))*11.228637)))*0.000000))))+((((-5499507586.629517+(-0.001295*((-47419788549236.718750+(15519958532843.355469*(5.255534aq(x0+-3.001000))))*((((x2+-5.601008)*(x2*x0))*-0.165217)+-1.863905))))*(((0.000000*(((x1*1237126559277.114014)+-7243995560576.738281)*((x1+x1)aq(x2-1.610000))))+0.000001)*(((-47419788549236.718750+(15519958532843.355469*(5.255534aq(x0+-3.001000))))*(((x0*x1)*0.000001)+-0.000010))*(((((x1+x0)aq(x2-x1))*-207.224797)+669.895355)-((161713374180.534363+(-120.730265*(x0--1339460108.002543)))+(((x0*656.945890)+-1369.924644)*((x2+-3.743000)*(x2*x0))))))))*-0.001197)+((177.132740*(((0.000000*(((x1*1237126559277.114014)+-7243995560576.738281)*((x1+x1)aq(x2-1.610000))))+0.000001)*(((-47419788549236.718750+(15519958532843.355469*(5.255534aq(x0+0.000000))))*(((6.162000+x1)+(x1-x0))+(((17.270435*x0)+-354.741327)aq(12.969000*3.242000))))*(((207.272528*((x1+x0)aq(x2-x1)))+-670.655048)-((78.740923+(-40.423450*(0.000000*x1)))+(((x0*355.517025)+-1204.087319)*((x2+-3.743000)*(x2*x0))))))))+(((((x2+x0)+(-92074177048497988042752.000000+((5.255534aq(x0+-3.001000))*20337536063152267984896.000000)))aq((((2.000000*(871.017129+x1))+-1752.749257)+x2)*((1420956968.133626*((x1+0.000000)aq(x2-x1)))+-2040062300.457952)))*0.071529)+(((((((-4.451957+x1)aq(x2-1.610000))*346242331.953578)+((-231669683.453945*(x1+9.158967))+((-52828285.729530*x2)+3265790330.728577)))*((((x2+x0)*(x0aq0.000000))*((x1+x1)aq(x2-1.610000)))*(42174.218232+(-4724.085502*(x1+x0)))))*0.105995)+(2111758615621.310547+(295725.590596*(((3455193512306.989258+x1)*-57445581863.678032)+(198485601766080394559488.000000+(57445535736.940712*x1)))))))))))
sbp,feynman_I_18_14,ok,4,200,0.985205,2.751433,449,2043.0,,106.060238+0.000004*((((((-0.000140*((((((0.000000aqx3)*62.154949)+(-122.002627+(x3*16.382887)))*((x3+-2.773000)*((x0*-15.381687)+48.314179)))*-1312.970884)+-62768.044566))+((37.333979+(2076713938.557139*((((x1-x2)*0.141361)+0.128645)*((0.000000*(0.000000+x2))+0.000000))))+((((((-3.192095*x3)+10.177353)*(803.123410*(x1*x2)))*(0.006904+(0.015591*(x0aqx2))))+-0.784246)*0.186012)))+-21437.715582)*(((((x0*((4.211397*((x3+-3.405343)*(x1*x2)))+6.392747))*0.557853)+127.492712)+(((x0*(7.448507+(-3.576767*((x3+-2.773000)*(x1*x2)))))*-0.808249)+108.985705))+((-0.247841*(x0*(((((2.639000aqx3)*62.154949)+(-122.002627+(x3*16.382887)))*((x3+-2.773000)*(x1*x2)))+6.392747)))+(((x0*(-220.250113+(22.711871*((x1+0.000000)+(x2+x0)))))*-0.235615)+(-2.430624+(((-0.000000*((-72251827585086.640625-x3)*169415290.933461))+(((x3*x3)*-1.216002)+-473741481193077.375000))*(((-0.271089+(0.067439*x0))*(x1-x3))*((x1*x0)aq(x3*x3)))))))))+(((-10177309.950371+((((327.512197+(-3.842448*((x2*x0)*(x1*x1))))*(-0.000006+(0.000000*((x2*x0)*(x1*x1)))))aq(((14368467.810625+(-15840123.146145*(x1aqx1)))+(((x1+0.000000)aq(x0*-22.845000))*45752284.011406))+((x3*-17044104.106181)+64132583.352883)))*85164632416306.937500))+((((-6811.506447*((-37.159414+((x3-x0)*-20.231701))*((x3+-2.773000)*(x1*x2))))+-4719886.299239)*(((-0.794938*((25.388528+(0.000000*0.000000))*((x3+-2.773000)*136.523090)))+-2677.051428)*(((((2.639000aqx3)*62.154949)+(-122.002627+(x3*16.382887)))*((-44.878010+(x3*10.895232))*(x1*x2)))+((((x3+-5.551582)*(0.000000*x2))*((-34.485036*x3)+85.942879))+98.797173))))*0.000000))+((6.995211*((-488370.420256+((((0.000436*(x1*x0))+-0.002349)aq((115404316.909501+(x3*-28009101.417312))*x3))*-163327352442938.156250))+(((((511890.782890*x2)+-1263877.623126)aq((115404316.909501+(x3*-28009101.417312))*((x1*-2678999977800.672852)+8459848384911.826172)))*-54800272414067688.000000)+(-477876.404742+(-13929.725375+(((x3+-2.773000)*(x1*x2))*-935.034907))))))+((((381637326692.761108+(-3956723066.197999*(((-11.741595*x0)+47.024559)*((x3+-3.405343)*(x1*x2)))))*(((511890.782890*x2)+((-511890.782890*x2)+((0.000000*x2)+-0.000000)))aq((115404316.909501+(x3*-28009101.417312))*x3)))*-32056010531.926830)+(((((511890.782890*x2)+-1263877.623126)aq((24942288793857.253906+(x1*-8113028250186.690430))*x3))*782510234581.043335)+(((((1153016161686203985767170048.000000*(x2aqx2))+-1050961639116939805195239424.000000)aq(-626419325509782637699828035878912.000000+((-134217505530992.843750-x3)*-4667195408166225920.000000)))*-0.000000)+-3491985.717034)))))))
sbp,feynman_I_18_4,ok,4,200,0.827563,0.419902,507,2005.1,,0.888344+0.002419*((((((2.897884+(((((15.649238*-0.595954)+(11.102847+(x3*-0.238534)))aq(((x2*x3)*17.431377)+(46.508145+(-65.529788*x2))))-(x2+x3))*0.049157))*((0.014388+(0.000040*((0.000000*((x2*x3)*94353672468085.687500))+-66759.513790)))+((((-0.080060*(x2*x3))+10.433254)+(-0.000000*((657555027952952794148872493094093188686151680.000000+(-382514660864128663095509660096294529204748288.000000*x1))+(-657555027952953031833360035887105969318002688.000000+(x1*382514660864128663095509660096294529204748288.000000)))))*(((-32934.460364+((467854803.861615aqx3)*0.000185))*(-7723.768804+(219.162835*-92.045789)))aq((((x3-3.124133)*15848537647223.128906)+41451054671510.593750)+(-2732520679065592.500000+(560375121186926.437500*(x3*x0))))))))+-101.768841)*((((((x3aqx3)-(x2+x3))*-0.916226)+((((((x0*x2)+(0.000000+x0))+((x3-x0)*(x1*x3)))*0.017669)+-0.325525)+((((-0.275830+(x0-x1))*((x3-x2)*1194.876331))*-0.000137)+((((x0-x1)*0.062474)+-0.239925)+(((x3aqx3)aq(x1-x2))*-0.406777)))))*-1.942822)+((-0.000000*((((x1+-6.132079)*(-7723.768804+(4862.380085*x1)))aq(-362764191633016.125000+(((x3+x1)aq(-24.677000*x2))*8409131016226896.000000)))*(((((-162231696931626259943650228579782885376.000000*x0)+313115729010206055119458790208266305536.000000)aqx3)+(18.406000aqx2))+((-8.342000*x2)+(x3*4.206000)))))+(((((-746.883379+((-4.077000aqx1)*-251.582387))aq((x2aqx1)+((x1*13508759853.138424)+-15497417285.100746)))*274435.588903)+((1.128744*((-3.454583+(-9.693772*x1))aqx1))+11.462873))+((((x1+-6.132079)*(-7723.768804+(4862.380085*x1)))aq(-362764191633016.125000+(((x3+0.000000)aq(-24.677000*x2))*8409131016226896.000000)))*6469997.521357)))))+(((((6.673171*((((657555027952952794148872493094093188686151680.000000+(-382514660864128663095509660096294529204748288.000000*x1))+-6.132079)*(0.000000+(-0.000000*(771385.702979aqx2))))aq(-362764191633016.125000+((57962554946708280.000000*(x1aqx2))+-30038945063946940.000000))))+((((((-294905377136798859264.000000*x1)+1257902834036837187584.000000)+446531991365385.000000)aq(-266211718354.705597+(447960831319.775146*(x0aqx2))))*-0.000000)+(((((564.673294*x2)+-10628.043181)aq(247765.147214+(x2*-51694.205638)))*-4.841307)+-0.379572)))+((((((-1.070882*(x1aqx0))*27504727998742.011719)+20327400293447.070312)aq((-779137386.078949+((-4223188.468513*x0)*-28767.589228))+(-2732520679065592.500000+(560375121186926.437500*(x3*x0)))))*52.281797)+((-1.536586+(((-3.454583+(0.000000*x1))aq((69.400636*x3)+-158.519951))*-46.356321))+(0.000000*(((-535770730935238.812500*(x0aqx2))+446531991365385.000000)aq(((x0aqx2)*51979930.251204)+-13042231.812238))))))*0.942662)+((0.843469*(((-22.056890*((((x2*x1)*97566272246.114929)+-1550393847276.082520)aq(((-1932160548945.890869*x2)+8452965511034.391602)+(20.076504*(x0aqx2)))))+-14.564630)+(0.000000*((103312862034002208.000000+(((x0*x1)*1722936040324002954417753874816929967869906909062608709888771289513984.000000)*(0.000000+(-0.000000*x2))))aq(-362764191633016.125000+(((x0*x1)*52598575468.954659)+362555581583812.187500))))))+(((((((-22667.683827+-15114.922212)+((x3*4495274452.801618)+-11795671396.094938))*(-7723.768804+(25.133808*-92.045789)))aq((24312880309370304.000000*((x3aqx3)*-0.175984))+4089593622190986.000000))*4.955809)+8.873465)+(((-1433.326335+(-0.000000*((657555027952952794148872493094093188686151680.000000+(-382514660864128663095509660096294529204748288.000000*x1))+(-657555027952953031833360035887105969318002688.000000+(382514660864128663095509660096294529204748288.000000*x1)))))aq((-115883650730915645123029190574080.000000+(((-8.342000*x2)+(x3*4.206000))*-63781943640931572656648637906944.000000))+(((x0*x1)*52598575468.954659)+362555581583812.187500)))*1006412293773949188910413250560.000000))))))
sbp,feynman_I_24_6,ok,4,200,0.967683,2.575644,295,2005.82,,-5.607458+0.000001*(((((1.866222+(-0.009486*((x3+x3)*((-6.498910*((x2+x1)*(x3*x0)))+50.494190))))aq(((((x2+-12.478000)+(-6.725000*x0))aq((x2aqx3)+(x1+x2)))*-0.649592)+((22.828884*(((-0.031700*((x2*-12.904000)+(x0aq-6.150000)))+0.139102)aqx2))+-6.488365)))*23182343.378891)+((((-0.000766+(((-220663456.982940+(((x3aqx2)aq(x1*x0))*1689800365.221457))aq(-1475.679297+(-2264.819048*((-2.544000aqx1)aq(x2-x0)))))*-0.000000))+(-0.000195*((((x2+-12.478000)+((736.587258+(-400.328781*x2))*x0))aq(-333.068158+(590.605612*((x3+x1)aq(x3*x3)))))*((((1.339362aqx3)aq(x2-x1))*23.190539)+-10.187418))))*-19355439.257531)+((8153903965204369699836367208448.000000*(((((x3aq-3.788000)-(0.000287*(890.845072*x3)))*-3793.132122)+0.000000)*(((-45.805275*(0.009288*(-73.826013aq(x2-x1))))+((0.000050*(-632593.502881aq(x2-x1)))+-0.000000))*(((x1+x0)*(x0+x2))*((x3aq-3.788000)-(x3*x3))))))+((-0.003058*(((0.829866*(((0.000000+0.000000)+(x2*-13.915000))aq((x3*x0)+(x1+-10.201000))))+3.078270)*(((x2+-12.478000)+(-55.880617+(-655516.120735*-704.269143)))aq((x2aqx3)+(1004.397830+((x3+x2)*-193.392206))))))+(((249998.145524+(0.000000*(((x3*118893461919291.921875)+-472266734761550.250000)*((26317243205.567547aqx3)aq(x2-x1)))))+((-164428.040249+(-152.134341*(-6730.333487aq(x2-x0))))+(0.000000*(((x3*-262518625483383509882153427217219438166865807933440.000000)+861511993474053129052506664955366972067604504510464.000000)aq((x3*x0)+(x1+-10.201000))))))+(-7726.116274*(((-1493.359227*((x2aqx0)+(-8.060000aqx3)))+-3965.120665)aq((137.364941+(-23.130673*(x3+x1)))+(1004.397830+((x3+x2)*-193.392206)))))))))))
sbp,feynman_I_25_13,ok,2,200,0.845211,0.3207,325,2013.44,,-1.491767+-0.499159*(((((0.027195*((3.558936+((x0-(-14.896000aq((1.937000+x1)-(x0aqx1))))*-0.527751))+(((x1-x0)aq(-14.995000*x1))*31.910019)))+((-0.005316*(((-4.919000aq8.490000)-(x0+-18.486000))aq((((x1*x1)-(x1+x0))*297.687769)+1131.530286)))+(-0.188686+(0.000000*((((-445.435162*(x0aqx1))+-508.030283)*(23.520000*x1))aq((x1*x1)-(0.324000+x0)))))))*17.899804)+((((-0.612992+(0.000143*((((-20944.475154*(x0*x1))+-45802.427465)-x0)aq((((x0+x1)*(x0*x1))*4.130894)+-126.722511))))aq(35167.769236+(-161212.249289*(((x0+0.000000)-(x1+x1))aq((x0*x0)-(13.901000-5.665000))))))*-1046.242119)+((((0.257933*(((((x1+1753586091.973093)*311025398510847.625000)+-545409813413585557127168.000000)*((-116607147601833408614817240688099328.000000*(x1+x0))+767578807377287089190755278530805760.000000))aq((((x1*x1)-(x1+0.000000))*331181544353637025208339131268032686144215826038784.000000)+-34706904190408081815926753631618377085091940663296.000000)))+-0.853123)+(((((((x0aqx1)*-4636781612774181006475264.000000)+-1374858643576206328332288.000000)aq((530.644249*x1)+-861.888884))*-0.000000)+0.008595)+(-0.000001*((((-1.076917*-26418871677.427864)+(-30002675.700966+(0.000000*0.000000)))*(23.520000*(49318867029134.671875+(x0*-15889399282389.048828))))aq((((x1*x1)-(x1+x0))*237509483302567772160.000000)+605360164274537234432.000000)))))+(((((((0.000000+(-0.000000*x0))+(0.000000*(x0-x1)))+0.000000)*((((x0aqx1)*-4119266296880.626465)+3080725600214.868164)*((18736616884129.859375+(x0*-8051006966653.322266))aq((x1*-67155365841959116775071377679928553650256326164480.000000)+262462733214613573508173024691605127972556158009344.000000))))*-5045753245870353361557578598575853674281566208.000000)+(((((-87117843383946903552.000000+(x0*66641983238283083776.000000))aq(2435949192035357503646434129212342272.000000+(x1*-592369186129188065825875404754255872.000000)))*15819600875794.691406)+-0.040255)+((((-31806870431.830238*x0)+45769663608.022537)aq(4757445117922319007744.000000+(-1185805109899757092864.000000*x1)))*103631160.043920)))+((24947526565759418368.000000*(((((401814213975883288921772472559206400.000000*x1)+-2397349998745064851005952058785267712.000000)+0.000000)*(-0.000000+(-0.000000*(-3.811906aqx1))))aq(-25564076792707332720918247175620821869519129542656.000000+(((0.000000+x1)*(x0*x1))*3210836558311676037951906865971276644882176802816.000000))))+(-0.705345+(-47820421940814381125927360718290234974185526818504704.000000*(((-0.000000+(0.000000*x0))*(0.000000+(x1*-0.000000)))aq((267437619695699591168.000000*(-3.811906aqx1))+643548688078461992960.000000))))))))))
sbp,feynman_I_26_2,ok,2,200,-2.200174,0.681897,457,2008.16,,116872705.802446+-0.364961*(((((((0.345583*((((-9.827000+-22.742000)aq(-6.007000+x0))aq((x1+-5.187000)*(22.139000-x1)))*(((21.553000+-17.596000)*(x0+-5.823000))aq((x0aqx0)-(21.566000+x1)))))+(-460536301.152137+(((((x0*x0)aq(x1+-3.565000))aq((x1-21.615000)+(x1aqx0)))*(((x0aq-19.766000)-(x1-2.859000))aq((-18.931000aq0.707000)aq(19.671000aqx1))))*27.825620)))+(((5.081050*((((0.000000aq-21.323000)-(x0aqx1))aq((-6.332000-x0)*(x1*x1)))aq(((x0*-1.714000)+(16.604000*x1))aq((x0*-20.947000)aq(21.864000aq-10.647000)))))+-2.784705)*((x0*-3.054000)+(x0*((-71.451421*((x1aqx1)aq(3.455000+x1)))+13.225211)))))*((((((((x0aq-21.323000)-(-0.082682aqx1))aq((209.370798*x1)+-207.847574))aq(((x0*-1.714000)+(16.604000*x1))aq((x0*-20.947000)aq(21.864000aq-10.647000))))*-19.726722)+((((5989.552300*(x1-0.000000))aq((x1-x0)+(x1+-4.528000)))*-0.000002)+((((-4.375000aqx0)*(x0aqx1))*-0.017232)+97728125.121128)))*0.000000)+(-0.000000+(((((-9.827000+-22.742000)aq(-6.007000+x0))aq((x1+-5.187000)*(22.139000-x1)))*(((x1+218463.778922)*12.294697)+(-2685965.835671+((x1-1.623000)*-12.294697))))*0.000000))))*-27713974.636241)+((0.000000*((((-83828681.418517+(((x1aq5.489000)aq(x0-x1))*398215652.016866))*(82284715.366248+(((x1aq5.489000)aq(x0-x1))*-391174975.528222)))+11628.185688)aq(2160.741572+(-249.916040+(0.018067*(((x0*x1)aq(x1*x1))*(637411.570577+(-835478.319167*x0))))))))+((0.000000*((((((0.000007*(x1-0.000000))aq((x1-x0)+(x1+-4.528000)))*-8738472851730516992.000000)+25658645118487.851562)+11628.185688)aq(2160.741572+((438.584169+(((x0*x1)*(x1*x1))*-50.198028))*((((-9.827000+-22.742000)aq(-6.007000+x0))aq((x1+-5.187000)*(22.139000-x1)))*(((21.553000+-17.596000)*(x0+-5.823000))aq((x0aqx0)-(21.566000+x1))))))))+((((0.000000+((((-50252759322802864128.000000*x0)+34669935529926365184.000000)aq((-6.332000-x0)*(0.000000*x1)))*-0.000000))*((((-9.827000+-22.742000)aq(-6.007000+x0))aq((x1+-5.187000)*(22.139000-x1)))*(((x1+218463.778922)*12.294697)+(-2685965.835671+((x1-1.623000)*-12.294697)))))*64606885235563328.000000)+((((((-100304.183700+(-1852425.310547*x0))*0.000090)+-0.000330)*((((x0*0.000000)+0.000000)aq((x1+-5.187000)*(22.139000-x1)))*(-4287403896406963.000000+(5656868195132215.000000*(x0*x0)))))*-1.114759)+(((((29028842182.702930*(x1+-116330437496.317871))+((-29028845121.539089*x1)+3376937911125398781952.000000))aq((x1+-5.187000)*(22.139000-x1)))*-0.000002)+((((-75172137768541914807983407104.000000+-2925135788501468112506834713589818851328.000000)aq((62244171240755560448.000000*x1)+-108671270828851265536.000000))*-0.000000)+-0.011144))))))))
sbp,feynman_I_27_6,ok,3,200,0.96246,0.083721,563,2013.38,,2.209829+0.001873*(((((((((((-5064.986989+(0.000000-0.000000))aq((x1+x2)*(x1+x2)))*192.819244)+18877.383433)aq(111.898656+(((x1-x0)aq(x0-x2))*(((0.000000aqx1)*848883953.066389)+(-4853990.444580+(x1*1445276.453696))))))*0.823138)+((-0.000000*(((-10423551.834216*(x2aqx2))+10011062.051503)*(((50.279435*x2)+-91.726167)aq(8.955000*x2))))+-0.203660))+(0.002409*(((((((1951.141832*x2)+-14823.419206)aq(x1-x0))*-0.094639)+-15610.390559)+((2.334798*((-5064.986989+(5521.464395-x2))aq((-171.012743*x1)+842.821448)))+-107.640091))+(((x2*-6.994000)aq(x1*((122.636943*(x2aqx1))+-75.189068)))*120.077380))))*((x1+((0.595910*(((((x0+x0)aq(-4.659000*x2))aq((6.190000+x2)*(x0aq9.820000)))aq(((14.315000+x1)+(x0aqx1))+((x2+x0)+(x2+x1))))*((((-17.511000*-20.249000)*(x2+x1))aq((-18.331000-0.000000)-(x1-x1)))*(((14.916000-x1)aq(1.688000aqx0))+((x2-x2)*(x1-x0))))))+((0.555153*(((-11.619000*x1)aq(-15.930000+x1))aq((x1*x0)aq(x1-x0))))+(2.485088+(0.042220*(((0.000000*x1)aq(x2+x1))+((x0-x2)*(x1-x2))))))))*((2.523294*(((((-3.887090+x0)aq(-4.659000*x2))*2.496121)+2.768198)*(0.228701+((520.152402*((4.256534+x2)*(-10.513000+x2)))*(((x0aqx0)*-0.000003)+((-0.000000*x0)+0.000015))))))+(((((((x0*x2)*-7.884411)+52.221608)*(x2-x0))*((((x1-x0)aq(x0-x2))*101.697389)+89.886058))*-0.000006)+(-0.416180+((684.953009+(((x1+x1)aq(x2-x1))*-3.696235))*-0.002359))))))+(((((((-148827039.107762+(((0.000000+x0)aq(-4.659000*x2))*3471209166.238039))-((3461346863.582265*((0.000000+x0)aq(-4.659000*x2)))+-147351830.437748))aq((((5510189.232409*(x0aqx2))+-3667731.838616)aq(x2+x0))+((((0.000000+x0)aq(-4.659000*x2))*-3507815.376659)+543238.534787)))*0.047356)+((1.071986*(-0.000197*((((0.000000+x0)aq(-4.659000*x2))*-3507815.376659)+(27724.379168+(953110.229058*(x0aqx2))))))+-1577.896029))+(((-0.003286+(0.000000*(((8.054593aq(x1aqx0))aq((x1-x0)+(x2-x0)))*(-23667.473997+(62320.612810*(x1aqx0))))))*((((x0aq-20.453000)*(18.369000aqx1))-((24.369000*x0)+(((x0aqx2)*-34482412.557283)+3321833.880000)))aq(128190040745.052765+(-205125709361.422729*(((x2+21.640000)-(x0--19.658000))aq((x2+x1)*(x2aqx1)))))))*-949781.986542))+((0.873098*((36.975216+(-31.026839*(((-5064.986989+5153.471104)aq((-171.012743*x1)+842.821448))*((-2.826089*(x1--250869.196701))+708992.697226))))+(((1465310498113788503199318016.000000+(((x1-126.630438)aq(63817.192440-x2))*772289485352729584431083290624.000000))aq(111.898656+(((x1-x0)aq(x0-x2))*-94.872072)))*0.000000)))+(((((-0.065531*((54531.935890+(x1*373573.603794))aq((x1+x2)*(x1+x2))))+(-280.142015+(-2322.654326*(-3.147857aqx2))))aq(111.898656+((((0.000000-x1)aq(x1aqx0))*599445.466262)+1886457.346452)))*5888.409903)+((((30215.345288+(-2347.974401*(x2*x2)))aq((-171.012743*x1)+842.821448))*-0.005023)+(8.221974+(((-5064.986989+-967646.204289)aq(((70.823029*x0)+-78.785823)*(x1+-15437962035.964493)))*-186837.522680))))))))
sbp,feynman_I_29_16,ok,4,200,0.91699,0.557356,493,2021.24,,393016.324009+0.000297*((((((0.772747*((((87.884668*((0.000000-14.608000)aq(x0-x1)))+-137.818465)*(-87447.490880+(-657.097291*((0.000000-97.439110)aq(x0-x1)))))*-0.001036))+-1502734.046467)+((-0.772563*((((87.884668*((0.000000-14.608000)aq(x0-x1)))+-137.818465)*(-87447.490880+(-657.097291*((0.000000-97.439110)aq(x0-x1)))))*-0.001036))+1503630.887851))*((((((x1+x1)*(x0*-9.303000))*((((-3.859766+-7.531401)*((1.005000--13.937000)aq(x2-x3)))+141.298890)+(x0*x0)))*-0.000337)+(6.132303+((((87.884668*((x3-14.608000)aq(x0-x1)))+-137.818465)*(((-19.866000+39.732000)-((0.000000-4.780000)+(201.521907-5.335000)))*(((0.000000-0.000000)-(-3.751000*-18.804000))aq((x3-x2)*(x1aqx3)))))*0.000001)))+((0.138473*((((x0*x2)+(x0+x2))+((x3+x0)+(7.984000-x3)))-((((1.005000--13.937000)aq(x2-x3))*6.131129)+(-24.419253+(-15.205994*((x0aqx2)+(x1aqx0)))))))+((-0.000065*((((x0*-16.134000)aq(x3aq-14.478000))+(((x0*x1)*-4791.196724)+39776.490577))aq(-18.059566+(48.417915*((x3aqx3)aq(x2-x3))))))+(((x0*(0.000004+((x0*x1)*-0.000000)))*99183.491796)+((((-2428.339179*-54.131058)aq((0.000000-x3)*(x2-x3)))*0.000018)+(((x3aqx1)*0.320822)+(((x1aqx2)*-0.150639)+(0.602308+(0.042184*x3))))))))))+((872.313055*(((((((-2428.339179*-54.131058)aq((-17.315000-x3)*(x2-x3)))*-0.000000)+0.000000)*((0.000000*(((-22665.013794*x0)+-19165.359694)aq(x0-x1)))+0.019669))*-108200386852.380798)+(((((((-794323.089008*x3)+4020929.418641)aq((x3*-13245.721505)+48269.304305))*-0.000114)+(1514846.683881+(((0.000000+x1)aq(x0-x1))*0.125542)))+(((((-794323.089008*x3)+4020929.418641)aq((x3*-13245.721505)+48269.304305))*0.000251)+-3029693.870859))+(((0.002034*((50.071789+x1)aq(x0-x1)))*(-0.000001+(0.000000*((50.071789+x1)aq(x0-x1)))))*(((((-2.948392-0.000000)-(-3.751000*-25776553454444.796875))aq((x3*496487211207.205322)+-471802263799.236572))*-12262.501139)+((((x0-0.000000)*(x0*x1))*242238.614595)+78814662.832400))))))+((-106802.795475+(0.470486*(((((-2428.339179*-54.131058)aq((0.000000-x3)*-2254.849250))*(((x3-9267088604.286158)*-25423.850442)+-235605074710474.312500))*1190.177728)+(1764198275.348097+((((x0*-2196493.044032)+1786827.111380)aq((x0*2985547.955325)+-4892763.347788))*-1.618223)))))+((((0.062287*(((x0*-2196493.044032)+1786827.111380)aq((x3*-13245.721505)+48269.304305)))+84.718732)+(((((x0*-16.134000)aq(x3aq-14.478000))+(((x0*x1)*-4791.196724)+39776.490577))aq(79655719.761157+(((x0-x2)*(x0*x1))*9108824.566243)))*-312305.352488))+(-225138721534688.062500*((((0.000000*((x0*11065220527708.419922)aq(x3aq-14.478000)))+-0.000000)+(((x0*x1)*-4791.196724)+39776.490577))aq(79655719.761157+(((11934952100.203890+(x2*-6540630917.420063))*(x0*x1))*9108824.566243)))))))))
sbp,feynman_I_29_4,ok,2,200,0.954953,0.209511,563,2016.39,,-0.922021+0.000000*((((154295642.058677+(1.317273*(((50789.821704+(0.000010*((10.115000-x0)*(0.000000+x0))))*((12042988113547424.000000+(-12794874.309830*(1295702284.299406aq(x1-4.020249))))aq(-2755.647577+(160.140192*(47895012492694192128.000000+(x0*-5257493032536969216.000000))))))+((-12638144.745026+((((x0+0.000000)aq(-20.453000*x1))aq((x1*x1)*(23.251000*x1)))*143.918630))+(0.000000*((((x0aqx1)*-9389734695305572647773523987822391702061056.000000)+7184249497869970797256651171488132010868736.000000)+(((x0aqx1)*9389734695305572647773523987822391702061056.000000)+((-634839420594297298681067772837888.000000*24592032234.198753)+8427741967413937268811226528264059545976832.000000))))))))*(((((((((x0*118499555314.254013)+-536550969815.413940)aq(x1-x1))aq((x0*x0)-(17.461000+x0)))aq(((x0-6.127000)*((x0*51323317573506213871616.000000)+-401474027060553792356352.000000))aq((x1*x0)-(x0*x1))))*((((x0+0.000000)aq(-20.453000*x1))aq((x1*x1)*(23.251000*x1)))aq(((x1aq-38.242000)-(16.803000*3.337000))aq((x1*40.877000)+(x0+x1)))))*((((((x0-x1)*(x1aqx0))*(160870010980.673035+(-81647049489.882019*x1)))*-0.000000)*282516244882690823684096.000000)+9022455029043.742188))+((3545184.709117*((-98157635105877.750000+(-66635406955371.898438*(-5.496696aq(x0-0.000000))))aq((98727673830816.312500+((0.000000+0.000000)*-3549395772977.609375))+(160.140192*(1858128780557188096.000000+(-197911404868980064.000000*x0))))))+((2721612.400943*((((x0*x0)aq(x1*x1))*0.000415)+(-5.596734+((0.000000aqx1)*-0.002678))))+(((((x1*-0.426824)+-0.332150)*(12.816033aq(x0-x1)))*-145.455993)+((447861.910667*((x0+0.000000)aq(-4.902242*x1)))+15312875.448090)))))*((-0.000000*((((((x0-x1)*(x1aqx0))*17555446089.336063)+-4168031073.432625)+(0.001129*(((400912.310938*x0)+-354294.946150)*(519836491.695079aq(x0-x1)))))*(((((-24.173000aqx1)*3064282051205262.000000)+(61392762913283890014741979192628103610368.000000+(-25661956230626382250270673106892348194816.000000*x1)))+(-12274091515263331181842345242675258505297920.000000+((x1aqx1)*12687151626596451865584046695593220868407296.000000)))aq((-6221632210452245470120534948577422606336.000000*((x0+-11.058000)aq(-20.453000*x1)))+-306850537756336616508574256143251013632.000000))))+((10.724436*((((-9629190389408602.000000*(x1aqx1))+6257289707430284.000000)+((9634162378611494.000000*(x1aqx1))+-6262390801428989.000000))aq((388532151798315776.000000+((0.000000aqx1)*-377581363953721664.000000))+(160.140192*((160206635115228480.000000*x1)+-295781603818752384.000000)))))+(0.000139+(-0.000000*((-70918485361639156294352896.000000+(73744481051605932905070592.000000*(x1aqx1)))aq((-314432362200.194336*(x1aqx1))+306002322437.387451))))))))+(((((-2306.222293*((12042988113547424.000000+(-12794874.309830*(1295702284.299406aq(x1-4.020249))))aq(-2755.647577+(160.140192*(47895012492694192128.000000+(x0*-5257493032536969216.000000))))))+((-12638144.745026+((((x0+0.000000)aq(-20.453000*x1))aq((x1*x1)*(23.251000*x1)))*143.918630))+(0.000000*((((x0aqx1)*-9389734695305572647773523987822391702061056.000000)+7184249497869970797256651171488132010868736.000000)+(((x0aqx1)*9389734695305572647773523987822391702061056.000000)+((-634839420594297298681067772837888.000000*24592032234.198753)+8427741967413937268811226528264059545976832.000000))))))*(1.252981+(-0.000000*(((((40.183000+x0)aq(x1*x0))*20543500682.389584)+((8738945441.374411*(x0+x1))+-142660158301.734802))aq(-1333.290002+(1038.047938*((40.183000+x0)aq(x1*x0))))))))*113354795.588791)+(((((((17585032942414414371569386615716026231258439144181198890314769171434438656.000000*(146845238.136100aq(x1*x1)))+-29047148507889984301937696494140592858730078873322751817018641322602854707363840.000000)aq((-6221632210452245470120534948577422606336.000000*((x0+-11.058000)aq117.346010))+-306850537756336616508574256143251013632.000000))*-0.000000)+(((((-12558263293.433180*(-243805135665.232178+x0))+-3061769085921514749952.000000)aq(-2755.647577+(160.140192*(x0*x0))))*0.000000)+((-149.719895*(((-5.647229+0.000000)aq(-20.453000*x1))aq((x1*x1)*(23.251000*x1))))+((((x0+-11.058000)aq(-5.177532*x1))*0.486044)+-14203221.803391))))*125738319.042993)+(6901968488956325.000000+(((241554959597529890816.000000+(((-372994881345629938253645701814346204773041922224714185886378783518440026716510489673728.000000+(102715773758525851162628626143957754557116800423248533238589209170391629786489768902656.000000*x0))aq(-223276512460.892212+(x1*161539738959.503418)))*2429803611227400732590311735296.000000))aq((((10.115000-x0)*(x1+x0))*-7593410761024754720032441865532388342803021746880305430528.000000)+(335918575666607131657500659855179307118348608959205580210176.000000+((x0-x1)*-41624553879726857313375430915488799845699035309250894102528.000000))))*0.000000))))))
sbp,feynman_I_30_3,ok,3,200,-5.603809,5.334888,507,2010.64,,36.347631+-0.000083*((((-888.379027+((((((-7.288932*(x2+4.363000))-((x1*x0)aq(x0aqx1)))*3621848.167437)+((((-7.288932*(x2+4.363000))-((x1*x0)aq(x0aqx1)))*-3621848.167437)+-0.000000))*((((x2+x2)aq(-5.113000-x1))+((x1-x2)*(x0*x1)))*(((188190.277865*((x0+-15.163000)aq(x1+-3.079000)))+1411458.929790)aq((x2*x0)+(-15.961000*x1)))))*-463.778997))*(((((x0*((3097.279246*((x1aqx1)aq(x1--19.919000)))+-135.070663))*-1.160264)+(((((x1+x2)-(x1+x0))aq((-10.797000*x2)+(x0*x1)))*-17.967877)+-503.913392))*0.895275)+((((((((x2+6923.507264)aq(x2-x1))*-0.000004)+-1.992446)+((((20.890000aqx2)-(x1+x2))aq((x2-x1)-(x1*x1)))*-1165.290481))*((((x2+-7.691947)aq(-5.113000-x1))+((x1-x2)*(-30.195529*-532.607919)))*(((4.345000--16.198000)aq(x2--20.798000))aq((x2*x0)+(-15.961000*x1)))))*0.000006)+(-52.287242+(-0.000000*(((-8187077.308356*((-3501.180182aqx1)aq(x0+x2)))+-1481780298.212385)*((((x2+x2)aq(-5.113000-x1))+((x1-x2)*(x0*x1)))*((-97261.793813*(x1aqx1))+(75150.335308+(x1*4958.466128))))))))))+((((0.553648*((((798313257564764129974026240000.000000*((-3501.180182aqx1)aq(0.000000+x2)))+320097852149471739070330339065856.000000)aq((-109830427352033998483226624.000000*((-3501.180182aqx1)aq(0.000000+x2)))+-39090555396690776209498308608.000000))*(-0.389802+(((-4067929516777136979968.000000+(x2*1400957949576850440192.000000))aq(-64252036587255327080965719719936.000000+(x1*39901527485980838494343610236928.000000)))*-4701827831.029040))))+152.668149)+((((((188190.277865*((x0+-15.163000)aq(x1+-3.079000)))+(((x1aqx1)*3646839.696313)+-1642953.502538))aq(-458040547390231424.000000+((x2aqx1)*581829390189913088.000000)))*62548909892112.648438)+-4115.995643)+((((-3043034880744.591797*(((20.890000aqx2)-7.786890)aq((x2-x1)-(x1*x1))))+4871352780712.163086)+0.000000)*(0.000000+(((((20.890000aqx2)-(x1+x2))aq((x2-x1)-(x1*x1)))*(-6.162903+((x2*x1)*1.657369)))*0.000000)))))+((((((((-4067929516777136979968.000000+(x2*1400957949576850440192.000000))aq((x1*-18076878670946.425781)+69114474243696.101562))*0.000002)+-1177.445734)+((((-0.013384*(x0aqx1))+0.022510)aq((x2*x0)+(-15.961000*x1)))*-5869894.714942))+((((188190.277865*((0.000000+-15.163000)aq(x1+-3.079000)))+1411458.929790)aq((x2*x0)+(((x1+x2)*-3463280084627070377787392.000000)+24779258106825310348509184.000000)))*-3896118005732582883328.000000))*1.175308)+((((-3609.053950+(((4.345000--16.198000)aq((-1429874479513.525635*x1)+5422025630914.728516))*1924897743984.261230))+(955.792162*(((-28.890453aq(x2-x2))aq((x1*x1)-(3.500000+x1)))aq(((x0--8.170000)*(x0aqx0))aq((x2*x0)-(x0*x1))))))*1.061366)+(((3.854823+(-4.149344*(((x2+x2)aq(-5.113000-x1))+((x1-x2)*(x0*x1)))))*0.908196)+((-331.190191+(((-4067929516777136979968.000000+(x2*1400957949576850440192.000000))aq((59329223808223432365047808.000000*x1)+-63736219669846471611514880.000000))*-18245705.437622))+((((3122763552644923953030103040.000000+(x1*-754956802462936855495049216.000000))+(x2*1400957949576850440192.000000))aq((x2*-315396834468132671386025984.000000)+1240193193397310580211056640.000000))*-31.615163))))))))
sbp,feynman_I_30_5,ok,3,200,0.941896,0.0429,419,2013.23,,-1255.545740+79.062993*(((0.000004*(((((((x2aq-2.975000)*(x0*x2))*((11.556000+x2)+(x0-x0)))*0.030997)+788.572852)aq(29.533386+((((((x0*-1539363.183248)*(-4.724000aqx1))aq((x0+10.508000)*(x2+x2)))*0.000005)+-0.004260)*-10.772505)))*((((((x0*x0)aq(x2*x2))*((x2-x0)aq(x1aq-7.532000)))*(((((x0-x2)-(x2aqx2))aq((x1+-6.768000)-(x2*x2)))*5153.781083)+414.063727))*-0.010806)+((((((x0+-10.030000)*(-2617540291020109381632.000000+(x0*1935560911935107760128.000000)))*(131104883477.984848+((x0aqx1)*-324908435348.762451)))aq(((173985587510459758667021726348929094223052316830580111028638449664.000000aqx2)+(x2-x2))*(-9.918713+(2.856429*(x2*x1)))))*-284334269225125214055495249166336.000000)+250.387342))))+(((((144.341245+((((x0*x0)aq(x2*x2))*((x2-x0)aq(x1aq-7.532000)))*325.543776))*((-0.001480*(((x1*1336.739746)+-3509.606001)aq(-1322.204107+(706.460234*x2))))+(((((x1*1336.739746)+-3509.606001)aq(-1322.204107+(706.460234*x2)))*0.001480)+0.000000)))aq(((((x0*(-192.739309+(x0*67.022261)))*0.012129)+0.674839)+((4563695.979065+((670412.505881*(x1*x1))*-1.000000))-x2))*((-0.000001*(((16734227.690339+(-4662013.643833*x1))+(670412.505881*(x1*x1)))-x2))+8.563747)))*-48905.792767)+(((((((((x0*-0.000000)+0.000000)*(-2617540291020109381632.000000+(x0*1935560911935107760128.000000)))*(((x0aqx1)*-0.000000)+0.000000))aq(((173985587510459758667021726348929094223052316830580111028638449664.000000aqx2)+(-62547975488003501245383130058559700159720821119507845472839532544.000000-x2))*((-120.129766+(27.574979*x1))+(2.856429*8.841753))))*-524407690511044646848328738842412439233315466624155961665791335803599885308487607276321511259562008784287995211470846164217228165120.000000)+15.855951)+(-0.000000*(((((14967524486540760406354327644375102516410806032251086286584264816517241790005248.000000+(-60330.562575*x0))aq(-1322.204107+(706.460234*x2)))*-0.000000)+0.000000)*(((((x1*5214509425031586777685879169220608.000000)+-17940937794310070475131432015495168.000000)*(-2617540291020109381632.000000+(x0*1935560911935107760128.000000)))*(((x0aqx1)*-0.000000)+0.000000))aq((652303565195658625655954539059206188382871609934076463546368.000000*((x0+0.000000)*(x0aqx1)))+((525371976655902274219020187274882484485682660745616098852864.000000*(x1aqx0))+-1401672706550584841763233874337017832141682299045720289705984.000000))))))+((-0.000000*((-105883.236029+(-823.659837*((-194.259363+(x0*67.997741))*x0)))aq(-259.709267+(460.854831*(((x0+x1)*(x2aq8.509000))*((x2*x1)aq(x2+11.607000)))))))+(((((((x0*-0.000000)+0.000000)*(-2617540291020109381632.000000+(x0*1935560911935107760128.000000)))*(((x0aqx1)*-0.000000)+0.000000))aq((652303565195658625655954539059206188382871609934076463546368.000000*((x0+0.000000)*(x0aqx1)))+-310765918038419392187271243328938871677031957973970483937280.000000))*1666291686763560185004642800858653590585610241827370952420240097532525842134082455371882862024770081237637501958481010053087232.000000)+((-0.000040+(-0.000000*((24.956943+(-6.952975*x1))*((x1*54.227750)+-208.457187))))+(76627385086447156461568.000000*((((x0*-5597023766361476277310399740635240202240.000000)+10195542156572527387884748090268062842880.000000)*((0.000000*x0)+-0.000000))*((0.000000+(x1*-0.000000))+-0.000000))))))))))
sbp,feynman_I_32_17,ok,6,200,0.967713,0.747662,397,2011.2,,-53325.868521+-0.000000*(((((((-8774135991.962835+((-6247225157.818182*0.734462)+13362488086.628382))*((8377.085060+(-5546.549802*(((x4+x1)aq(x5-x4))*((0.000000-x0)+(x2+x4)))))*(((((x4*4.495395)+20.251941)aq((x2*x0)*(x1+8.214000)))*727797.773621)+-828688.340436)))*0.000000)+-1225633.893873)*(((((2911083115.944553*(((x4+x1)aq(x5-x4))*(0.000002+(-0.000002*(x5aqx4)))))+2288.040325)+(((-2399.695023+(((x4+0.000000)aq(x5-x3))*618.354210))+(2207.213936*((x3*4.710000)+(9.379000*x0))))*((((x2*x5)+(x3*x4))aq((x5*x5)aq(x4+x5)))*(((x4+x1)aq(x5-x4))*(-0.039878+(0.051087*(x5aqx4)))))))aq(x1-(61.720781+(-5.780939*(((x5+11.474000)-(x0-x3))+((x0-x1)-(x4*x3)))))))*((0.000005*(((420.437571*(((x4+0.000000)aq(x5-x4))*(-0.908112+(x2+x4))))+-170.773265)*(x2*((((x4aqx5)*349.557318)+-83.892348)+(-1.799728*((-21.714000aqx5)*(x4*x3)))))))+0.699269)))+(((((0.232943+((((83677.122594*(x4aqx5))+-17930.707059)+(2207.213936*((x3*4.710000)+-13.082159)))*((0.037167*((x5aqx4)+(20.834000-x2)))+-0.819223)))aq(x1-(61.720781+(-5.780939*(((x5+11.474000)-(x0-x3))+((x0-x1)-(x4*x3)))))))*((-5.949685*(((-4.157165*x0)+8.607383)*(-2.672082+(3.199784*x0))))+25.699356))*343726.220000)+((-3632595.112203*(-0.003122*(((0.013612*(((x2*x5)+(154923.133101*x4))aq(10998.343775+(x4*-5526.312499))))+-426.689278)*(((x2*x5)--143.710579)aq(((x4aqx5)*-73.650754)+45.818169)))))+((((((-4227282630382.832520*((0.000000-x5)aq(x0+x4)))+-5135361943248.373047)aq((-1234507.372548+(370377.263163*x5))aq(x4+x5)))*((((-48.543072+(15.057989*x5))+x1)aq(x5-(6483226.525904+(x5*-2153694.106431))))*(-0.039878+(0.051087*((x4*-13.160309)+17.794920)))))*279680.420156)+(((545964.351807*(((-0.018994*(x0+x2))+0.069968)*(-0.039878+(-2760.542851*(x5aqx4)))))+-5837686491080.964844)+((-0.000000*((-3039926248355758342144.000000+((x5aqx4)*1423674441090208628736.000000))*(308295858.146738+(-137634075.712323*(x0*x3)))))+((((14572.762268aq(x5-1.430476))*((-2496707.610593*x5)+2539208.995589))*-0.056797)+-5839964278281.016602))))))))
sbp,feynman_I_32_5,ok,4,200,0.990116,0.094653,307,2054.57,,0.008654+-0.001082*((((((((((((x0aq-0.435000)*(x1-x3))*((x1*x0)aq(x3*x3)))*(-20.077716+((4.241000aqx3)*13.962323)))*0.000481)+0.010836)aq((x2+x2)*(3.349000+x3)))*-49001.522598)+-35.389103)+(241.923138*((((((x0aq-0.435000)*(x1-((0.000000*0.000000)+-3.158994)))*((x1*x0)aq(x3*x3)))*-0.463819)+1.045765)aq((x2+x2)*(3.349000+x3)))))+(((((-0.000000*((((-743.726686-x3)-((x3*793.165995)+-2406.766530))aq(175861.244731+(-183812.661984+(x3*4979.764011))))*(20498596215485.207031+(-16015797125458.779297*(x2aqx0)))))+((((-7442.173415*(x2aqx3))+51355.761294)+(((x1*x0)aq((x3*7286527918.143290)+-12788451517.424553))*1503274355170.948486))+(2.368399*(((187.850766+(x3*-110.322501))+-13.305870)*(((54.040890aq-0.435000)*(x1-4.018871))*((x1*x0)aq(x3*x3)))))))*((-0.000000*(((-19436971224639270289408.000000*((x1*x0)aq(x3*x3)))+(((x0aqx3)*48531651577504352698368.000000)+-21124598402054040322048.000000))*(((3633353225097188191317132312576.000000*(x1aq0.000000))+-2542826957627613428303007842304.000000)aq(x3*(900931619.064262+(x2*-360887580.752090))))))+0.000829))*1.012692)+((0.000672*(((((((x0aq-0.435000)*(x1-x3))*((x1*x0)aq(x3*x3)))*((-1.772434*(0.000000aqx2))+1.944150))*-2717.246102)+-14090.382501)aq((((((x0-x1)aq(x1*-4.455000))*-8845.073738)+-7.648198)+81.794183)+10.418901)))+(((19026066.773732*((-57.450430+(63.941936*((x1*x0)aq(x3*3.900708))))*(((-1.037179*(x0aqx2))+-0.000541)aq(x3*(900931619.064262+(x2*-235070675.048496))))))+(2.791114+((((1545.871710+(x0*-511.682944))aq(-1866.297499+(x0*926.578755)))*(((x0aqx3)*-103.105859)+57.345868))*0.025725)))+(2.010266+(0.000000*(6535977615227799899996160.000000+(((-621585687863933.750000+(x3*417564677001728.250000))aq((x3*7286527918.143290)+-12788451517.424553))*-166231011872868958208.000000)))))))))
sbp,feynman_I_34_1,ok,3,200,0.862061,0.624105,439,2004.63,,-83.178913+0.001156*((((((((((((x0aqx1)*-57582956.045362)+149171165.266683)aq((x0+x2)*(x2-x0)))*0.000000)+808.186412)+(((x2+x0)aq(((3500.241032*x0)+-16390.382047)--44.889000))*-130.305988))+(x2*((79.039085*((x1aqx0)*(x1aqx0)))+((-0.086719*(((x1*x1)*(x2*x0))aq((x0+x2)*(x2-x0))))+(23.504329+(-8.945194*((x2aq27.240000)aq(x0+-5.767000))))))))*(((((((-5789.733915*(x0aqx1))+11292.248901)*(x2*x0))aq(-181368.576702+(-63554.243071*(-1.405725*(x0aqx1)))))*-0.000028)+(0.071719+(0.000082*((((x1*x1)*(x2*x0))aq(23.023460*(x2-x0)))*((2.699786*(x0aqx2))+-3.573225)))))+(((((17258.220753*((0.000000+9233.507400)*(x2*x0)))+13738030.933707)aq((x0+((x0*1224.014920)+-4183.661708))*(((x2aqx0)*-32368.259251)+44324.935409)))*-0.000000)+((((((x1*132.108156)+-215.295059)aq((-7.584000+x0)*(x0+x2)))*(((x2+0.000000)aq(x0*x2))+((x2-x1)-(0.000000*x0))))*0.000014)+(0.071957+((((x1*19.073000)+(-39.122000+-16.636000))aq((-290.491010*x2)+1313.934083))*0.000099))))))*307.205012)+(((((((-1096797167058.201782+(24039.060187*(46376397.288436*(x0aqx0))))aq((-1262262179.465142+((x2*x0)*114497948.506104))+(-63554.243071*(-1.405725*(0.000000aqx1)))))*0.001839)+(((((-91.011532aq(3.445258-x0))*0.598670)+10.937851)*0.013357)+(605.588199+(-0.000211*(((x2aqx0)*-32368.259251)+((x2*5682.946314)+-753.670923))))))*((((((-5789.733915*(x0aq0.000000))+11292.248901)*(((136.653707*-2.139896)+-636.031106)+((x2*x2)*256.126503)))aq((x0+x2)*((17857643608137.746094+(x0*-2168336453016.220947))-x0)))*-1.242345)+(0.006462+(((((x2*181634.353368)+-857179.780879)+-34459.940620)aq(((x0*1686.716376)+-6037.262397)*(629.667499-x0)))*0.000003))))*9249.611755)+((((((648.473808+(-3.421404*((x0+x0)*(x2*x0))))*((-6.178935*((x2aq0.000000)aq(x0+-5.767000)))+0.296945))aq((x0+x2)*(6954898177340600917816246272.000000+((39.781355aq(x0+-5.767000))*-191507439327404158370185216.000000))))*-72555334184634376333033472.000000)+-10.800403)+((-0.000000*(((-12520674828739302742704864227977198425820053532311552.000000+(((x1*x0)aq(x2-x0))*6041959074457094927266627459304664456630293195915264.000000))*((((-212865451137433.593750*0.000012)+-4064112343.317648)*6656310862.141117)+-104654140137.302856))aq((-3007297424802877745922048.000000+(((x0+x0)*(x2*x0))*21243919460035563880448.000000))*((-6954903756277967027750043648.000000+((x2-x1)*7173951116057624182784.000000))+((39.781355aq(x0+-5.767000))*-191507439327404158370185216.000000)))))+((-0.000000*((-87438322.847809+((19513679452.930126+(-11405690729.511263*x1))*1318888.621638))aq(-181760.901820+(-5377.990519+(87480.933205*(x0aqx1))))))+-25.595978))))))
sbp,feynman_I_34_14,ok,3,200,-0.071587,1.226349,649,2051.13,,114.148227+97.118569*(((0.000512*((((330.246105*(((((x2*-43.120000)+(x1*0.000000))-((-8.280000-x0)+(x2aqx1)))+((-66.036524+(x2*102.310273))aq((x2+x1)+(x2-x0))))aq((((x2aqx2)aq(x2+x1))-((-41.726000aqx2)+(x1*x0)))*(((35.099000-x1)*(49.750000aqx1))*((x0+x1)+(x0aqx0))))))+35.595688)+(((0.571170*((((6.088000-x1)*(x1+x1))-((x0-5.338000)-(19.652000--7.389000)))aq(12.196788+((x0-x2)*27.042767))))+-18.897428)+(0.938036*((((x0-x0)+(x1aqx2))*((x2*x1)*(40.133000aq-13.970000)))aq(((3.116000*x1)*(x0-6.107000))+((x0+x0)aq(x2*34.239000)))))))+(x2*((6.205132*(((((6.088000-x1)*(x1+x1))-((x0-5.338000)-(19.652000--7.389000)))aq(((28.542000*x0)*(-9.979000+x1))aq((x1*x2)-(x1aqx0))))+((((0.000000+x1)-(x2-x2))-((x1*-12.779000)aq(x0aqx1)))aq(((x1*x1)-(x0*x0))+((x0-x2)aq(x0+-42.341000))))))+22.052509))))+((0.005236*(((((((x2*-43.120000)+(x1*10.421000))-((-8.280000-x0)+(x2aqx1)))+(((x1aqx1)-(x1+x1))aq((x2+x1)+(x2-x0))))aq((((x2aqx2)aq(x2+x1))-(-416.307617+(36.442620*(x1*x0))))*(((35.099000-x1)*(49.750000aqx1))*((x0+x1)+(x0aqx0)))))*-149.470406)+((((((6.088000-x1)*(x1+x1))-((x0-5.338000)-(19.652000--7.389000)))aq((-81962.569147+(x0*27255.666044))aq((x1*0.000000)-(x1aqx0))))*-3.934387)+((((((6.088000-x1)*(x1+0.000000))-((0.000000-5.338000)-(19.652000--7.389000)))aq((-284743.187649+(x0*74066.840926))aq((x1*x2)-(x1aqx0))))*7.818863)+(((46998.463569*(-0.000234*(x0aqx0)))+10.936806)+(-564918844.082393*((-0.000000+(x0*0.000000))aq((x2*-3302.365802)+15325.862485))))))))+((((((((x2*-43.120000)+(x1*10.421000))-(116.359494+((x2*x1)*-96.684864)))+(((x1aqx1)-(x1+x1))aq((x2+x1)+(x2-x0))))aq((((-9.839876*(x1*x0))+95.999255)-(-416.307617+(36.442620*(x1*x0))))*(((35.099000-x1)*(49.750000aqx1))*((x0+x1)+(4.689722+(x0*-2.010513))))))*0.005087)+((((((-218.477562+(x2*113.395986))+((x2aqx2)*250.361941))aq(191382.352906+(-200467.885730*(x2aqx2))))*0.001604)+-1.184785)+(-0.001521*(((((x2*-43.120000)+(x1*10.421000))-((-8.280000-x0)+(x2aqx1)))+((-66.036524+(x2*102.310273))aq((x2+-5.134607)+(x2-x0))))aq((((x2aqx2)aq(x2+x1))-((-159.976263*x2)+338.604523))*(((-41.726000aqx2)*-0.861446)+-7.033750))))))+((-1444717022540153600.000000*((11212658858.722309+(-11212658858.776114+(0.084641*((x1-x2)aq(x0+-5.990000)))))aq((((-4200.592531+(x0*395.573581))aq(x2+x1))-(-416.307617+(36.442620*11687489474007534.000000)))*(5263.625696+(((x0-x2)*(0.000000-x2))*404.322788)))))+(((((((x2*-43.120000)+(x1*10.421000))-((-8.280000-x0)+(0.000000aqx1)))+((4.685884*(x0*x2))+9.963440))aq((((x2aqx2)aq(x2+x1))-((-41.726000aqx2)+(x1*x0)))*(((0.000000-x1)*(49.750000aq0.000000))*((x0+x1)+-8.015482))))*-0.001120)+((0.000943+(0.000000*(((x0-x2)*(0.000000-x2))*((x0*-269.872173)+2650.507456))))+((((-14397.988096-(x2-x2))-((x1*-12.779000)aq(x0aqx1)))aq(((312.913311*x0)+-1505.551732)+((x0-x2)aq(x0+-42.341000))))*-0.000004))))))))
sbp,feynman_I_34_27,ok,2,200,0.919687,0.249806,411,2042.85,,0.111292+0.000000*(((8738685220251.840820*((x1*(x0*((((-194386807075725855969586970624.000000*((13.500000+x0)+(5.846000-x0)))+3760607169686992283909052432384.000000)+-108568422553084.000000)+-4722329988071970.000000)))*(-0.000000+(((-7395887511418233868282494976.000000*(-19.346000+(-0.000000*((-14.371000+x0)*(x0+x1)))))+-143080839795897166658866774016.000000)*((-0.000000*((((x0+x0)-(x1-x1))-((0.000000*0.000000)aq(x0aqx1)))aq(((x1*x0)-(x0*x0))+((x0-14.255000)aq(x0+0.697000)))))+(((((x1-2.746000)*(x0*13.472000))+((x0*x1)-(15.416000--0.913000)))*0.000000)+(-0.000000+(0.000000*((13.500000+x0)+(0.000000-x0))))))))))+((((-51257140204693.664062+(9813964178446.207031*((((x1*x1)-0.503688)*(-1.907131+(x1-x0)))aq(((-5.520000-x1)*(x1aqx0))+(11.452488-(x1+x1))))))*((-208119.966948+(-883747.157205*(((-2951.475502*(x0-x1))+-2.598661)aq(((x1-2.746000)*(x0*13.472000))+((x0*x1)-(15.416000--0.913000))))))*(((283448428140940128.000000*((13.500000+x0)+(-41.846548-x0)))+8034784494777717760.000000)*(((-1474856.560147*((x1+x1)aq(14.687000*x1)))+200888.573682)+(((6.548000*-19.185000)*(x1*x0))-((x1*x1)*(-16.107000+x1)))))))*0.000000)+(((((146.826752*((((x1aqx1)aq(x0-5.579000))aq((x0aq-20.728000)aq(x0*-18.903000)))aq(((x1-2.746000)*(x0*13.472000))+((x0*x1)-(15.416000--0.913000)))))+-38.248242)*((-334716249032391936.000000+(((x1*0.000000)+-19.346000)*-17301573918763146.000000))aq(((-5.520000-x1)*(x1aqx0))+(11.452488-(x1+x1)))))*1721708425.982774)+(((((-0.612847*(((x1*-968284570473.862915)+243964441453.204102)aq((x1*x0)-(x1*x1))))+72983466881.202393)+(((-285.716670+(32.603217*(x0*x0)))aq(((-5.520000-x1)*(x1aqx0))+(11.452488-(x1+x1))))*6584638228.857441))+((((-390912779.168079+(1486429461.387392*(x1aqx0)))+(-4301820654.744780+((x1aqx0)*14343989278.571487)))aq(((-5.520000-x1)*(x1aqx0))+(((232.332996*x0)*-2402888.385718)+2659107816.988492)))*-7159630252.627460))+(((((-390912779.168079+(38266289366.193344*(x1aqx0)))+(-4301820654.744780+((x1*1908638876600.045654)+-4281964145844.252930)))aq(-738719146.676854+(-348917787.024423*((x0-14.255000)aq(x0+0.697000)))))*12270266.634813)+((((((13.500000+x0)+(0.000000-x0))*24162968366578772.000000)+-326200072948813440.000000)*23949896038.926231)+(((((x0aqx0)aq(x1-x0))*((0.000000*x0)+-35.584542))*72449835798.855896)+(3750640870909661584268722176.000000+(((x1*-243073538086.504517)+-3106400413333195332452876288.000000)*1.207391))))))))))
sbp,feynman_I_34_8,ok,4,200,0.74404,6.676517,403,2017.4,,-4.975223+-4.078658*(((((((((x0*-4.775000)aq(x3+x3))*((x1*x2)aq(-13.462000-x2)))*13.031665)+10.353714)-((((((((x0*7778106128749.248047)aq(x3+x3))*((x1*x2)aq(3411085254331.982910-x2)))*169220757700310447685632.000000)+-3655330338262999850024960.000000)*((((x0*-4.775000)aq(x3+186914209867910329125181865734881275428460003354586037309471484506354995376142833156096.000000))*((14693512227456.082031+(-5436283771952.675781*x2))aq(-13.462000-x2)))*((((x0*x2)*(x1aqx3))*-34958253940.212738)+252311375902.425232)))*((((x0*-90123219963.011490)aq((1752888450828054082791021740032.000000*x0)+-2747829575855988772652344934400.000000))*-282286724488559308164811895933532165624620769832394031104.000000)+-76979019253688871328685156712457437184.000000))+((-0.000000*(((x0*18820283578.829002)*(x1aqx3))*((-27908722775.117249*x2)+143222294634.076355)))+((((((265.391955*x1)+-592.395203)*((358073101428.773682*x0)+-1366359008048.534668))*(((x0aqx3)*-0.000000)+0.000000))*-0.000000)+((-4.188692*(((x1aqx2)+(0.000000+0.000000))aq((11.472000*x3)-(x2*x0))))+0.921743)))))*0.131651)+(((((569154237014891382508672253952.000000*(((-0.000000*(x3*x0))+0.000000)*((x1*x2)aq((-581151431399020800.000000*x0)+2707863500506377216.000000))))+0.039042)+(((((((x0*-90123219963.011490)aq(x3+x3))*((x1*x2)aq(-13.462000-x2)))*-0.000000)*270.935546)+(533.864433*(0.000000*(((x0*-90123219963.011490)aq(x3+x3))*((x1*x2)aq(-13.462000-x2))))))*-27840075300.477615))+(((-1.660552+(-1583908527915896143872.000000*((((x3*x1)*-0.223613)+0.512792)aq((137974737242530653405184.000000*(x3*x1))+-635512607093158351732736.000000))))+(((((x1*x2)aq((x3*119813462965207184.000000)+-155925417446018848.000000))*-0.000000)*670644349445793711665819768848384.000000)+0.361676))+(-0.000000*(((((x1*x2)aq(-80431632636161.750000+(40340860977206.531250*x1)))*0.000000)+-0.000000)*((((x0*-4.775000)aq(x3+x3))*((-767502964330237470420451891907218102653045050828220722111025330822729786922224138903933522342853995069964288.000000*(x2+x0))+5379323763018856337470490323075211884046467254956170857703330520463917874193134584845637048943773916682256384.000000))*((((x0*x2)*(x1aqx3))*(139087269544748638567414085457808103162412346682756811615800082902525678849725870408934819402544602786299904.000000+(x0*-36536587955457276592337442294831848749913248078378359417377823106518422999966300891920308891467534349369344.000000)))+252311375902.425232))))))+(((((((x1*x2)aq(3411085254331.982910-((-580171485116.454834*x0)+4190429485561.621094)))*381697484.329734)+(((((-3.000222*x2)+123362309388187201314478265728251901586995366854656.000000)aq((-100637186471488608.000000*x1)+426154333678924928.000000))*-0.000000)+0.044757))*0.990236)+(-0.732608+(((((150448.721996*(x3aqx3))+-131886.798873)aq((-1336153048750940527408447488.000000*x0)+5125117071043952451977740288.000000))*((x1*x2)aq(3411085254331.982910-((x3*-16977709183795.417969)+41313938904408.296875))))*3934040741011923006618682655768576.000000)))+((0.842894*(((-0.393580+((x1+x2)*-0.025239))+((((x2*0.000000)+-0.000000)aq(2966129267664959488.000000+(-701980915943669120.000000*x0)))*5262072292783924772923961769984.000000))+(0.557672*((0.758346+((x1*x2)*-0.052857))*((-8.135920+(x1*2.103501))aq((11.472000*x3)-(x2*x0)))))))+-0.203940)))))
sbp,feynman_I_37_4,ok,3,200,0.963383,0.638358,235,2059.46,,-22.991910+-0.009942*(((((((((0.685315+(-1.398569*((x2aqx0)*(x2aqx0))))aqx0)*(x2aqx0))aq((x0+x0)-(9.275000+-16.136000)))+(((((1.000000*(-21.857966+(1.999656*x0)))+-21.859455)-12.550000)*(x0+x1))*((-21.809000+x0)-(x0+x0))))*((((-29.950233+((((x2+-24.257000)*(-10.421000-x2))*(-0.131207+(x2*0.003210)))*-0.905874))*(x2-((((x2+-24.257000)*(-10.421000-x2))*0.132907)+((-0.002636*(0.000000*x2))+-33.419889))))*-0.102299)+(-0.227948+(((-259181564274.073975+(-1040608277021.344727*((2.046000-x1)aq(x0*x0))))*((7765972.801360*(x0aqx1))+-8958995.642855))*0.000000))))*0.854609)+((-63148.719063*((-0.170125+(((x2aqx2)aq(x2+(((x2*x2)*-0.154909)+2.246165)))*0.709354))*(((x2aqx0)*(x2aq((-347.648439*((6.046000aqx2)+(-7.048000+x2)))+-431.245894)))aq((-253.546247+(-40.865031*((-20.853000aqx2)+(x0-x2))))-(9.275000+-16.136000)))))+(-1863.809755+((-0.000059*((((((x2*0.020149)+0.006645)aq((-791.507492*x0)+6825.306854))aq(x1-x0))*593366.476872)+((-52.780588*(((x0aqx2)aq(x1*x2))*((x2-6.819878)aq(x2*-22.470000))))+-131.440241)))*(((((-96.765631aqx0)*(x2aqx0))aq((x0+x0)-(123.707210+((x2aqx0)*-292.863379))))*-1812.636194)+-63822.507506))))))
sbp,feynman_I_38_12,ok,4,200,0.982705,0.160537,403,2009.31,,-14.700257+0.022444*(((((0.111461*(((x2*3.265000)*(x2*x3))*((-4.084000aqx1)aq((9.624311*((0.134958*(x0*x1))+17.164219))+-165.847371))))+((1.844302*((1.492534*((((2.297000+x0)*(x3aqx0))-((x1+0.000000)-(0.000000*x2)))aq((769.429292*(x0*x3))+-3611.390983)))+((-0.067620*((x2+x1)aq(x1*x1)))+((-0.080876*((x2aqx0)*-0.707906))+0.000804))))+((-0.000000*(((((x3aqx1)*-44380852525417947136.000000)+33047138268183707648.000000)-(((11801874522.342274*0.000000)+-26174080239.347862)-(x0*x2)))aq((7669.248390*(x0aqx2))+-4723.990578)))+(((((-7677.802977+(x2*1593.658859))aqx1)aq(73.248828+(-15.656415*x2)))*-0.002459)+(((((798.857773*x0)+-2390.420330)*((x2+x1)aq(x1*x1)))*-0.000047)+((((-2.391197+x1)aq(x1*x1))*0.091679)+(-2.794591+((x1*0.000000)*-0.003982))))))))*-13.498409)+((((0.000000*(((((-129688825981098354802688.000000+-115833165023202245324517128437497856.000000)*(x3aqx0))-(1592671422571789102959466382090795346887949691125760.000000+(215004570136187754350868866511363112960.000000*(-7407616598862.971680+x1))))aq(((489358822203249788426044109284226440888320.000000*x1)+-972761194068350077140402318812818700238848.000000)+-4723.990578))*((((-222.626371+(46.246586*x2))aq(73.248828+(-15.656415*x2)))*16365948062746.117188)+46115421465865.296875)))+((((-335330064659567176524698222592.000000+(((x2+0.000000)aq(x1*x1))*535204767900014495876996136960.000000))aq((-27746550288799453516615068418048.000000+(55494116796525965335789035323392.000000+(x3*-13287743931539493071910625869824.000000)))+-4723.990578))*-0.505393)+-36.792357))+(((-0.000000*((((-3560196582908868689920.000000*(-5791046.385131+x1))+-20617256952111825347911090176.000000)aq((769.429292*(x0*x3))+((x1*14641557232.797920)+-27892643493.641010)))*((((x2+0.000000)aq(x1*x1))*-0.081972)+0.042169)))+305.627760)+(-0.000000*((((-1002865038895697756160.000000+(562014917664992460800.000000*x1))+9.344197)-(1754033779847938620698656768.000000+(302887292378151452672.000000*(-5791046.385131+x1))))aq((769.429292*(x0*x3))+((316960069225.740723*x1)+-509470376839.194946))))))+(((-0.000285*((1947.211422+(-1022.048354*(((x3aqx1)*-1.124922)+1.119229)))+((((-7677.802977+(x2*1593.658859))aqx1)aq(((-1411.993495*x2)+6750.587637)+(-15.656415*x2)))*-4392.947243)))+117.856040)+((116.367123+(((((-17578789044708169686083196790326329644132315878793014454786380005376.000000+(x2*2608889061270249930562429371199410518527470626982763774003464110080.000000))*(x3aqx0))-(((x1-738316.857212)*-3158190248087480600828902132972573597536073496314104512512.000000)+(-57548537197424410956361897934609840107114139954189996628118343892381552607232.000000+(0.000000*x1))))aq(-179047821479363852047866227155015654444225565643714456453120.000000+(312483172269998073565507045565941012902404731731962681622528.000000*((x0aqx3)aq(x1aqx1)))))*0.000000))+(116.666687+(-0.000000*((((2054748980967531178098688.000000+(x2*11583843424296962487222272.000000))*(x3aqx0))-(((x1-738316.857212)*-3158190248087480600828902132972573597536073496314104512512.000000)+(-57548537197424410956361897934609840107114139954189996628118343892381552607232.000000+(0.000000*x1))))aq((972761194068350077140402318812818700238848.000000+((x2*-54496731443249792620686472154803844897563843226328448892928.000000)+10446698585522628507375193168252657456460931419274351084568576.000000))+((26027705953370304019231508448413440622837073504510243999760515072.000000*(x1aqx2))+-14543451425352119603048094447572808194176320920932434099960807424.000000))))))))))
sbp,feynman_I_39_1,ok,2,200,0.920786,2.431072,581,2023.04,,0.658324+0.000015*((((1190.641403+(0.000008*(((-6846367347944.410156*(((-51871465.420681*(x0*x1))+241887994.566271)*(((x0*x1)aq(x1-x0))aq((x0*x0)+(-22.231000+x1)))))+-631041120758900.250000)aq(((127146784022.458679+((689059.205038aq(x1aq-19.617000))*-184448.740682))*(380676.968281+((67925851.973901*x1)*(168799201.395737+(0.001667*x1)))))+((40709992077.420502*(((x0+0.000000)aq(x1-x1))aq((x0*x0)-(8.716000+x0))))+(-21922138700066645881126912.000000+((645553784872203520.000000*(x1*x1))*14262417.224837)))))))*((((-0.388403*(((-18.214264*((x0+-0.154000)*(x0*x1)))+155.282581)aq(((-3.526000+x0)*(x0*-20.419000))+((x1aqx1)*(-10.201000+x1)))))+19.975514)+(-93.072614+(0.221691*(((((0.000000aqx1)+(1.722000+-23.362000))aq((x0--10.885000)aq(x1-x0)))-(((0.000000aqx1)*(x0*x1))+((23.826000*x1)*(x0+7.350000))))aq((((x1+x0)+(x0-x1))aq((2.334000aq8.623000)-(x1*x0)))*(((-7.646000-x0)*(-5.340000+x0))aq((2.521000aqx1)+(-23.120000+24.496000))))))))-(((((9.597000*x0)aq(-4.354000+x1))+((x1*((-2.981960*(x0+-16.786000))+-50.136012))-(-1.740255+(-22.140543*(x1*x0)))))*-4.266882)+((0.054277*(((((x0*x0)aq(x1aq-19.617000))+((x1+x1)aq(-15.042000*x1)))aq(((-3.526000+x0)*(x0*-20.419000))+((0.000000aqx1)*(-10.201000+x1))))*((((13.450000aqx0)-(-14.641000-x0))*1631.360645)+-35331.642293)))+((((((x0*x0)aq(x1aq-19.617000))+((0.000000+0.000000)aq(-15.042000*x1)))aq(((-3.526000+x0)*(x0*-20.419000))+((x1aqx1)*(-10.201000+x1))))*-16.248019)+((-0.031794*((57.174627+(-30.385959*x1))*((x1-x0)*(x1+0.000000))))+(65.005274+(-8.149827*((13.450000aqx0)-(0.000000-x0))))))))))+(((12239.474861+(((80827607942718194112872803467264.000000+(-117450415637862185506717132914688.000000*(((x0*x1)aq(x1-x0))aq((x0*x0)+(-22.231000+x1)))))aq((4.109911+((x1*x1)*-0.199481))*((-5549522320.776270*(-1627757179.440610+(x1*352335747.340836)))aq((2.521000aqx1)+(-23.120000+2582.618183)))))*0.000000))+(((((((-148356257276.952362*(x0*x1))+671600292585.098022)*x0)aq(x1aq-19.617000))+((x1+(((x1*x1)*1401224350.712695)+-8629170767.523964))aq(-15.042000*x1)))aq(((-3.526000+x0)*((((x1*x0)*(0.000000*x0))*9186.056850)+-367361.310208))+((40709992077.420502*(((x0+0.000000)aq(x1-x1))aq((x0*x0)-(8.716000+x0))))+-22514738758.518608)))*1.541224))+((-0.000000*(((-6846367347944.410156*(((-16.542929*16.422269)+(-9936027.716931+(x1*4763539.843627)))*(((x0*x1)aq(x1-x0))aq((x0*x0)+(-22.231000+x1)))))+-631041120758900.250000)aq(((-3.526000+x0)*(380676.968281+(3720608413.596776+(-387669242.190368*(x1*x1)))))+((40709992077.420502*(((x0+0.000000)aq(x1-x1))aq((x0*x0)-(8.716000+x0))))+-22514738758.518608))))+((((((-5549522320.776270*(-1627757179.440610+(x1*0.000000)))aq(((-1684675491072475463742914560.000000*x0)+7415712725311540028797616128.000000)+7059694.726393))*150601816383.490967)+-2546.706961)+(((-0.004771*(((1253447929.119791+x0)*-22279405310186.140625)+((x0*22279405369487.371094)+27926074448073285697536.000000)))+19891.074090)+(((-5549522320.776270*(-1627757179.440610+(x1*0.000000)))aq(((x1-x0)*-3287181.043694)+7059694.726393))*0.000000)))+(((((0.000000*(-260.141844aq(x1-x0)))+0.000010)aq((-19850866.748134+((x0*0.796282)+19850864.337227))*((7923876.224115*(x1*x1))+-41803143.491168)))*-2591355642398735.500000)+847.306275))))))
sbp,feynman_I_39_11,ok,3,200,0.970216,0.55872,397,2016.23,,-0.166695+-0.000001*((((((53.690518+(((-683.420156+((-3644268.099817+(6871.546544*x1))+((x2*x0)*-539694.869910)))aq((-192.885958*((-24.008000aq23.495000)aq(x2-x0)))+-92.249924))*-0.000001))+(((((((x2*-1549.772176)-(x2aqx2))aq((x0-x1)*-96.105901))*(((x2*x1)*-0.000025)+0.000384))*168152.263348)+1040.350238)*-0.000018))*(x2*((((x1aqx0)aq(x0aq-0.585000))*8.951926)+(((((x0*x1)-(x0-x0))-((x1+x2)*(x0aqx0)))*0.035976)+(((((x2*x1)-(0.000000aqx2))aq((x0-x1)*(x1aqx0)))*-0.015004)+(0.924151+(((x1+0.000000)+(8.913000aqx1))*-0.096433)))))))*-8213.087919)+((3298.423028*((((-683.420156+(-0.533424*((-5267.562966+(1407.354723*x2))aq(x2-x0))))aq((21400385.628995*(((7.580077*x0)+-39.750573)*((0.000000+x0)aq(x2aqx1))))+842645280.283045))*156006.326744)+(((((((x2*-1549.772176)-(x2aqx2))aq((x0-x1)*-96.105901))*((226.562951*(4.654449aqx2))+((x0*110.717062)+-737.353808)))*0.000986)+-12.841545)+(0.027320*((-3673655.210262+(((x0+x1)*-4824435379.409127)+28273850750.180809))aq((-127924.261181*(1233.759389aq(x2-x0)))+149634101.664445))))))+((421302363.273971*((((1.333499*((-2.687241+(x1*-29.826215))*((x0+x2)*(x0aqx2))))+890.428414)+(-1.437854*(((-466.164349aqx0)+(x2-x0))*((x1+x1)*(x2aqx0)))))*(((((-24.008000aq23.495000)aq(x2-x0))*(76247.384255+(0.007498*(x0aqx1))))+-34040.569177)aq(((6608994418562.173828+((x0*x1)*-985310397388.797852))*((-24.008000aq23.495000)aq(x2-x0)))+-92.249924))))+((((((940361071704793472.000000+(48528822415342955145394651136.000000+(x1*-6510659674632310243687661568.000000)))aq((817996927273818565266543318401301694870852646993920.000000+(-204538524035029588886481672311786480410502746865664.000000*x0))+(x0*9118.132788)))*-55019716632910206337024000.000000)+42505.431029)+(((((824052752165864996864.000000*0.000000)+3673655.210262)+((-98223878206165.046875+(27341748080086.406250*x1))+28273850750.180809))aq((-127924.261181*(1233.759389aq(x2-x0)))+(159148870.733665+(-29625775.469163*(x0aqx2)))))*-0.000383))+(((-272940.828027+((((x0*9.709783)+-19.958788)aq((x0*376.099461)+-785.319827))*10483789.674662))+((((-466.164349aqx0)+((x0*-38.371041)+266.786310))*((x1+-3.309008)*(x2aqx0)))*6386.146745))+((((3636.205289*((x2+0.000000)aq(x0*x0)))+-447.515625)aq((((x0-x1)*(x1aqx0))*-8532205.915318)+5478477.442057))*-72548646.721463)))))))
sbp,feynman_I_39_22,ok,4,200,0.95706,2.07885,401,2005.81,,145.753506+0.764934*(((((((42515.888453+(24606.648948*(-1.872151+((x3aqx3)*0.150079))))+-504.452886)*0.000000)+((0.001572+((((((x3aqx2)*(23.232878*x1))*(-0.008459+(x1*0.001899)))*(756917.163355+((x1+x2)*-144968.529266)))*(-0.046668+((0.229812+-0.412957)+(0.243162*(x3aq0.000000)))))*-0.000002))+9.028980))*(((0.002957*(3.797534*(((-0.887779*((x3-x2)*(x1aqx2)))+2.237836)*((0.881091*((x3-x2)*(x1aqx2)))+-2.149937))))+-1.460640)*((x2aqx2)-((-1.044769*(-1.716390+((((x3aqx2)*(x0*x1))*(27.868091+(x3*-0.226745)))*-0.003571)))+(((((2.065136*x2)+-4.429115)*((x3-x2)*(-5.978753aqx2)))*0.004828)+-1.753942)))))+((-3.458778*(((-0.014896+((835.168322*(((x2*-0.000440)+0.009170)aq((452.629973*x0)+-1362.017670)))+(51.925055+((x1+x2)*-0.057070))))+(((((x3aqx2)*(9.410150*x1))*(-0.008459+(x1*0.001899)))*(((x1+x2)*476622.499897)+-2499842.551619))*-0.000002))+((-0.000080*(((((x3aqx2)*(23.232878*x1))*(-0.008459+(x1*0.001899)))*(((x1+x2)*476622.499897)+-2499842.551619))*(-0.046668+(-0.183145+(0.243162*(x3aqx3))))))+((-22.512115*(((-1.498498+x0)*(1454.793348+(-373.629618*x3)))*((0.000004*(x3-x2))+0.000006)))+((2.247351*(((x3aqx2)*(x0*x1))*(-0.008459+(x1*0.001899))))+0.005597)))))+((-0.000000*((((745792943.057548*(9158.905901+(0.002939*(x3*x1))))+-6830660982740.748047)+((-3295.604655+(17037.902614*((x3aq4.700851)aq(x1-0.000000))))*((((x3-3.971109)*(x1aqx2))*((x2*1861.479451)+-4888.283943))*(((x3--1057.250826)*39601.609233)+-41938249.947567))))*((-9158.923371+((589.258326*((0.000000aqx1)*38588552742382.109375))+((2673908755050171392.000000*(x0aqx1))+-2534833452391905280.000000)))aq((-67243880189211.000000+(8269901230115.118164*((x3aq10.663000)+(x1+x0))))+-3316639853586.240234))))+((0.012493+(-0.000000*(((((x3aqx2)*(23.232878*x1))*(-0.008459+(x1*0.001899)))*(((0.000000+x2)*476622.499897)+((x1*-465627.890025)+-1679376.160061)))*(284.363398+((-104.609309*(x3aqx3))*((x3*-0.197054)+3.574208))))))+(((-9158.923371+(-107.240977*((410634709139.296204*(x1aqx1))+-398458327987.995605)))aq((((1888.214197+(x1*-416.645092))aq(x0*-22.777000))*1673172783453.660400)+-3316639853586.240234))*0.501399))))))
sbp,feynman_I_40_1,ok,6,200,0.905567,0.152939,463,2003.88,,2.023286+0.250648*(((0.390107*((-0.103339*((-7.064005+(-25.986829*((((x3-x5)-(0.000000aqx3))-((x0*x5)*(-9.235000*x3)))aq(((x2+x3)*(x2+x4))-((x3-x5)-(x3+x4))))))aq(1.379005+((((x3-x5)-(x3aqx3))-((-349487.187585*x1)+606287.580232))*0.000002))))+((-0.000044*((((((25.810961-x0)*(x3*x3))aq((x4*x1)*(x2aq-7.196000)))*-269.954444)+-2975.233953)*((x3aq((x4+(x4aqx3))+((x5aqx3)+(x5-x0))))aqx2)))+((0.713586*(((x0*x0)aq(x2-x3))*(-0.328001+((x2aqx4)*0.135971))))+0.426678))))+((((0.000001*((481132.674959+((((x5aqx2)*-784905.859116)+526004.986007)*(((x5aqx2)-(0.000000-x3))aq((x4*-20.526000)aq(x3+x3)))))aq(-41.555110+(3.662765*(((x2*x0)*(x4*x3))*0.513350)))))+((-0.149561*((((x3aqx1)*(x5aqx2))*((-13325293.208814+(x5*3548187.219423))+((-3548187.219423*x5)+13325293.208814)))*((((0.000000-x5)aq(x2*x4))*-4437968307.746277)+((-2250619797.381165*(x5aqx2))+((724605372.270499*x4)+-1874656617.520425)))))+0.482855))+(0.506948*(((-4.377409+(-0.000000*((x4*x1)*(160351583527877099854495744.000000+(-33055757426021106502860800.000000*x1)))))+(((((0.000000-x5)aq(x2*x4))*-4437968307.746277)+((-2250619797.381165*(x5aqx2))+(-1874656617.520425+(x4*724605372.270499))))*0.000000))+(((((x2*x0)*(x4*x3))*(-0.309076+(1.445226*(x5aqx3))))*-0.007595)+1.081018))))+((((((x3aq(-88488805619481920.000000+(114698603025617664.000000*(x3aqx2))))*170892093038516.968750)+-3.686005)+(((((0.000088aq(x2*x4))*417085.392677)+(((x2+x4)*4.489499)+-269.173648))+(133.331198*(((x5*0.167115)+-0.496530)*((x3-x5)aq(x2*x4)))))*0.015208))+(0.000000*((x0*((300994271478954000384.000000*(x3aqx4))+((-113669371681464926208.000000*x3)+((94041946418781044736.000000*x4)+-268491477711690203136.000000))))*(3.512487+(((-15746571314.251312*x2)+60189341567.911530)*(-0.000000*(x3aqx1)))))))+((((((((0.000000-x5)aq(x2*x4))*-60031566099.433105)+(4246248458.164974+(-30443712474.321800*(x5aqx2))))*(((-156915.924141+(380988.784843*0.000000))+(-283552592553.449890+(113003514078.176819*x3)))aq(((x2+x3)*(x2+x4))-((x3-0.000000)-(x3+x4)))))*(-0.000000+((((x0aqx0)+(x1aqx5))*((x0aqx0)-(x4*x1)))*-0.000000)))*0.000156)+(((((((0.000000-x5)aq(x2*x4))*-60031566099.433105)+(4246437376.604572+(-30443741848.353664*(x5aqx2))))*(((78457.962071+(380988.784843*0.000000))+(-283552592553.449890+(113003514078.176819*x3)))aq(((x2+x3)*(x2+x4))-(-7267766228267782980803375340408059306308534272.000000+(1778080851900401111591996046493519763726139392.000000*x4)))))*10187832879820337840128.000000)+-0.013417))))))
sbp,feynman_I_41_16,ok,5,200,0.967805,0.41367,397,2008.06,,86.592733+0.110724*((((-3.643288+((((-2609.434091+(1.000000*(129.910431*((x2-x4)+(-20.282000*x0)))))+4982.657862)*(((x3*23.302000)+(x3aqx2))*((((x1*x0)aq(x4*x4))*34.980040)+(0.000000+(((x1*x0)aq(x4*x4))*-34.980040)))))*63148373.193127))*((((((8.760828+(((x1*x0)aq(x4*x4))*1.713465))*(395.808897+((x0*x4)*58.800736)))+4982.657862)*(((x3*23.302000)+(x3aqx2))*((((x1*x0)aq(x4*x4))*34.980040)+-0.354542)))*-0.000000)+((-0.000000*(((-144394.405122*(((x1-x0)aq(x0aqx3))aq((x4-0.000000)-(x3aqx2))))+-2164.559814)*(((0.000000+(22.460543*(x3*-1.037464)))+(x3aqx2))*(((-2661.692738aq(x4*x4))*34.980040)+-0.354542))))+(1.354407+(((((-5859361894575.251953*x0)aq(x4*x4))*(((x2aqx2)*61813.685336)+-58160.878215))*-0.000000)*1.004494)))))+((((((((-47361928737428936103877543918043672870912.000000+((x4aqx1)*58343334679650592775098080491122385223680.000000))aq((-4090356672271263819890688.000000*-5347939351131604920536366317568.000000)+-6099605706142520426102784.000000))*-0.000000)+(((((x3*x1)*(x0*x1))*0.058931)+135.066949)+(((-2661.692738aq(0.000000*x4))*(69177554853357084672.000000+(-38254711417185370112.000000*0.000000)))*-0.000000)))+((((-61045984208800396581642765860864.000000*(x4+x2))+407860449851774369430694331940864.000000)aq((-124353951406811.468750+((x2aqx1)*147036446417678.093750))*x4))*-0.000000))+((7162.851214+(((((0.000000*x0)+-0.000000)*x0)aq(((x3*x1)*-81767455.939215)+(-73618406.614602+(x3*272258018.377297))))*-8309724793094392512512.000000))+(((28509292660460160.000000+((x4*x4)*87366904664941504.000000))aq(x4*x4))*(0.000000+(0.000000*(((x4*-3148.059167)+11386.675265)aq((x4*16105.649623)+-20654.977422)))))))*-0.102367)+((((-0.000000+(((((-0.000000*x3)+0.000001)aq(x4*x4))*(((x2aqx2)*61813.685336)+((-606817374117420147841024831048326717041016832.000000*x3)+2933466095809724988274070898284038244356063232.000000)))*0.000000))*((((x1*x0)aq(x4*x4))*34.980040)+((-34.980040*((x1*x0)aq(x4*x4)))*(1.682148+(-797225847.470186*0.000000)))))*4564760531808878219780685824.000000)+((7986213.513341*(((592167130675019854938277675008.000000*(x2aq(0.000000+(1.000000*x2))))+-564375222352873101416657321984.000000)aq(((-12399776127136044834980914840932974592.000000*(x1aqx3))+11114342693878899240061157871406022656.000000)*x4)))+((-0.098541+(((552108101011223805952.000000+((x3*31653658.468196)+-552108101011338035200.000000))aq(((x3*x1)*-81767455.939215)+1369296559.713389))*-1.322243))+((((-5859361894575.251953*x0)aq(x4*(858345823.445074+(-165519986.656356*x3))))*(-0.000273+((3.769584*(x0aqx0))*0.000079)))*0.509019)))))))
sbp,feynman_I_43_16,ok,4,200,0.791598,6.464004,369,2006.09,,-1.865398+0.484203*(((((-0.000000*((((((x0*x2)*(x1aqx3))*-0.001641)+0.002845)*(((((x2+-6989919.727888)*15792272636228587041109049344.000000)+110386696164278805334111761521967104.000000)*((-88590294025249325056.000000+(38973952800327524352.000000*x3))aq((x2-x1)-(x1*x1))))+0.118589))aq(59.659823+((-380.765384+(22.718939*((x2+24.067452)aq(2.984000-x1))))*338.272891))))+2.420272)+((((((((x0*x2)*(x1aqx3))*-0.001641)+0.002845)*x2)aq(59.659823+((865.503980+(112.515046*((x2*3.819000)*(x2-x1))))*338.272891)))*758733.902227)+(((((((x0*15.648989)aq(x3+1443583.236142))*((x1*x2)aq(9876.709750-x2)))*((0.000025*((x3aqx3)*65951782882567.203125))+-1745090850.693481))*-3.643326)+-1.379392)+(-0.004353*((1036.205974+(-80164.676408*(((x0*15.648989)aq(x3+x3))*((x1*x2)aq(9876.709750-x2)))))aq((2979.618279*((x3-x1)aq(-19.626000*x1)))+96.546364))))))+(((-0.000002*((((((x0*x2)*(-3522470356.924932aqx3))*-0.001641)+0.002845)*x2)aq(59.659823+((-380.765384+(22.718939*((x2+24.067452)aq(2.984000-x1))))*((-0.998867*((x2*x2)*(x1*x1)))+79.286876)))))+2.595638)+((((-0.090517+(0.001197*(126.820079*((x1*x0)aq(-114.574496+(x3*99.176265))))))+(((0.000000+(0.000000*((x1+0.000000)*(x3*x3))))aq(((199240489425963935799401345187840.000000*(x3aqx1))+-157127858420487910567483940012032.000000)-(x1*x1)))*-12852691116205143328795355182826906734764752896.000000))*2.919429)+(((((((x0*-4.771000)aq(x3+x3))*((x1*x2)aq(5948589.552420-x2)))*(0.988545+(0.092577*(-47.174552+(x0*8.070591)))))*(-353.400103+((21.172555+(65880565757331216.000000+(-32895475401006784.000000*x0)))*(((70.339236*x0)+-95.664455)*(x2*x0)))))*-0.000000)+((((((-53.439253*0.000000)+-0.000000)+(0.000000*((x1+0.000000)*(x3*x3))))aq(((199240489425963935799401345187840.000000*(x3aqx1))+-157127858420487910567483940012032.000000)-(((-34849402020054367380252141813760.000000*x1)+132987307486266610636992007897088.000000)*((x0*1.632945)+-3.413120))))*-122056903159685825056463305087427796887599579136.000000)+((((((x1aqx3)*11021352.193213)+-6962177.463659)aq((12.215224+(97.363549*x3))+(-2090.070147+(1129.560517*x3))))*0.000001)+(((0.000000*(21923736984453.816406aqx2))+-0.500204)+(((1364.648311*(x3aqx3))+((x3*-69.506641)+-1051.408940))*0.008178)))))))))
sbp,feynman_I_43_31,ok,3,200,0.814095,9.090561,461,2006.94,,0.648416+0.009116*((((((0.099952+(((-117.078710+(((x1-0.000000)*(x0*x1))*5.475461))+((((x1*x2)*(x0-22.036000))*(0.076169+(-0.434103*x0)))*7.284425))*-0.001827))*(x0aq(1084.326540+(0.000311*((((x2+x2)aq(-5.103000-x1))+((x1-68067.263096)*(x0*x1)))*((873.635036+(-231.388044*x0))aq((x2*x0)+(-15.930000*x1))))))))+-18.902481)+((((((-5.573561*(x1*x0))+-9.347507)aq(((x0-18.624000)aq(x0+15.831000))aq((x0+x2)aq(9.048000+x0))))aq((((x2-x2)-(24.691000aq-13.527000))-((x0+x0)aq(-0.048000*x2)))aq(((23.682000*x0)+(x2--11.787000))-((x1*x0)-(x0*-23.466000)))))*-7.039693)+((((x1*x0)*((((x1-9.516000)-(-22.072000*x2))*0.091750)+0.483454))*26.357588)+(((-579.493152*((((x1aqx2)-(x1*x0))*((-271658.964241*x2)+1361122.354176))aq(((x2*-976780607.766071)+4274558534.817123)+((x1+0.000000)-(x2+-24.498000)))))+-137.701913)+((((((x1aqx2)-(x1*x0))*((-271658.964241*x2)+1361122.354176))aq(((x2*957732535.113131)+-4157821086.765819)+((x1+x2)-(x2+-24.498000))))*2967.893597)+32.875136)))))+((1.112456*(((-0.726184*((x2*x0)*((9.407511*((7.114000-2.867000)aq(x1+-19.358000)))+-2.023263)))*-485.203771)+(-60.656555+(0.117254*((((x1aqx2)-(x1*x0))*(((x0+x2)*1667082.265708)+-12888887.827847))aq(((x2*-976780607.766071)+4274558534.817123)+((x2*976649900.784283)+-4273932401.821200)))))))+((((-0.000000*(((-3024843314835.813477+(3546531551042.316406*(x0aqx2)))*(319986281.679335+(x2*-67564275.003021)))aq(((352384022200246080.000000+(x2*-110164.381974))+4274558534.817123)+(-4266587546.171309+(974952791.126520*x2)))))+168.213698)+(((-0.002962*(((-32479002758.715775*(x0aqx2))+7808959171.991329)aq(((x2*-976780607.766071)+4274558534.817123)+(-4250441418.425276+(x2*970808217.421366)))))+-218.353041)+((((((0.000000aqx2)-(x1*x0))*(-52403462.058905+(x0*152469644.957135)))aq(((x2*0.000000)+4274558534.817123)+(-1634577112489.273682+(x2*865228104144.142822))))*-1515.844848)+-211.571184)))+(((((((x1aqx2)-(18394960.519499*x0))*(((0.000000+x2)*1667082.265708)+-12888887.827847))aq(((x2*-976780607.766071)+(-3756998825.359252+(x2*1872292927.987592)))+((x2*976649900.784283)+-4273932401.821200)))*-0.000002)+((((((0.000000aqx2)-(x1*x0))*((-271658.964241*x2)+-4864997131.460346))aq(((x2*-976780607.766071)+4274558534.817123)+(-4274533994.087512+(x2*976774859.019355))))*0.000000)+116.172993))+(((((((x1aqx1)*5129812649664952320.000000)+-4844193729645217792.000000)+73488696.636354)aq(-15321.665971+(((x0aqx2)aq(x1*x0))*166491.003031)))*-0.000000)+((-0.000000*((-692321764575203531599226814765633364593016364378724761600.000000+((x0aqx2)*1038813268323265430536185589194124642042959377072035725312.000000))aq(((x2*-976780607.766071)+4274558534.817123)+(-4266587546.171309+(974952791.126520*x2)))))+125.503484)))))))
sbp,feynman_I_43_43,ok,4,200,0.944682,0.414072,287,2017.97,,0.005565+-0.407649*(((((-0.035839+((((x0aqx0)*(x3*x1))aq((x0+-1.328000)*(0.000000+x2)))*1.881383))+((-4.897385*(((-21.699000aqx0)*(x1+(6.377412+((x1--8.528000)*-0.740395))))aq(((((x0+x0)-(8.808000+x0))*((x2aq-2.534000)*(x0aqx3)))*-1.618753)+-0.448663)))+(-0.118194+(((21.082000*x1)aq((-5672.011673+(7021.022645*(x0aqx3)))+x1))*0.096439))))*-0.610191)+((-0.188091*((-0.188658+(-0.000114*(((539260.689340+(-547173.093683*(x0aqx2)))aq(-381.658044+(418.950732*(x0aqx1))))*((-0.162077*((x1-x0)*(x2-x1)))+-0.053782))))+((((-21.699000aqx0)*(x1+x1))aq(((((x0+x0)-(8.808000+x0))*((x2aq-2.534000)*(x0aqx3)))*-1.618753)+(-16163.479735+(1610.067796*((x0+-1.328000)*(x0+x2))))))*5.960209)))+((((-0.075666*((-21.699000aq(-125.413564+(18.990053*(x2*x0))))*(x1+(6.377412+((x1--8.528000)*-0.740395)))))+-0.030568)+(((((((x0aqx0)*(x3*x1))aq((x0+-1.328000)*(x0+x2)))*-10.848805)+5.500385)aq(((((x0+x0)-(8.808000+x0))*((x2aq-2.534000)*(x0aqx3)))*(((x3aqx3)*318.392288)+-305.844345))+-0.448663))*0.131302))+((((((85.326983*((x1-x0)*(x2-1.893148)))+-45.738828)+((219823.476483+(-28887.803636*(x2*x0)))+((824656.450425+(-260409.512695*x2))*((x1-x0)*(x2-193.529757)))))aq(((((x0+x0)-(8.808000+x0))*(257.289139*(x0aqx3)))*-1.618753)+(-16163.479735+(1610.067796*((x0+-1.328000)*(x0+x2))))))*0.000003)+0.022856)))))
sbp,feynman_I_44_4,ok,5,200,0.994684,2.086822,371,2007.56,,3.098134+-3.832969*(((((((-0.000001*(((-0.919457*((x0*0.000000)*(x3-x4)))+3.967630)*(-4.130503+((-1581.463185+(x1*0.000000))*((x0*x2)*(0.000000-x4))))))+-5.377542)+(((((-0.101974+((x1aqx0)*0.090487))aq(((x0*-8209.443231)+40822.520768)+(18.298000+x4)))*5980.162857)+-0.084638)+(0.000000*((51600397476.569847+((x0*x1)*-4571919607.468233))aq(-12645.501042+(x4*((x4*-70.760339)+10139.209300)))))))+(((((x0*x2)*(x3-x4))*((((1944.167963*(0.000000+x1))aq((-9.647000aqx3)+(18.298000+x4)))*0.028758)+0.560680))*-0.619211)*(0.180519+((((0.159101*((11.547000aq-24.608000)aq(x3*x4)))+(((x3+x4)*-0.002575)+-0.116102))*0.893205)+-0.023824))))*-0.940910)+((0.192901+(((-15.451857+(0.023296*((((x0*2240344.356623)+-1156148.727123)+-1156095.387958)aq((2380199.709810*(-9.647000aqx3))+14930147.778439))))*((((((x1*x2)*-0.030462)+0.098635)*((-184.982714+(x1*57.063198))*(-0.010202+(x2*0.003602))))+0.024962)+((0.000358*((-184.982714+(x1*57.063198))*(x3-x4)))+(-4.564876+((-0.139036aq(x3*x4))*-2.845554)))))*((-0.000000*(((((6251150419642123550720.000000*x0)+-3680852492702850220032.000000)*((48468161713795.531250*x0)+-112704690610810.343750))+770978.525885)aq(812442593.424897+(((x0*x2)*(x3-x4))*25869838.075482))))+-0.109138)))+((45.784528*(((0.000000*((((x0*857351562051550.875000)+-1156148.727123)+-1156095.387958)aq((2380199.709810*(-9.647000aqx3))+((x3*-13599296902.671335)+55216573338.835236))))+((-0.000000*((556773579808810.500000+-7939690.637075)aq((x0*x0)+(-23.583000+x3))))+0.000765))+((0.000000*((((x0*0.000000)+-1156148.727123)+(-1809847439903.604492+(x2*0.000000)))aq(-105146.953924+((381.475771aqx3)*1007.201047))))+((0.106356+(0.000000*(5597867262092435.000000*(x0*x1))))+(-0.000844*((-1.235459+(0.346859*x3))*((3.352127*x0)+-10.267820)))))))+((-0.981871+(0.000000*(((((x0*0.000000)+(-23.583000+x3))*((48468161713795.531250*x0)+-112704690610810.343750))+770978.525885)aq(812442593.424897+(((x0*x2)*(0.000000-x4))*25869838.075482)))))+(((((((x0*0.000000)+(-83980395340584983804092874752.000000+x3))*((48468161713795.531250*-44875119232304.453125)+-112704690610810.343750))+770978.525885)aq(812442593.424897+(((x2*23998962667856456581120.000000)+-53254809834938074923008.000000)*25869838.075482)))*0.000000)+-1.011930))))))
sbp,feynman_I_47_23,ok,3,200,0.801288,0.269685,429,2021.2,,10.916696+0.000122*((((-107.784916+((((15.206829*(((x0aqx2)-(x0aqx0))aq((-67.396463+(25.600034*x0))+-16.493990)))+-0.124889)+(((-56909.350119+((0.034259+(x2*0.000076))*((x1aq-16.409000)aq(x0*x2))))aq(((x1-x1)-(x1aqx0))+((x0*-9.722000)*(-11351320.523688+(x0*2479869.514933)))))*-30.906315))*-1.449100))*(((x1*((-3225.828996*(((x0aqx2)-(x0aqx0))aq(-13.209471+(21.537635*(x0+x1)))))+(12.188022+((((x1aqx1)aq(x1--19.972000))aq((x1aq-16.409000)aq(x0*x2)))*-862.917745))))*0.879464)+((-0.143026+(((-56909.350119+(1646816.159003*(0.044648aq(x0*x2))))aq(-5540709.669218+(64811911.912241*((x1aqx1)aq(x0*x0)))))*2.917778))+(-139.837193*(((x0aqx2)-(x0aqx0))aq(((-4.853160*((x0+x0)-(x2*x0)))+15.158422)*(15.369000+x1)))))))+((-956.921921*((86.157758+(-0.000000*(((((0.000000aqx0)*3202542689.326309)+-558783988.710210)+(87379658208.397873*(-108593.667951aq(x0*x2))))aq((327739231.555434*((x1aqx1)aq(x0*x0)))+-31112872.856660))))+(((((985742.777814*((x1aq-16.409000)aq(x0*x2)))+30192.249705)aq(((138139578.366658+(-31830268.781124*x0))-(x1aqx0))+((x0*-9.722000)*(x2-x1))))*3.411507)+-0.592664)))+((((-377.068749+(-119941.704310*(((x0*-1167.023477)+958.560194)aq((-17716225.845907*x1)+71389424.759798))))+(((((-6076142751.376270*3202542689.326309)+-558783988.710210)+(((17207.410880aqx2)*34622624024391332695441739350016.000000)+-123878563612226196580419581268459520.000000))aq((327739231.555434*((x1aqx1)aq(x0*x0)))+(((x0aqx0)*757960130.254535)+-753365867.027551)))*0.000000))+(((((625447168405811363840.000000*(-0.299222*(x0aqx0)))+180721248234403299328.000000)aq(((138139578.366658+27714666277691.851562)-(x1aqx0))+(((x0+x2)*-19882744718656208.000000)+159565561950585344.000000)))*-0.220855)+-283.347353))+((((5354.834901*((((x0*-1167.023477)+958.560194)aq((-17716225.845907*x1)+75093304.477647))*(15.929159+((286727.904912aqx2)*-0.000368))))+7.925122)+((((((x0*-208460574.145533)+759381746.925878)*(54786322.154283+(-43379473.151412*x0)))*(((x0aqx0)*0.170519)+-0.161624))*((-18930.876349+((x1aqx0)*59051.967814))+(((x1aq25.363327)aq(x0*x0))*79162.317390)))*0.000000))+((((-1.911971*(-347.011199aq(x2-x0)))+-435.906478)+((((x0aqx2)-((0.327567*x0)+0.063419))aq((267.031083+(x0*-58.335629))+-16.493990))*3743.305815))+((((985742.777814*((x1aq-16.409000)aq(x0*x2)))+30192.249705)aq(((138139578.366658+(-31830268.781124*x0))-((-63660474.174767*x0)+276278127.118156))+((x0*-9.722000)*(x2-2283295.712334))))*-16949.829070)))))))
sbp,feynman_I_48_2,ok,3,200,0.639337,49.952036,371,2007.97,,-12.128022+782656.106803*(((((((((66569084782834.007812+((-259.744015*(x0+-105288462081269.781250))*-0.002434))-((-9.529000-x1)*((53428.385233+(x0*-28930.803663))*x2)))aq(-23.200933+((((0.475000*x1)+(x0aq-45.531000))aq((x1-x2)*(-49.102000-x2)))*14465.436471)))*0.000000)+(((0.731599+(0.025122*(((x2+0.000000)*(x2*x0))+((-2.681000+0.000000)*(0.000000+x2)))))+((-0.205545*(((x1*-9.737116)+11.735549)aq((x2*x0)+(x1+-32.466000))))*0.503061))+(0.030089*(((32094641.900389*((0.000000+x0)*(x1+x2)))+-1650436603.648187)aq(296345856.384626+(((x1+x2)+(x0+x0))*-14973655.021718))))))*((((471467677958541.500000+((((711979352471654.000000*x2)+-5194357761854000.000000)aq(315691.026531+(x0*-75475.508268)))*(82194.232883+((x2aqx0)*-33752.294750))))aq((619747421.425573+(-48425722.798764*(x0+x2)))+((-62004732.220672+(5079179.704264*(x0+x2)))*-33.832218)))*-0.000000)+((-0.000000*((1251058.171222+((-55570069.247125+(41320973.411894*x1))*(-21820692974750.890625+(2875496236861.423828*x2))))aq((((x0+x2)*-32047970.513535)+421447193.596857)+(((x1+x2)+(x0+x0))*-33.832218))))+(((((x2*-24177769433.811176)+116397852958.940582)aq((-915531615063444731398717440.000000+(x2*208557687188494473523888128.000000))+(x1+-32.466000)))*36743408034976.062500)+1.124142))))*0.000049)+((((1012449107766.354614*((((((x2*-24177769433.811176)+116397852958.940582)aq((x2*x0)+(x1+-32.466000)))*-90219764644697589032372319629134535868826147807273641532336641809927362121776231547676363440783360.000000)+462602298873661092965595995992483034696515504115276597277186790434663627849782758445001650790646999576215552.000000)aq(((6928954778856031229328272927484219628863124346781568627257875333472368329673178545423381508641493861764266225376365117440.000000*((x0aqx1)aq(9.960000-x2)))+-1526265402227473586617784630734974316604989983993728339434218404300915521968932230746867565816949070612463187837663051776.000000)+((((-145021605790933009301504.000000aqx1)*-284129335734680062969288436707747349925632239109220311072978207313088158134182790306913798365694996250624.000000)+-20360378694899780383084882938078553032081513243112395367243049146786560595282414521960348809295048748782559660568986176238649344.000000)+-116168836886097344.000000))))+((-0.000000*((((76085968027751.359375+(x2*-3112820850090.869141))+((x0+x2)*3226228577116.563965))+(-61977.754709*((x2*-3368047950.427628)+34612619868.970230)))aq((619747421.425573+(-48425722.798764*(x0+x2)))+(((x1+0.000000)+(x0+x0))*-33.832218))))+0.000000))*0.874458)+(-0.006463+(((((1251058.171222+(-61977.754709*((-0.021252*x0)+20.305562)))aq(676.618167+(((x1+x2)+(x0+x0))*(6.019685+(-8.060375*x0)))))*((((-30801144000891459885068189696.000000+(2875496236861.423828*x2))*-0.000000)+-1135728724.561514)+(-0.000000+((x2-x0)*-0.000000))))*0.368908)+(0.006465+(((((3757936384215627265636374503489536.000000+(-2688117533307924897281819658944512.000000*x1))+2982.624181)aq((1269213035782.395508*(x1*x1))+-1598579996654.721191))*(0.000000+(((x2aq-5.958000)*(x0*x2))*-0.000000)))*-0.000000)))))))
sbp,feynman_I_50_26,ok,4,200,-69.333783,17.437983,429,2014.58,,-0.009440+0.786022*((((0.488024+((((((((x1+x0)-(x2aqx0))*((72025848.660142*x3)+-74017343.685589))aq(((x2*x1)*83703675.209212)+-218885513.815575))*-0.001929)+-0.002381)aq(((142646.436104+(-6445974496.620985*((x2*x1)*0.000003)))-x3)aq(x0*x2)))*-504832.051943))+((((0.000746*(((((x3*x2)aq(x2*x1))*-136110.096564)+106220.768013)aq(-1278.723519+(((x2*x3)aq(x1*x0))*2568.604523))))+((0.014875*(((x1*x2)*(x3*x0))*(2.265108+(x3*1.357602))))+-0.339630))+((-0.000832*(((((x1+x0)-(x2aqx0))*((x0+0.000000)+(0.000000+-10.511000)))aq(((x1+2.190000)+(7.894000-x2))-((x1+x2)*(x2aq1.386000))))*(-264.376790+(((x2-x3)aq(x0+-10.926000))*1037.715088))))+((0.191395+(0.447976*(((x0*x0)aq(12.156000+5.077000))*((0.000000aq-3.609000)*(x3*x3)))))+(((((x1+x0)-(0.000000aqx0))*(56.812884+(x3+0.000000)))aq(((0.000000+2.190000)+(7.894000-x2))-((x1+x2)*(x2aq1.386000))))*0.006448))))*1.130313))+(((-0.309798+((-0.000011*((741914.649878+(-29132.603482*(0.096064*(766.584642aqx2))))aq(((0.000000+2.190000)+(7.894000-x2))-((x1+x2)*(x2aq1.386000)))))*1.234979))+((((((((0.000000+x0)-(0.000000aqx0))*(-62.314823+(x3*46.297302)))aq(((x2*x1)*83703675.209212)+-218885513.815575))*-2591446.359352)+-0.942431)aq(((((x2+x1)*-436.902904)+2131.871724)-x3)aq(x0*x2)))*-7.019094))+((((-0.036544*((((-16960213484.680321+(26006391698.196526*x0))+(x1aqx3))*((-1.062847aqx0)-(x3*x1)))aq((62796906095.420166+(-18931352566.965096*(x2*x1)))*((x2*-2.030302)-(1.290000*x0)))))+-0.742671)+(((((((x1+0.000000)-(0.000000aqx0))*(56.812884+(x3+0.000000)))aq(((x3*74925.237747)+-114315.604081)-((x1+x2)*(x2aq1.386000))))*7.743456)+0.517310)+(-0.000000*(((8049973455084.085938+(-2138324246177.875000*(x3*x1)))+(((0.000000--17.678433)aq(x0+-10.926000))*-0.767169))aq(-1278.723519+(((x2*x3)aq(x1*x0))*((x2*0.000000)+3839.307296)))))))+((((((((x2*1708220.391230)+-4590365.923826)*(0.096064*(766.584642aqx2)))*-0.004351)+63825.887216)aq((-34825606652978.128906+(1696172.025444*(94382640.057955aq(x2*x1))))aq(x0*x2)))*-1864850.579237)+(-0.076848+((772341218070.351074*((-101476455015.155319+(400754180.898735*(766.584642aqx2)))aq(((0.000000+2.190000)+(7.894000-x2))-((3181271485646149517312.000000*x2)+-8746493089126044139520.000000))))*-0.021968)))))))
sbp,feynman_I_6_2,ok,2,200,-8.740447,0.159556,465,2016.64,,4640.010013+0.000000*((((((((((((x1+x1)aq(x1-x0))+((x1*-14.530000)*(1.801000aqx1)))aq(((x0*x1)+(x0+x0))+((-3.201000-x0)*(x0*-1.575000))))*((((x1*x0)aq(4.072000+x1))+((x0-x1)*(x1--6.188000)))aq(((x0+-8.047000)-(x1--2.201000))-((x1*-13.127000)*(2.517000-x1)))))*0.279219)+-15.556339)+(((0.745122+((((7.940000aq1.072000)-5.083813)aq((x0-1.830000)+(1.604000-x1)))*-2.753161))+(((((x1-x0)+(5.077000+-6.313000))aq((x0aqx1)*(x1*x0)))*1.869376)*8.813304))+((((((x1+x1)aq(x1-x0))+((583.636516*-14.530000)*(1.801000aqx1)))aq(17446.427652+((x0aqx0)*-18704.884780)))*-0.002271)+-0.140913)))*(-8158011564028.471680+((((((x0+-1.667000)aq(10.256000*x1))*-116080911434442.812500)+2946410351612.508789)aq(-1190130281497751.000000+((199.348568*((x1--238.917893)-(-5.389000aqx1)))*24530422457.828529)))*1165955676.323653)))*1.086502)+((((-0.037552+(0.000000*((-1054899.409156+(1122530.754216*(x0aqx0)))aq((5165.710688*(x1aqx0))+(-2481.349000+-1074.332167)))))+(((((-129.250061*((-0.362701aqx0)-(x0aq13.588000)))+-39.694881)aq(17446.427652+((x0aqx0)*(-24161.441298+(2165.290321*x0)))))*0.000000)+(((((-7200618.656137*(x0*-1294894290.782305))+-29899732479738976.000000)aq(97686.070124+((x0aqx0)*-103258.581376)))*-0.000000)+(((((x1*3891.100522)+-3435.365060)aq((537849431404.100403*x1)+-644575734930.408447))*0.001088)+((((59.880987aqx0)aq(x0-x1))*0.000000)+(0.037495+(0.000000*(x1*x0))))))))*-23949095280741921587200.000000)+((((((((-34867400046058508.000000+-25562837219978368.000000)*(-3939925480230677318205440.000000+(x1*1589090455650399026151424.000000)))aq(4.072000+x1))+((-108505.806062*(1898163185643111.500000+(-768670326961017.875000*x1)))+265818.388504))aq(((x0+-8.047000)-(x1--2.201000))-((x1*(253811043.635441+(x1*-104347949.903058)))*(2.517000-(2.523027+(-0.002381*x1))))))*-0.000000)+((((((280919524001199680.000000*(x1aqx0))+-189156485164025952.000000)+((-2353338245013236.500000*0.000000)+4581010050756439.000000))aq(((-2373059388060210.500000*x1)+6473922257911948.000000)+-3641.632687))*-1383474720.974200)+((0.000000*((((13857878832655767317807890432.000000*x1)+-18476899378247252395413209088.000000)+(3943635907517048.000000+(-2244068972547636.000000*x1)))aq((-33609.783556*(x0aqx0))+30759.364170)))+-2695828864708941312.000000)))+((((-3785324076518786560.000000+((((x1*3891.100522)+-3435.365060)aq((537849431404.100403*x1)+-1085174808574.762329))*4850449431193778176.000000))+(185917269141228928.000000*((-1054899.409156+(1122530.754216*(x0aqx0)))aq(((-15337919737.646151*x0)+39012435728.926010)+-3641.632687))))+((-1783748118.293116*((-1054899.409156+(1122530.754216*(x0aqx0)))aq((5165.710688*(x1aqx0))+-3641.632687)))+((3487003429.467175*(((x1*3891.100522)+-3435.365060)aq((x0aqx1)-(x1*x1))))+-4573582539808.082031)))*((-0.000000*(((((x1+631369902.706225)*11224892179309614568536025937739776.000000)+-7087059112533977449315634217694619930460160.000000)aq((737910698573522091288876895434912900126337396637696.000000+(x1*-229548213667224471827982771518754735307798207266816.000000))+-3641.632687))*(498442490166948462592.000000+(((x0aqx0)-(x0aq13.588000))*-680645312544328122368.000000))))+0.712179))))))
sbp,feynman_I_6_2a,ok,1,200,0.965025,0.012209,491,2008.44,,-3510457854072.334473+0.000000*(((((0.249414*(((((x0-x0)-(x0-13.910000))+((-872.035213*(-0.001147*(x0+344960.849908)))+-378243.758246))*2597601694.753810)*((-0.412363*((x0*9.290000)-((0.000000*(x0*2203430507032356905212182528.000000))+-0.000000)))+(12.920628+((((0.000000-260436281264.645691)-(x0-13.910000))*63651136431934551432729128317703001586965380806834965064152252416.000000)*0.000000)))))+-2886671320562.003906)*(((((((x0+x0)aq(-1.192000*12.201000))aq((6.966000+-1.325000)*(x0aq4.111000)))aq(((-7.276000+x0)+(x0aqx0))+((-8.663000+x0)+(-4.188000+x0))))*((-0.900160*(((x0*9.290000)-(x0aq1.707000))aq((x0*x0)*(x0+0.066000))))+-0.682596))*(((-49233730351843.398438+((((x0-x0)-(x0-0.000000))+((x0--13.576000)-(-12.842000*5.389000)))*509183444282.798401))*-293.114944)+(13702076361984116.000000+(-30987.130435*(((x0-x0)-(x0-13.910000))+((x0--13.576000)--509183444255.688782))))))*((-0.022437*(((9451701331638158.000000*((-108.630460-(x0-13.910000))+((x0--13.576000)-(-12.842000*7.248356))))+(-362075768212084416.000000+((6805.661538*27362263528659.363281)+63014337177913312.000000)))*(((x0*9.290000)-(((594742880376.739014-x0)*-9.320544)+5543327314763.554688))aq((x0*x0)*(x0+0.066000)))))+((0.000025*(63811597035.829590*(-15448717.279076+(((-3.156000-x0)+(x0+0.936000))*-6939515.482353))))+((((((x0*x0)*-566.930902)+-330.255211)aq(-6020146671.806693+((x0aqx0)*8004554881.970496)))*-87.842569)+(69347910907.574783+(-3678848075880.044434*(((x0-x0)-(x0-13.910000))+((x0*1.000000)+-13.910000)))))))))+((17172487.086530*((((((x0*9.290000)-((0.000000*(x0*2203430507032356905212182528.000000))+-0.000000))aq((((1.579000aq-14.034000)aq(2.472000-x0))*25733206457569103872.000000)+-1933841824165712896.000000))*864140020729518228942015734743040.000000)+-86.655071)*((-10171538501399557963776.000000+((-38201764571110.804688+(-3859224640652.810059*((x0-13.247000)*(x0aqx0))))*(-13854513515895570449825792.000000+(((x0--556842542480.548340)-(x0-13.910000))*24880486777882.003906))))aq((764796155077025.500000+(((3123559889107576.000000*(x0*x0))+271905166040949728.000000)+(((x0aqx0)aq(x0+4.637000))*3769335218364527104.000000)))+((44571736164.067566+(0.000000*((-48371674747719204864.000000aq-14.034000)aq(2.472000-x0))))*((13025237223.566399*((x0-4.325000)*(11.270000*x0)))+503768568997.462280))))))+((35628551932145631232.000000*((-53752.703831+(((((2.980000-10.983000)--11.370402)-((0.000000+x0)aq(-12.372000*6.517000)))aq(((12.029000*x0)+(-11.305000-5.304000))-((x0*x0)-(x0*-2.086000))))*121580.561143))aq((-1356462186093.268066*((((2.980000-10.983000)-(-14.023000aq10.505000))-((x0+x0)aq(-12.372000*6.517000)))aq(((12.029000*x0)+(-11.305000-5.304000))-((x0*x0)-(x0*-2.086000)))))+-1213980030203.376953)))+((213388885818353456238297088.000000+((((-65478499749264959209472.000000*((x0*x0)*(x0+0.066000)))+324367416756695233200128.000000)aq((((x0*x0)*38918759.760277)+-97387505.369131)*(x0aq4.111000)))*-0.000004))+(((((x0-x0)-(x0-13.910000))+((-872.035213*(-0.001147*(x0+344960.849908)))+-378243.758246))*((((x0-260436281264.645691)-(x0-13.910000))*-0.000000)+-0.000583))*((2329466361356959921695553154021992718925824.000000*((9.209081+((x0*x0)*-6.939046))aq((322178686616618614528503334305792.000000+(-229401292216736591286071518560256.000000*x0))*12.201000)))+224730906919273668324360192.000000)))))))
sbp,feynman_I_6_2b,ok,3,200,-0.185036,0.054592,439,2013.54,,-2.081421+0.000000*((((24965888.554963+(5172852.074693*(((((423.709828+(-516.726240*x0))aq((x0*191430.620624)+-227698.667456))*-3.629351)+-0.000902)+(-0.950522+(0.000001*(((62387.442300*(x0-x2))+129842.966826)*(((0.000000-11.839000)aq(x2-x1))aq(-64.527113+(50.131945*x0)))))))))*(((((-2727.997238*((((x2-8.562000)+(x0*x0))aq((x2-x1)aq(x0-x0)))aq((7.167227+(x2*-1.993207))*((x2-x0)+(-5.190000+x2)))))+48256.873816)aq(-7.109000*x0))aq((x1-x2)aq(x0aqx0)))*((((-189.200497+(-0.000000*(((1858172378633481472.000000*x0)+-4404592955544217600.000000)aq(x2-x1))))aq(x0*x0))*52.147875)+(8153.184023+(7761.595666*((((423.709828+(-516.726240*x0))aq(x0*x0))*-0.002183)+((((-6.815000aqx0)--4.558785)*-0.121161)+(-0.446037+((x2*x2)*-0.005276)))))))))+((((((-0.039585+(-0.015464*(((x0-11.839000)aq(x2-x1))aq((-48.076250*x1)+136.751621))))*((((423.709828+(-516.726240*x0))aq(x0*x0))*-0.002183)+-0.289790))*(((1.341790*(((x0*x0)+(x0*x0))aq((-12.827000aqx0)*(x1-x0))))*-10010326.901065)+31261425.736665))+(((-22656598.090089+(-1.183495*((607535.633600+(x2*-382120.380170))aq((x0*108.274658)+-163.672476))))+(1329.445183*((1162537936.859914+((-12.827000aqx0)*181716596.191837))aq(-416123083.397490+(x1*295318386.031106)))))+(((((x0-11.839000)aq(x2-x1))aq((x0*108.274658)+-163.672476))*-32895.598574)+(((((x0*312563027326941.312500)+-364297965432125.000000)aq(-2859507.454924+(x0*2037579.594433)))*-0.000218)+863075.917408))))*-234401601.359255)+(((-838003483017998.500000+((((0.000000*((0.000000-125.638878)aq(x2-x1)))+0.000000)aq((x1-x2)aq(x0aqx0)))*9076030969945750765568.000000))+(13089893988193.746094*((-0.005724+(((0.004526+(x1*-0.002268))aq(-64.527113+(50.131945*x0)))*2196.009783))+((((-1298123947498468576935199386782894041189056512.000000+(x1*987505765017008376171336303252752629403484160.000000))aq(-1726157990871.024658+(x1*1101618679963.004639)))*-0.000000)+0.324419))))+((((-316838554055680.187500+((((x0*312563027326941.312500)+-364297965432125.000000)aq(-1552838906303221248.000000+(x0*1382148797630848256.000000)))*7740967048916122.000000))+(((38125575824.310165+(x1*-23297173058.277145))aq(((x1*x0)*5682623.063032)+-14354485.515673))*-84119831.891929))+(604500850890.853638*(((-1176880.702944+((-589037057.315213*x0)+625566444.822379))+(-516.726240*(1205435.912579+(x0*-1137055.723337))))aq(1071003737527876224.000000+((1.215760*(x0-7706742847034.543945))*114306.888618)))))+((((-22609869.903561+((x2*x2)*5620686.883430))aq((61168506286.683304*(x2*x2))+-150457028091.466370))*-8996765050101240.000000)+(((((1099036854270604395675648.000000*(-112.003165*x0))+-143470196169840393694740480.000000)aq((-418133.170548*(x1-x2))+581309.569976))*0.000000)+(((-1699700654734221565231104.000000+((x1*x1)*-106082801228471616.000000))*-0.000011)+(-19102716860763725824.000000+(-144919725162.619171*((x2-0.000000)*(x2*x1))))))))))))
sbp,feynman_I_8_14,ok,4,200,0.91826,0.304675,429,2004.51,,3.970526+-0.098093*(((((1197.505490+(((((((0.000000*0.000000)+(1259434.956877+x3))aq((16551195372256.021484+x1)aq(x0-x1)))*-231377528548.697784)+183713.030447)+(((37.235838*((x2-x3)*(x2-x3)))+-347.018102)*((x3-((x2*-11.921817)+410.756230))aq(x0-x1))))*-0.008039))+((-28.148869*(((((x0*-16.157000)aq(x3aq-14.499000))+((x1-x0)-(12.960000aqx0)))aq(((-18.162000-x1)*(x2+x0))aq((-17.340000-x3)*(x2-x3))))+((-36090198.764888*((20.305569+(1259434.956877+0.000000))aq((x3+5011371702705.188477)aq(x0-x1))))+42.524486)))+((((((6.803000+x0)-(x2+-21.025000))-((x0-x3)*(x0aq4.824000)))+(((0.536874*(x0*x1))+-9.398562)+((-4.144335*(x1aqx3))+0.102687)))*-23.313611)+((1.877117*((((x3-14.629000)aq(x0-x1))*((x3*0.042028)+0.147945))*-36.685838))+(((((x2-x3)*(x2-x3))*(2081093.840881+(-935786.287141*x0)))*0.000006)+(441.035803+((x0aq(x1-x0))*19.566918)))))))*-0.017412)+((((((((-15.067065*((0.000000-14.629000)aq(x0-x1)))+-277.737252)*((((-0.999995*0.000000)+0.000150)-(2.934435+410.756230))aq(x0-x1)))*(0.000042+((((x1*220617585.565929)+-683442972.164222)aq((-104.984196*x3)+516.297945))*0.000000)))*3.157679)+(((-0.341994*((((x2*4021749546078.973633)+-162257532142381.343750)+-86.667120)aq(-372965577924167.250000+((x3aqx2)*1761004737812817.750000))))+-0.093723)+(0.104103*((((174.790760*(x0aqx2))+73.726464)+((x1-x0)-(524.749214+(x2*-88.489615))))aq(-62.243967+((-103.260028+(79.761333*x1))*((0.000000+x0)aq(x3-x2))))))))*1.035857)+(((0.614950+((((0.597551*((1.007000-715.150464)aq(x2-x3)))+(336.267005+(-45.974273*(0.000000aqx2))))*(-32.249942+((-55.057306aq(x0-x1))*(-1.073633+(0.023859*x1)))))*-0.000337))+(-11243149101221.197266*(((1168985133497344111673344.000000*(((x1*0.000000)+-0.000000)aq((x0*12010.558627)+-15157.536068)))+-9672191.742864)*((66.631890*((0.000000+x0)aq(x3-x2)))*((-0.000000*((0.000000+x0)aq(x3-x2)))+0.000000)))))+(((((52900.047691+(-0.000006*(22221226763.609364aq(x3-x2))))*((((0.000000+x1)aq(x0-x1))*0.000014)+-0.000024))*((((x2-2.907837)*(x2-x3))*-0.039644)+0.011262))*-24.658715)+(((((0.000000+x0)aq(-23551967282.655014+(25444559622.552788*x0)))*(289580894593.414551+(-8061503866.545954*(41.547239aqx0))))*0.316164)+(-3.393000+(111984206.058001*(((x1*220617585.565929)+-658638082.911244)aq((x3*1715112281431192320.000000)+-3924489556065981952.000000))))))))))
sbp,feynman_I_9_18,ok,9,200,0.879397,0.044693,467,2053.12,,-2721.723838+-0.000092*(((57278.049389*(((x0*(((-0.000559*(((x3-x2)aq(x1*x0))*(4645.696506+(x3*-953.047268))))+0.291485)+(((x8+x4)*(x1*x2))*((((x5-6.534000)+(x3-x6))*0.146597)+(((-18.489000aqx7)*0.102002)+0.192634)))))*((-0.025173*((((1125.470167*(x3aqx3))+-1078.956628)*(x1*x2))*((((x5-6.534000)+(x3-x6))*0.146597)+((-2.019405*0.102002)+(1.101810+(x3*-0.206541))))))+((((75.966222+(-6.450523*(x3*x5)))*(23758.126349+((x7*x7)*-1958.767868)))*-0.000001)+-0.705904)))*((((((3.125553aqx5)*(x1+x8))-((x6+7.304913)aq(x4+x6)))*((-109098208854332.171875+((17176.605210*(x4*0.000000))+109098208835498.062500))+((-76183.142338*((0.000000+x4)*(x0*x8)))+264459.747668)))*0.000000)+((-0.042237*(((1125.470167*(x3aqx3))+-1078.956628)*(x1*((5.105777*x1)+(0.003950+(-5.108189*x1))))))+((((14.710999+(-9.488352*x4))*((-5749343.247244+(x5*1642718.149462))+(x5*-85.693005)))*-0.000000)+(((((135423101.209133aqx0)aq(40563898585540247552.000000aqx8))aq((x8+x2)+(x8-x5)))*-236207132.712182)+(((94.574136aq5262.393201)*-0.000196)+(-146.542056+(-0.000342*(x5-428284.489627))))))))))+((712001.743898*(((-302.927418+(((75.966222+((x6*0.002828)+-75.970244))*(23758.126349+((x7*x7)*-1958.767868)))*-0.000183))+((((75.966222+(-6.450523*11.776762))*(23758.126349+((x7*x7)*-1958.767868)))*(-33.568526+(((227.085407aqx5)*(x1+x8))*0.188709)))*-0.000503))*(((0.000000*((((-418838.084707*x0)+624617.555054)-((x6+7.304913)aq(x4+x6)))*((-1012.795827*(x4*x0))+2120.642941)))+((0.000001*(((0.305842*x6)+-0.113962)+(1.101810+(x3*-0.206541))))+(0.068612+(0.000000*((-1.038988*x8)+6.457882)))))+(((((14.710999+(-9.488352*x4))*((x5*0.984990)+-3.612447))*(((x6+76021.279762)*1.527451)+-116121.386474))*-0.000000)+0.068614))))+((((-246055872249453256554577920.000000+(((75.966222+((x6*0.002828)+-75.970244))*(23758.126349+((x7*x7)*-1958.767868)))*216305061644519931904.000000))*((((472303352233.632812*(0.010123*(x5aqx5)))+-4604396528.320897)+-6.470507)*((-77.808231+(0.005964*((x3+x7)*1836.636249)))*(((-0.145579+-0.001033)*0.146597)+((1.135413*(x0*x6))+-2.552504)))))*0.000000)+((1.771827+(((((1125.470167*(x3aqx3))+-1078.956628)*(x1*((-0.012522*x5)+0.042131)))*((5.920893*(x4*x6))+-10.897999))*-168.743426))+((((-0.000000*(((x3-x2)aq(x1*x0))*(0.000020+(x8*-20604920835074295009902592.000000))))+-13.891585)*((-77.808231+(0.005964*((x3+x7)*1836.636249)))*(((-0.145579+(x4*-0.000603))*0.146597)+((1.135413*(x0*x6))+-2.552504))))*-2.869845))))))
sbp,feynman_test_1,ok,7,200,0.97298,1.197014,449,2010.0,,309.559107+-5.097926*(((((-0.192472+((((((x2+x1)*(x3aqx5))aq((x3aqx4)-(x1aq4.674000)))aq(((x3+x4)aq(x4*x3))*((x5+x1)aq(x0+x0))))*(-0.184639+((((0.000000+x1)-(x1*x4))-((x0*x2)-(-12.245000aqx6)))*-0.041722)))*2.108293))*(((((x2+x1)*(x3aqx5))aq((x3aqx4)-(x1aq4.674000)))aq(((x3+x4)aq(x4*x3))*((x5+x1)aq(x0+x0))))*(((((0.357348*((x4*x0)+(x2+x1)))+-1.917254)*((((x1aq-0.115000)aq(x0aqx4))+((x6*x3)aq(x4aq12.775000)))aq(((x6*x6)*(x6*14.482000))-((x2aqx6)*(x6aqx6)))))+0.018927)+(((((x1aq-0.115000)aq(x0aqx4))+((x6*x3)aq(x4aq12.775000)))aq(((x6*x6)*(x6*14.482000))-((x2aqx6)*(x6aqx6))))*1.132906))))*-20.324418)+((((((((((x2*x1)aq(x6*x5))*-41.427420)+50.874591)*(x3aqx5))aq((x3aqx4)-(x1aq4.674000)))aq(((x3+x4)aq(x4*x3))*((x5+x1)aq(x0+x0))))*((((13.658000aqx6)*(x6+x0))-((x5aq-2.040000)-(x3-x2)))aq(((x6aqx4)*(12.734000--2.840000))*((x3+x6)-(-9.513134+(((x6-x4)*(x3-x5))*-3.840437))))))*0.209452)+(((19.171668+(-0.000001*(((((x3aqx2)*-20.301913)+(-0.713263+(x3*11.939477)))aq(((x6*x6)*(x6*14.482000))-((x2aqx6)*(x6aqx6))))*(-697.735212+(((0.000000+x1)*(x3aqx5))*(9141812.451189+(x2*-6002205.355638)))))))+(((((((-1787852208.501901*x2)+3128464701.336009)*((29410.519541*x2)-(-12.245000aqx6)))+-0.000048)aq(((22588152865629679801524551680.000000+x4)aq(x4*x3))*((x5+x1)aq(x0+x0))))*-26407128070990.683594)+19.260244))+((1.296211*((((((x1aq-0.115000)aq(x0aqx4))+((-296797703.236773*x1)+510149619.836760))aq(2574001159617640058471841792.000000+((x1-x5)*-11574997307454370454081372160.000000)))*667438634841709056.000000)+(((((-69972979425126970818560.000000*x6)+206065419909296216342528.000000)*(0.000000+(x6*-0.000000)))*-0.000631)+16.938828)))+((((28038496855.808060+(-9056808840.050545*(x5+x1)))aq(((x6*x6)*(x6*14.482000))-((x2aqx6)*(x6aqx6))))*0.000000)+((((((x4*x0)+(x2+x1))*0.050988)*-1.107515)+((((x6-1.551026)*(x3-x5))*-0.037729)+0.277291))+(0.026507*(((0.182153aq(x6*x5))*(-998.400857+(x1*782.564554)))*((0.124850*(x5+x1))+-0.501166))))))))))
sbp,feynman_test_10,ok,3,200,0.719619,0.312049,379,2018.73,,-3146.255874+-0.000000*(((((584550794809409073289931731778366603264.000000+((((((x0+x1)*575900449811317088995574359114383360.000000)+-3471434018039524561916763003374534656.000000)aq(620680885936393386997466529792.000000+(659559966963507615791589621760.000000*(x1-x2))))aq(((((x2*79.299801)+834898.195542)*((x0*x0)aq(x1+x1)))*4.413441)+-18656314.980369))*-8910643981626173441256183914561536.000000))+-1211411691916494572901548768533539717120.000000)*(((((x2-28.588000)+(x1aqx0))*((-0.049904*((x2-3.017000)+(x1aqx0)))+-1.194335))+((-0.000230*(((((0.000000+0.000000)-(x2--8.496000))*((16.219000*x2)+(0.000000*x1)))aq(((15.836000aqx2)*(x2aqx1))-((x0+-27.296000)+(27.343000+x0))))-((-1944.207449*((x2aqx0)aq(-2.611000*x1)))+((-287.862831*(x2aqx2))+(-777025.378843+(x2*0.000000))))))+((-14900595218482.632812*((x2-28.588000)+(28.588000+((x2*11.660286)*-0.085761))))+-411.033091)))*(((((x2-28.588000)+(-3.460231+((-0.034323*(29.134653*x2))+32.048231)))*-141296650782851037740109026947975386788377133056.000000)+(1560938823922536838241299636762443776.000000+(101157234374492340953866992293306964230883246080.000000*((x2-28.588000)+(((-2186445.516599*x2)*0.000000)+((0.000000*269350399536494170259652570251264.000000)+-1.010928))))))+((-59360731360443404900979075297585586429323378688.000000*((x2-28.588000)+(0.000000+(1.000000*(28.588000+(x2*-1.000000))))))+((((x2-28.588000)+(((x2*-24.623718)*0.040611)+28.588000))*-199738886640971034117288902242092117941888745472.000000)+((-107671070990047352308421523373187850601234432.000000*(((x0*0.000000)+-0.000000)aq(-53.774716+(x1*38.135374))))+((-7852983856155834893298869207040.000000*((0.000000*x0)aq(x1+x1)))+-2441773834311304346472460626381766656.000000)))))))+((-495492752330106197246371870144521568256.000000*(((((x2-28.588000)+(0.000000+(((x2*-5.882464)*0.169997)+28.588000)))*274687476791863.718750)+(((1.714331+(0.034692*((x0aq-2.453000)*(0.000000-x1))))+(-19083.035933+(((x0aqx0)aq(x2aqx0))*2.525483)))+(((x2-28.588000)+(25.571000+(-1.000000*(x2-3.017000))))*-274328997739041.906250)))*((((x2-28.588000)+(0.000000+((-141166775673342248122296618188800.000000*(x2-28.588000))*0.000000)))*2671549215507553368530017992594109479476264960.000000)+((((x2-28.588000)+((0.000004*(-229098.252960*x2))+28.588000))*11739658706760029937472243278961004699136819200.000000)+-28661084588745553950708523117576192.000000))))+((1.000000*(145781253790780080307542942333695399564798742641850178780594638533419900705135366512836608.000000*(((x2-28.588000)+(53.136802+(-129396335953658483657008423326989884872364390535397376.000000*(0.000000+(0.000000*x2)))))*0.038648)))+((525266800618725534041315510792361675322648048061308847033715284014890347397120.000000+(450124411285462398415038111752845787136.000000*(((((x0+x1)*575900449811317088995574359114383360.000000)+-3471434018039524561916763003374534656.000000)aq(x2+10.786000))aq((x0aq-2.453000)*(-6.313185+((x2aqx0)*26.252988))))))+((184803015085674472092128269456246858317824.000000*((15804554437782996590952185856.000000*(((75401756498534672.000000*x2)+87323014143290818560.000000)+((-75401756498535296.000000*x2)+-87323014143290916864.000000)))+2642384989854920131142015541418393600.000000))+37241451574104151570919076089873848177272211675850430486384450643760355737600.000000))))))
sbp,feynman_test_11,ok,4,200,0.85659,0.538244,551,2010.88,,-413.658952+7.026778*((((-359.759259+((((1.889471+(-36.632312*(((-9.414000-x1)aq(0.000000+x1))*(-0.003682+(x1*-0.002958)))))+((x3*((x3*-6654.622370)+19465.342610))*(0.000007+((0.000002*(0.000000-2.481000))*0.000000))))+((-309.243191*(((1.453000-x3)*(0.000000*x3))*((x0-x2)*((-7199470.815072*x2)+18718637.070320))))+((-0.010062*(((x3*x0)+(0.000000-x1))aq((x2+0.000000)+(x2aqx3))))+((((x2*x1)*(x0-2.481000))*0.001104)+(167.800241+((x3*x1)*-0.001832))))))*(2.146773+(0.000000*(((((x2-x0)*(x3*x0))*-338419536374331840.000000)+(((x0aqx2)*-2423589318857913856.000000)+(1796722526811666176.000000+(135983058380149776.000000*x2))))aq((((218.197368*x1)+-601.109748)*x3)+(x1*((-181.449890*x1)+592.106708))))))))*((((x0aq-7.213000)*((x3aq(x3*x1))*((-2.484031*(((x3*x2)*(x2aqx2))-((-5.263000+x2)+(x3+x3))))+9.106542)))*1.000000)+(((0.020360*(((x1-7.004000)aq(x0*x2))+((x2+x0)aq(x3-x1))))+0.034361)+((((((117.887258+(-41.443148*x2))*x2)+292.598845)aq((-6.571000*x3)+(x1*12.261000)))*-0.000622)+((0.016054+(((-3233.027566+(-7.814687*x2))+(-0.000011*(x1-x3)))*(((0.000000*x3)*(x0aqx1))aq((-0.271000aqx1)+(x2*-5.215000)))))+(((((-9.414000-0.000000)aq(x3+x1))aq((-6.571000*x3)+(x1*12.261000)))*(((x2aqx0)*-60.673679)+53.950505))*0.001387))))))+((1.918185*(((-0.000147*(((1.453000-x3)*(x0*x3))*((x0-x2)*(((x0*x2)*-41.820370)+160.544281))))+((((((5.098000*x3)*(x0aqx1))aq((-0.271000aqx1)+(x2*-5.215000)))*-0.010842)+-8.692805)+((((1.453000-x3)*(x0*x3))*((x0-x2)*(x0*x1)))*-0.001123)))+(((1.889471+(-36.632312*(((-9.414000-x1)aq(0.000000+x1))*(-0.003682+(x1*-0.002958)))))+((x3*((x3*-6654.622370)+19465.342610))*(0.000007+((0.000002*(x0-2.481000))*0.000000))))+(((((x0*-0.000002)+0.000005)*(((x2*-7368465016730.740234)+11242207661514.548828)*(x0*x1)))*0.000000)+(0.008236+(((-9473.827178*(-3287732484255.319824-x3))+(-31147409363171160.000000+(x3*-9473.207752)))*0.001341))))))+((((((-150607140087453600.000000+(167941783065535744.000000*(x2aqx3)))aq((-6.571000*x3)+(-13077.755061+(24159.566770*(x3aqx1)))))*0.000000)+((-0.000781*(((1.453000-x3)*((10497039.698094*x1)+-21523002.938281))*((x0-x2)*((0.000006*x2)+-0.000016))))+75.172431))+(0.000102*((((x3*((x3*-6654.622370)+19465.342610))*0.076734)+-1041.705278)*((((-119.879640+(0.000000*x2))*x2)+292.598845)aq((((218.197368*x1)+-601.109748)*x3)+(x1*((-181.449890*x1)+592.106708)))))))+((((-0.000179*((((-6.571000*x3)+35339330576448212.000000)*-10.946003)+(((-3277414350441548.000000-x3)*85.134588)+665845741125287936.000000)))+0.006113)+(((((117.887258+(0.000000*0.000000))*x2)+292.598845)aq((((5.098000*x3)*(x0aqx1))*255266.325475)+-1501956.055551))*-0.621929))+(((-79251595.893174+(79244065.459840+(8475.075609*(x2aqx2))))aq((-6.571000*x3)+(-13077.755061+(24159.566770*((x2*2016700164.101632)+-2690132717.188212)))))*-8754387.487868))))))
sbp,feynman_test_12,ok,5,200,0.95871,3.607347,423,2091.91,,254.851605+2.962701*(((0.003230*(((((((((-0.000080*0.000000)+366304.124279)-(x0*x3))*1.001955)+-367019.331193)-((x0aqx0)-(x0-x0)))aq(((x3-x3)*(11.148000+x3))+((x3aqx0)*(x0aq-15.340000))))*((0.069854*((-512979.227306*((x2aq2484829465.583115)aq(x1*-25.425000)))*((554205977.420051+((x1aqx1)*-514912599.865877))+0.001041)))+-1.651016))*(37.560386+(-667.039477*(((-1.624041+(((x3aqx0)*(x0aq-15.340000))*-0.465803))aq(((x3-x3)*(11.148000+x3))+((x3aqx0)*(x0aq-15.340000))))*(-0.032193+(-3818.518198*(((x3aqx0)*(x0aq-15.340000))*((-0.000000*x3)+0.000000)))))))))+(((((-39699655906444.062500+(((((-147549753446391.218750*x1)+291186737573311.375000)*(x2*x3))+(-4060595813574738.500000+((-32.947981*x1)*-64438915783665.750000)))*0.000088))+(0.000000*((((-1213235507187285413231276638113065272943144922513408.000000+(525779739498182470782473825489757206929375842271232.000000*x2))+690020456342536.125000)aq(((x3aqx0)*1265849742.594481)+-1221248791.816846))aq(x1*-25.425000))))*(-0.000000+(0.000001*((20088284152712.425781+((x3aqx0)*-20836150474109.800781))aq(((x3aqx0)*((x0*-6909975816422631145472.000000)+28009962057018665598976.000000))+-1221248791.816846)))))+(((-0.000002*((-22807011108466.859375+(13439767278126.466797*(x0aqx1)))aq(((x3aqx0)*1265849742.594481)+((x2*-806860597.421808)+2038446882.392016))))+-171.549403)+((((-3775857164.818763*((x2aq2484829465.583115)aq(1706.809487+(-426.830694*x0))))+-0.022793)+(0.000064*((((x0+x2)*-38734489941.643799)+273087177467.471405)aq(((x3aqx0)*1265849742.594481)+-1221248791.816846))))+((((-10255246576166486.000000+((x0*0.000000)*15756371027064.119141))+(-1658523191276999086358659072.000000+((121955831166766464.000000*x0)*2897147682.274395)))aq(((x3aqx0)*1265849742.594481)+((119412877760181.375000+(-24964551029420.910156*x0))+2547620976.188838)))*0.000000))))+(((((-388282932107053895274987520.000000*((-0.000000*(x2*x0))+0.000000))+0.095462)+((((-94969980777695.875000*(-18753.625500+(4318.151202*x0)))+690020456342536.125000)aq(((x3aqx0)*1265849742.594481)+((119412877760181.375000+(-24964551029420.910156*x0))+(-119325812186309.578125+(x0*24945831088032.421875)))))*0.000000))+(-0.002314*((((-94969980777695.875000*(-18753.625500+(0.000000*x0)))+690020456342536.125000)aq(((x3aqx0)*1265849742.594481)+((-1041821646.071143*x2)+2547620976.188838)))*((((x4+(x1-x4))-(-0.000000+x1))*-291336283.506186)+0.000000))))+(((((((-94969980777695.875000*(x0+0.000000))+((x0*171767630956390080.000000)+-400117369232683392.000000))aq((-4545182757.896078+(x0*764289811.648660))+((-1041821646.071143*x2)+2547620976.188838)))*((20417339.321648*(x1-x4))+31272649.512972))*-0.000000)+-0.005510)+(-0.005029+(103712.856556*(((-22807011108466.859375+(13439767278126.466797*(x0aqx1)))aq(((0.000000aqx0)*1265849742.594481)+((-1041821646.071143*x2)+2547620976.188838)))*((-0.008269*(x0aqx1))+(0.000000+(0.008269*(x0aqx1))))))))))))
sbp,feynman_test_13,ok,5,200,0.877583,0.006135,401,2086.87,,-14.981191+0.000355*(((((((((((-186.271970+-970.286499)*((0.000000-x2)+(0.000000aqx3)))aq((2036.804915+(-8799.377434*x0))+-7460.143897))*-0.627305)+-2.573388)+((3.873797+(((0.046248+(x0*-0.008097))*((x2aqx0)*(0.000000*-16.816000)))*-0.539679))+(0.000482*((((1.813611*x2)+33288.221491)+(33335.661574*(x0aqx3)))*((x0*x1)aq(x4*x2))))))*-0.041521)+-16.989645)*((((1.869000+x2)*(x0aqx2))aq(-1.056048+(0.320401*(((x2*x4)aq(x2+x4))*((((x3+-6.646000)*(x3*x0))*-0.231192)+10.536164)))))*(((((x1*x3)+(x4-x4))*((x2-x3)*(-16.680000aqx4)))*-0.008848)+((0.021459*(((((x3-x3)*(x2-x4))-((-22.486000-0.000000)+(x3*11.394000)))+(39.414343+((x1aqx3)*-32.878323)))*((((x0aqx4)-(x3-x1))-((x2aqx1)+(x1-x2)))aq(((x3-x0)aq(x4aqx1))+((x1aqx1)*(x0+x3))))))+-6.541205))))+((-33.261832*((((((-0.875475+(-0.952434*(x1*x3)))+(-2.564219*((x3-4.814000)*(x0*x3))))*((((x0aqx4)-(x3-0.000000))-((x2aqx1)+(x1-x2)))aq(((x3-x0)aq(x4aqx1))+((x1aqx1)*(x0+x3)))))*-0.069804)+0.636490)aq(-1.056048+(0.320401*(((x2*x4)aq(x2+x4))*((((x3+-6.646000)*(x3*x0))*-0.231192)+10.536164))))))+((((0.135874*((x2-(-1.447925+(x2*1.317147)))*((((x0+x0)aq(x3*-26.981000))*26.763646)+-6.808872)))+((0.000000*(((426588.307900*x1)+-977501.699210)*((x3-4.814000)*(x0*x3))))+((((-0.043349*-107457.359054)+0.001942)+-0.002513)+(((x3+-6.646000)*(x3*6.133152))*0.004964))))*9.338716)+((-658.099448+(((((1.060000*-26.815000)+((-1.471592*x2)+35.591764))*((0.000000-x2)+(70.441822+(x2*-13.460715))))aq(327248.183187+((x1+x2)*-42178.970839)))*-370.475482))+((0.993639*((-0.000861*(((-633.427557*x2)+3187.421752)*((x2-5.057277)*(-16.680000aqx4))))+((1.415578*((x0aqx4)-14.185619))+((-0.463735*(x0aqx3))+20.321478))))+(-658.763594+((((-7347632.327680*(x0aqx3))+8480280.355267)aq((-20282.824731*(x1+x2))+161743.107670))*-0.000022))))))))
sbp,feynman_test_14,ok,5,200,0.711239,7.026528,449,2009.94,,4181359843.794031+0.606192*((((-0.041674+(0.000000*(((3199.463738*(((413400669219286810624.000000*x2)+-1566432291284528660480.000000)aq((x0-x4)*(x0-14.028000))))+(-16777216.000000+(-3199.463738*(((413400669219286810624.000000*x2)+-1566432291284528660480.000000)aq((x0-x4)*(x0-14.028000))))))*((((x1aqx2)*-2656.307775)+(303083.806012+(-253510.801067*((x2*x4)aq(x1+x0)))))*(((x0*x3)aq(x3*x2))*((x4-x2)*(x1-5.795000)))))))+(((0.000000*(((36118920986868532117504.000000+((x1aqx1)*-42604044669714161467392.000000))aq(x2+(x1aqx3)))aq(((x3aq-8.856000)+(x2aqx1))-((x2*18.171000)aq(x1*x3)))))+565.654575)+(216496936603055136.000000*((((x1aqx2)*-2656.307775)+1109.812174)*((((x3-x2)*-0.000000)+0.000000)*((x4-0.000000)*(x1-((-10.754039*x1)+50.779893))))))))+((1.818590*((((81.032934+(-0.000000*(((x0*x3)aq(x3*0.000000))*((x4-x2)*(x1-5.795000)))))+(-0.000000*(((-19996125983672056983364211585022941525845213184.000000+(x1*8926273822753551346081456061609170953975103488.000000))+1109.812174)*(((x0*x3)aq(x3*0.000000))*((x4-x2)*(x1-5.795000))))))+(((((x3-x1)-((1.166703*x3)+-3.557207))*((x2-2.689252)*(-5.021459+(x1*1.771739))))*((((x3*x0)*(-4.327000aqx2))*-791.588555)+-6678.246727))*-0.000000))*((0.000000*(((-19996125983672056983364211585022941525845213184.000000+(x1*8926273822753551346081456061609170953975103488.000000))+1109.812174)*((((x2+x0)aq(x4+x1))*12.983708)+-7.468346)))+((((562.197098+(x4*-172.434017))*((x4-0.000000)*(x1-0.000000)))*-0.000006)+((-662452604686.670044*((2100930862989412537641899917312.000000+-2100930491886219824082743984128.000000)aq(1581321379899784829639569026991656009728.000000+(x3*-330609602348725160065675604465362665472.000000))))+((0.000000*(11517524637.869366aq(14.784000*x1)))+-71979170.590376))))))+((((0.000000*((((x1aqx2)*-2656.307775)+1109.812174)*((((x3-x2)*-0.000000)+0.000000)*(((x0*-34698152024305774938380101380223270912.000000)+94374675776207708660295332884392181760.000000)*((-11885072042998169408413962320553705472.000000*x1)+57617276336314680674967820693321809920.000000)))))+((2855322760.634792+(-0.134571*(((x0*-3.813244)aq(x3*x2))*((x4-x2)*(x1-5.795000)))))+(1755800800.189501+((((x3-x1)-(0.000000aqx2))*((x2-x4)*(x3-x1)))*-0.191366))))*0.964059)+((-0.009030*((13.262384*(((x3-x1)-((1.166703*x3)+-3.557207))*((-0.267432*(x2+0.000000))+1.829006)))+((((-26.900546*(x3aqx2))+33.424225)*((34.320519+(x0*-18.649326))aq((11.706000+7.820000)+(-5.449000*x1))))+((((0.000000-x2)*(x1-5.795000))*-5.837062)+((-54.101657+(x2*45.199684))+((x4*40.088737)+-32.958070))))))+((((((x3-x1)-((1.166703*x3)+-3.557207))*((x2-2.689252)*(-5.021459+(x1*1.771739))))*((((15.614403aqx4)*-109336.182684)+449582.485033)+-6678.246727))*-0.000001)+-735883775.538804))))))
sbp,feynman_test_15,ok,4,200,0.836124,0.582366,427,2004.59,,7.183271+0.000000*((((2971669979544024837578483820396544.000000+(-23672514844974353684349806053269555535413248.000000*((0.036531+((((7.324000*x3)-(x3*x3))-((16.771323+(3.394642*x3))aq(-72.943000-x2)))*-0.003471))*((-0.000000*(1320501591199.483643*((-79040.746051+(1060.639829*x0))aq((x3-x1)*(x1aqx0)))))+-0.000000))))*(((x2*-6.339000)*(-95.074080+(4.649743+(((((0.000000aqx1)+(-56.928000-96.781000))aq((x3-x1)*(x1aqx0)))*(((x3aqx0)*0.222313)+0.563387))*-1.978863))))*((((-0.120948*((((x2aqx1)+(-56.928000-96.781000))aq((0.000000-x1)*(x1aqx0)))*(0.181953+(0.086575*(x3aqx0)))))+((179310.851980*((85400.336268aq(x0+28.546000))*(-0.000000aq(x3-3.697000))))+12.153939))*643893821452328812612258103296.000000)+(-29475445203783800874369357447168.000000+(-625496309989073828916993458176.000000*((-25.946933+(((x1aq-27.290000)aq(x0*x3))*20.846599))+((((x2aqx1)+(-56.928000-96.781000))aq(-86.182389*(x1aqx0)))*-0.028349)))))))+(((((((((-30224270674787385212928.000000aq(64650958393837959251552073652229852695615806532803290432098811572433066875163803039104499712.000000*x3))*((x1*5629409.953001)+-11519463.927387))*556061117380487536340698848226897406459904.000000)+-0.000000)+(0.000000*(((-5.137034aqx1)+(-1.973999+(-0.964827*x1)))*44651889555641958804750336.000000)))+(0.000000*(((((x2*0.000000)+3.596322)aqx1)+(((x0*95327177850468866446560591872.000000)+-1471420927118076409299840532480.000000)-96.781000))aq(((0.005405+(-1.004966*0.000000))-(2006127764.161844+(x2*-633942298.997255)))*(0.016992+(-0.000000*(11871263.096485aqx2)))))))+((0.000000*(((-12.781281+(-56.928000-96.781000))aq(19912.986634+(x1*-7269.787314)))*((((x0+x0)+(0.000000aqx3))*-55020693407.374489)+1542081896214.206543)))+((0.000000*(((2461827297354661471529977673186085447573438464.000000+(x0*-69759451390617286505189345907961858896166912.000000))+(-56.928000--8919.860242))aq(((2888816921952509.500000*x3)+-8661745849667366.000000)*((x3*558811254962137920.000000)+-2012033472130148352.000000))))+((-0.000000*(((x2aqx1)+(-56.928000-0.000000))aq(13965.819942+(x2*-3518.601528))))+-0.000000))))*222460719773105813421206681386310327137207781653015657072028579424461675876026721239040.000000)+(((((((((x2*-2.859654)+3.596322)aqx1)+(((1880180927205036367272657595617542149349538425534046927873730900225291434139466045262807072505856.000000*x0)+-27023475025609735072681065018794887615354131444252851202451599416079216513958349122742402450194432.000000)-96.781000))aq(-1151336365916764218726749038340080031440023591095276880064914053837046701366091217354482303315337050878216230295074180688518978732032.000000+(423641115612947205184447249965135370824246532520096875227972532781808536757463681430844755867889327039179603352628366685345715060736.000000*(x3*x3))))*25136377059725784573209515081317696074590816734124735581907108444956977007003799950809942276284874752.000000)+((9656549655203617105918136686999301994935728662294021525192310784.000000+((((x1aqx0)*-840.164766)+(1121.239009+(-68.071900*x0)))*1284617242897915176694136398288770385716745163446021134558953472.000000))+((-59602281617818499120633407446511387587309033183996367685768183808.000000+((x3aqx0)*-595646963900566725640259763451979871202082545529286924610626912256.000000))+(-0.000000*((-125419211772833693788355952421692496810200512222521956183487203136773091980476416.000000+(53905114222088007359232996940644808904669704949456821519797093620943473734582272.000000*x1))aq((x2*-5391.044470)+25521.720490))))))*1.105702)+((((-26777792588406698960827934573443663476929399041916735759592777056256.000000*(((-11940853.744291aq(x1-x3))*-20467085149.899261)+-92856489652617856.000000))+((((-11940853.744291aq(x1-x3))*83230897129817359457933776585631864660575317444183640244224.000000)*-6584854662547164160.000000)+-2486491820405333779360400459129085045024861223245615235391019299630314643115057610752.000000))*-0.001468)+((-184760322260539336890622082692304019936217683898095211407948644352.000000+(-20287318067117477999871627041264657114377864145208451065854360211500695012798994377808758797843100317512261611487797495299629610172416.000000*(((-756026073785299689169372897944205541597014654976.000000*-0.005439)+(5816423670002302172060227009019931277584048080094449735676155296523073515008557056.000000+(x2*-3110662908366792576488688724465236635368968776446520482614938864709310680896897024.000000)))aq(-43137904.505011+((-2132941799643613200718979496078029375007515323315657039608953460262434352146869670662080304491928330311662240313797484312444308310865203711045055545344.000000*x3)+10415928509267723466284436160277488472150196564461760404220257048154266016185844437360542261132673408949072351074051626056842893264147910653642046177280.000000)))))+(2068160373255454731342374886743590085516629274362000137157786137841592823485532479749878514918096896.000000*(((-756026073785299689169372897944205541597014654976.000000*-0.005439)+(5816423670002302172060227009019931277584048080094449735676155296523073515008557056.000000+(x2*-3110662908366792576488688724465236635368968776446520482614938864709310680896897024.000000)))aq(((x3aqx3)*-3825911819157742300315622824903559572084329809046158980434522838384176795608339322282560333468779263567554289281794048.000000)+3545519332776386536179058110242390566260402468529843744504027316938477062763631075254921587260017572285609786688405504.000000)))))))))
sbp,feynman_test_16,ok,6,200,0.938826,6.386256,419,2069.41,,-189.385118+-0.000337*(((((((x3*x4)-((-0.409168*((((x5aqx4)+(x4-x4))*((x3aqx0)*(x4*x4)))*((0.379342*(x3-x0))+-0.570901)))+1.455417))+(((((4.320000*x0)*(x1*x1))+(((-15.235802*(x2aqx5))+16.290125)+((-34.918832*-23.512368)+-31.126154)))*0.134245)+(((-0.915595*((-3.087699--9.051286)-(x5-(x2aqx2))))+3.992431)+(((((x0+x3)-(x3+x4))aq((x1*x1)-(-3.346000--22.052000)))*(35.719109+(-4.503612*(x1*x4))))*0.146473))))*((0.000000*(((-1.450906*((8063245333.059857+(-1560872915.373887*x1))aq((x1*x1)-(0.000000--22.052000))))+((725777388.894703+((x1aqx1)*-421387610.767619))+(-10823330.577547*((x1*x1)*-1.640692))))*(((((-3.397287*x0)*(x1*x1))*1.235619)+(-45.431336+((x1*x0)*19.175536)))*(((4.320000*x0)*(x1*4.248310))+((-124.668885-x0)+(x1-x5))))))+(-1.535752+((((((-3.397287*x0)*(x1*x1))*1.235619)+(-45.431336+((x1*x0)*19.896721)))*((2520.820876+((x5+x1)*-505.231798))+((-124.668885-x0)+(x1--568.190600))))*0.000000))))*3464.506534)+(((((((x4*x3)+(-3.532000-x4))*(((((x0+x3)-(x3+x4))aq((x1*x1)-(-3.346000--22.052000)))*(5149008.215840+((x1aqx1)*-5426560.065418)))+17.249444))*-0.000000)+((0.000000*(((((x2*2144064.113854)+-4818174.365685)aq((x1*0.000000)-(-3.346000--22.052000)))*(35.719109+(-4.503612*(x1*x4))))*((-1.000000*(489370700.188330*(x4aqx3)))+20270307.917078)))+((0.004430+((((33762286324160571375616.000000*x0)+-80824788546713401950208.000000)aq((x1*x1)-(-3.346000--22.052000)))*-0.000000))+((((-0.087868*(x1aqx1))+-29947948.342569)+-29947948.423148)+((((-3.397287*x0)*(x1*x1))*(-6.572787+(1.593108*x0)))*0.000054)))))*305365.155822)+((((((x4*x3)+(-3.532000-x4))*(((((x0+x3)-(x3+x4))aq((x1*x1)-(-3.346000--22.052000)))*131.540356)+17.249444))*((9360.214316+(-37.697611*((x3aqx0)*(845.994998+(x3*-154.992958)))))+180.288358))*-0.003558)+(18290119864653.214844+((((((1478355.317672*(x2*x4))+-10080041.905008)*(-1.000000*x3))+(-197304186.289617+(-67910223.701545*((x5aqx4)+(0.000000-x4)))))*(((((x0+x3)-(x3+x4))aq((x1*x1)-(-3.346000--22.052000)))*(-5855092.044113+((x1*x4)*800010.154456)))+17.249444))*0.000000))))))
sbp,feynman_test_17,ok,6,200,0.990139,145.389609,497,2097.17,,-27.622668+0.000000*((((95786.475211+(650.297123*((((-1.054374+(((x4aqx2)-(x5aqx3))*-1.594091))-(x5aqx3))-((12.740000+7.162000)*(x4+((-1.031629*(1054050.564461+x4))+1087389.042723))))*(0.543993+(((((x1+0.000000)*(x1aqx3))aq((x4+x2)aq(x0*x5)))-(((x5*244.926511)+-994.893758)*((0.000000+x5)aq(3.521000*-17.384000))))*0.806591)))))*(((4905.541151+(((-714.484756+((x4-x3)*1006.216354))*(((-68.303076+(24.511910*x0))*((x1+x4)aq(x1aqx0)))-((-32.723239-(0.000000-x0))+((x4+x4)+(0.000000-0.000000)))))*-0.034889))+((((((0.000000+x2)aq(x0*x5))*-5342507.501965)+(10028.190906+(((0.000000+x2)aq(x0*x5))*5329740.619614)))*((320.351179+(((x5+x1)*(x4aqx3))*-60.554002))*(((-68.303076+(26.212155*x0))*((x1+x4)aq(x1aqx0)))-(((0.000000aqx4)-(0.000000-x0))+((x4+x4)+(x4-x2))))))*-0.000037))+(((-4.885573*((x0+x5)*(3.006301+(0.097980*((x4+x4)*(x4*x1))))))+31.058242)*(((((-46.537193*((x5aqx1)aq(x5*x4)))+1.179074)+(-5.551986+(0.004772*(5355.649899aq(x0*x5)))))-((12.740000+7.162000)*(x4+-0.513000)))*(0.543993+(((((x1+x4)*(x1aqx3))aq((x4+x2)aq(x0*x5)))-(((x4-x3)aq(x3+x2))*((x3+0.000000)aq(3.521000*-17.384000))))*0.806591))))))+(((-337365431.774759+(((0.657572+(-0.143131*x5))*(x1*x4))*238773371.841850))+(0.000000*((-15028342585221.589844+(-1132576071.401699*(((-1406.529917*x2)+4748.692697)*((x4*x5)*(x0-x5)))))*((((308998.081143*((-11.238163*x3)+71.658225))+9264865.919752)+((-3569165.457272+(602654.469342*(x0+x5)))*1764.625498))*((320.351179+(((x5+x1)*(x4aqx3))*-60.554002))*(((-68.303076+(24.511910*x0))*((x1+x4)aq(x1aqx0)))-((-32.723239-(x5-x0))+((0.000000+x4)+(0.000000-x2)))))))))+((-26.883702*(((-9.564946+((x4+x5)*-0.136130))+(((x0+x5)*(x1*x4))*-0.245476))*((1.674259*((((0.429496*x5)+-1.213327)*((-246881.199921*x2)+940680.900316))*(x0-x5)))+(15.319382+((((x5*244.926511)+-742.182669)*((0.000000+x5)aq(3.521000*-17.384000)))*0.226819)))))+((-295021632.064472+(-93606303.906620*(((-82.547997*(-0.552591aq(x5*x4)))+-5.967905)+((((x4aqx0)+(-8.639000aqx5))aq((x0*x2)+(x4-x2)))*15.926817))))+(((((-9.564946+(2.342780*8.301209))+(((0.007498+x5)*(x1*-7438.587515))*((-0.000078*x5)+0.000447)))*((((-1406.529917*x2)+4748.692697)*((x4*x5)*(0.000000-x5)))+13.248693))*(0.776569+(-0.000000*(((0.000000+x2)aq(x0*x5))*((x2*15889.085888)+5257559.841985)))))*1592.013816))))))
sbp,feynman_test_18,ok,5,200,0.927199,0.192477,447,2118.0,,-13900149405.927160+0.000000*(((((((((((16657796772991.621094*0.000000)+(30063.060863+-42073.358578))*(((x2*292798.314705)+-407178.417418)aq((x2*x2)*(x0*x0))))+((((874.258514*0.000000)+-4593.050640)*0.000139)+1.608725))*(0.000032+(((-171.457944+(57.213164*x3))*((0.000000*x3)+-8419039990356983808.000000))*-0.000000)))*0.066678)+-496894167406875.437500)+(((((x2*x2)*((x2*0.000000)+-0.000000))*2796662061013851.000000)+(19098584615537502788255744.000000+(((x3+x1)aq(14.421000*x2))*-99677121158634199956062208.000000)))*0.000000))*(((((x4*x1)aq(x0*x4))*((x2--11.091000)-(x4-((9.357737*((x3aqx1)+(x4aqx2)))+(-20.223923+(4.611650*(0.000000aqx1)))))))*-1130.248183)+(((-0.578813*(((((x1+x4)-(0.000000aq16.943000))aq((x2*x2)*(x0*x0)))*-5.175790)+((-14.608162+(3.412910*(x4aqx0)))+(-0.022790+((x3aqx2)*2.043004)))))*-1388.375820)+((((((-171.457944+(57.213164*x3))*((-4.607067*x3)+11.787235))-((x0--16.055000)-(x4--14.937000)))aq(((x4*x1)*(3.611000+x1))aq((x2*x3)-(x1aqx1))))*5.875426)+((((-6193.920248+((x1-0.000000)*7276.607640))aq(x0*x4))*-0.325876)+3725.223010)))))+((-1661615535107244.750000*((16267835.587840*(((0.000139*(((x2*292798.314705)+-407178.417418)aq((x2*x2)*(x0*x0))))+(((-0.000000*(136674552285369.078125aqx0))*0.000139)+1.608725))*(0.000032+(((-171.457944+(57.213164*x3))*((3031817866367130112.000000*x3)+-9013346790136455168.000000))*-0.000000))))+((0.000000*(((338870.167132+(-152665.288601*x2))aq((x2*x2)*(x0*x0)))*((-310303.690088+(161026.508090*x0))+((-292937.662406*x0)+787263.496142))))+((0.000000*((313296035847409187684352.000000+((-667961470941022485935393649767514898432.000000*x3)+1387296456733593226645013663993902923776.000000))aq((289485284434241.375000+(-66774008411613.406250*x4))*x4)))+((344142.471363*(((-0.000049*x2)+0.000104)*((-4.607067*x3)+11.787235)))+((((-86710525611.861176*x0)+424313808059226981924864.000000)*0.000000)+-715185453778313.625000))))))+((((((((2636318314804111360.000000*(x0aqx1))+((-893776269087914624.000000*x0)+-111811350006748672.000000))*(((x2aqx4)*75737.486571)+-58239.305520))*-0.000000)+3584267746734523904.000000)+(19796297855880724433106289946711339672573064206576421842190336.000000*((((-0.000000*(x1-x4))+0.000000)*((7599283.624388*(x4aqx2))+-13113639.655001))*((((0.000000+x1)aq(14.421000*x2))*0.000000)+-0.000000))))*26163570072.029343)+((17084806974885189632.000000+((26875.031252*((-5956.354568+(-26061.717718*(x0*x4)))aq(x0*x4)))*(23906760862.207455+(0.000022*((-71165408894733.968750+(43007126171401.992188*x3))aq(-145.336453+(102.788138*x2)))))))+(((-0.088081*(((-0.000000*-111387864926938668601328017604608.000000)+0.000000)aq((x2*x2)*(-8.062441+(6.117351*x0)))))+(-16412614563899.531250+(2118523130907904.250000*(((0.000000+x4)-(x0aq16.943000))aq((x2*x2)*(x0*x0))))))*509.767027))))))
sbp,feynman_test_19,ok,6,200,0.983791,2.816029,361,2061.57,,2.731694+-0.044015*(((-2.262414*(((-0.002726*((-1.618932+(-0.888221*(((x5aqx4)+(x4-x4))*((x3aqx0)*(x4*x4)))))*(((((x5aqx4)+1.202379)*((x3aqx0)*(x4*x4)))*((-2.340303*(x0aqx4))+0.520661))+8.952522)))+25.507601)*(((((x5aq(((x4+445.217800)*0.906835)+-403.456535))+(x4-x4))*((x3aqx0)*(-470.832733+((22.725336+20.863547)*((x3*x4)*(x5*x4))))))*0.000769)+((0.000000*(((-0.019669*(-169296.991358*(x5aqx0)))+0.018602)*(1515.915145+(-847.731562*((x1*x5)aq(x2*x1))))))+(((((945.316429*(x3aqx0))+(-65.508792+(x3*-327.763297)))*(((x4aqx1)aq(12.543000*x0))*((x3+x4)*(706.922082*x3))))*0.000001)+(((((x1aqx3)+(-3.545747+0.000000))aq((x4aqx5)+(x2+0.000000)))*-0.855185)+(-2.921926+(((x0aqx5)*-1043.487616)*-0.000571))))))))+(((((0.000000+(-0.000000*((1367995981797613230843172957419306805288892006137856.000000+(477893649377626107989533668983258029333325539180544.000000*x2))*(-0.000000+(x2*0.000000)))))*(((((x4aqx0)*(x5aqx0))*-0.012331)+0.010888)*((-20110.357293+((-902752458.834485*(x1*x5))+5758075901.588070))+(((x1*x5)*-9999443.349219)+60348295.239125))))*1882.940726)+1.295873)+((-35.233697*(((((((x4aqx0)*(x5aqx0))*-0.012331)+0.010888)*((((x1aqx3)+-345863.734087)*-36407.709988)+-12592072364.505915))*-0.000579)+(((((-220856053.977362+(x1*89761902.514712))*((x0*x5)-(x4+x2)))*-0.000000)+-0.049691)+(((1.371987+(-0.195750*(x1+x5)))*((x3aqx0)*(x4*x4)))*-0.042014))))+((0.000000*((0.000000+(-0.000000*((-1367995981797614227764169796106211483144187216396288.000000+(477893649377626107989533668983258029333325539180544.000000*x2))*((x3*x4)*(x5*x4)))))*(((((x4aqx0)*(x5aqx0))*-0.012331)+0.010888)*((20110.357293+(-63042.923740*(x4-x3)))+(-847.731562*((x4*-72.039596)+240.543458))))))+((13.535072+((((x5aqx2)*(10060.068268+(x5*-1740.299583)))*0.000325)*-7.854139))+(((20110.357293+(((x4-x3)*63042.923740)+-40220.714586))+(((x4-x3)*-63042.923740)+20110.357293))*1131115567818.616211)))))))
sbp,feynman_test_2,ok,6,200,-0.049686,1.423805,455,2031.16,,0.411556+0.000000*((((((((((((x1+0.000000)aq(x5-x4))*223268859464.249084)+-197571099930.699341)*((x1+-3.477260)aq(x5-x4)))*-1.009402)*0.904231)+-3220665061.062958)+-5029270076116.601562)*(((((((((x4aqx5)*(-23.732000-0.000000))*((x4*x4)-(x4*x5)))*-1.160022)+24.625165)aq((x2aqx1)*(x2*x5)))*37.983016)+-70615.102724)*((((((((x1+x0)aq(x5-x4))*1.635200)+-1.252137)aqx2)*205516.220302)+-102692.020894)aqx2)))+((((((((((x2aqx4)*-0.000000)+0.000000)*(((6255319.736250*x4)+-24555834.198219)-x0))*((x4*x4)-(x4*x5)))*((((x1aqx1)+(x5aqx5))*-1197296348911256558839148550332610510848.000000)+2118709462934966954937556212538027278336.000000))*15912349159697582080.000000)+(((((((0.000000*x4)+302595.289904)aq((x1-x0)-(x4+x4)))*(-0.000520+((x5-0.000000)*-0.000329)))*(((-892.225729aq(x4aqx5))+((x4*0.000000)aq(14.848000+x1)))*(((x3-x5)+4.833919)-((11.620000aqx4)aq(x1*x0)))))*-77099952578078480.000000)+((134936786896223567872.000000*(((x3-262.612083)+(x1aqx0))-(-847.162656aq(x1*x0))))+((-10690633709726641537679360.000000*(40063.681828aq(-62167457.133451+(x5*0.000000))))+(-93657781770206698274816.000000+(3323883095715869097984.000000*((4.227277*x2)aq(x1*x4))))))))*0.160861)+(((((((0.012845+(-0.002411*(x1+x0)))*(((-716029605160317998365593829376.000000*x1)+607428783802478352731683684352.000000)aq(-62167457.133451+(x5*142684528.114144))))*39.995530)+3544833613433768247296.000000)+(-0.000000*((((471219269046.857117*-9787.784646)+-12329263234901868.000000)+(70473092663369208.000000*((x1+x0)aq(x5-x4))))*(((188654857278.528564*(x4aqx4))+(-92054126958.002075+(0.000000*x4)))*((263225.163631*(x5aqx4))+-258060.592608)))))+(((((0.000000+((x5aqx4)*-0.000000))*-0.000000)+-123777970560767408.000000)+-31009.229553)*((((-11266.932630*((x1+x0)aq(x5-x4)))+2163.540491)+(-2163.512898+(11266.922945*((x1+x0)aq(x5-x4)))))*(((((x3*85301.575337)+-234420.704662)+(-0.173159*(x2*x5)))aq(x5-x4))*(122.387976+(-37.657030*x2))))))+((((((x4aqx5)*(((6255319.736250*x4)+-24555834.198219)-x0))*((x4*x4)-(x4*x5)))*((((27598677604344503227964607481746467789471744.000000+(-6896840313820048486930327053439667932233728.000000*x4))+(-20626721374900555452104881410733026204667358262846986437229646538992885140438269212753920.000000+(x1*11201205684156356399746357520783170118322827145795968142060863213339226709438868433666048.000000)))*((-27598480950975409788375461712260997385814016.000000+(6896840313820047248990287768059393033109504.000000*x4))+-196653369089165431910521964023229972480.000000))+((40606687458088429153775364443119391239200049739351522766418161167315543418470400.000000*((0.000000aqx5)*1913311.755900))+-60331535940899026698794619622389567613854153030241290602890663497903636450924145147904.000000)))*0.000000)+(((((((x0+x2)*-522258211203.873718)+1824698758015.168701)*(-0.000000+(0.000000*(x0aqx2))))*((((x1+-1.941952)aq(x5-x4))*0.000007)+(500495.826829+((x1+133218989693.355789)*-0.000004))))*-94390594759774104901618213069898981702631424.000000)+((((((x1*-2462364008204.146973)+3073638196056.647949)aq(x1*x4))*((x1*51404135203.809647)+-139179848863.329773))*0.097701)+(1850809381024367902720.000000+(13400134109425574118162432.000000*(((x1+-1.941952)aq(x5-x4))*((x0*0.000474)+-0.001090)))))))))))
sbp,feynman_test_20,ok,7,200,0.990681,0.401792,451,2015.27,,-0.052771+0.000001*(((((((-1.331151+(0.050522*(((-28.620160*(x4*x3))+-0.912385)*(((x2aqx2)*(x1aqx4))aq((x2-x0)-(x4+x5))))))+((((x1*x2)aq((9.389301*(x0aqx3))+1.203712))aq(((x5+x5)aqx3)*(x0+((9.380000+x1)aq10.085000))))*8.541002))+(1.250471*((x3aqx0)*((9.240899*(((x2aqx2)*(x1aqx4))aq((x2-x0)-(x4+x5))))+(-0.548812+((17.583136aq55.925533)*1.899318))))))*((-1.494759*(((((-7.979847+(x0*2.413975))+(-0.368416*-2.703324))*(((x2aqx2)*(x1aqx4))aq((x2-x0)-(x4+x5))))+-1.081830)*(((x1*x2)aqx2)aq(((x5+x5)aqx3)*(x0+((9.380000+x1)aq10.085000))))))+((0.019121*((((x0*24.021301)+-37.226911)*x2)aqx2))+(((x1*x3)*-0.062564)+0.726974))))*155219.835854)+((((((((x1*x2)aqx2)aq(((x5+x5)aqx3)*(x0+(15.145615aq10.368919))))*0.000000)+-0.000000)*(((-0.380954*((4298856505528291030764463982845873226776576.000000+(x5*-1900348979798499269295956783677442977955840.000000))aq((x6+x5)aq(x0-x3))))+(-19342813113834066795298816.000000+(((4298856505528291030764463982845873226776576.000000+(x5*-1900348979798499269295956783677442977955840.000000))aq((x6+x5)aq(x0-x3)))*0.380954)))*(((((x2aq30.983028)*(x1aqx4))*0.000000)+-0.000000)aq((x2-((x4*175427212350500320.000000)+-679924708248221440.000000))-(x4+x5)))))*-5567863603975663510355968.000000)+(((45781.945513+((((x1*x2)aq(-111628430068449.281250+(158175713786364.687500*(x1aqx5))))aq(((x5+x5)aqx3)*(((1483722710802.713135*x3)+-6866006936520.965820)+(15.145615aq10.368919))))*24071186899895395789601505280.000000))+((99635.858954+(((((x0*x3)*41609437.155071)+-295759556.577483)*(((x2aqx2)*(x1aqx4))aq((x2-x0)-(x4+x5))))*0.003564))+(((((-9.130746+(4.887518*x0))aq((x2-x0)-(x4+x5)))*-13.671915)+(((x1aqx0)*-10.662113)+15.592947))*-16804.604013)))+((0.113322*((((((x2aq30.983028)*(x1aqx4))*0.000000)+-0.000000)aq((((2081910765343216489616018943017241915494213403705674418326192184641984993519178675180797952.000000*x1)+-4103515160388268388528449050332411954447230914584989637596471727158879538208489218135556096.000000)-((x4*175427212350500320.000000)+-679924708248221440.000000))-(x4+x5)))*((((-134517799171607552828378187175874951229580818173062906119511895507392379800743126694363136.000000+(x4*73750523163457328781290768458495369178811239776530914753943915129955259239433212826484736.000000))aq((x0*141951503522631840.000000)+-145296194479620992.000000))*1889673955652482103921036243543049371648.000000)+-822895514226480899245086397718547705011061064707006743351471764026232485538752291885365392872485312258841247744.000000)))+((19712610242846469907768862731397327916061272955535155947929613157937202406706921590129572393779200.000000*(((x2aq(105935995503022655655356890169950688396588351488.000000+6745345648635877043582021016227872444971483136.000000))*((-0.000000*(x1*x2))+((0.000000*x1)+0.000000)))aq((x2-(439416671311359936.000000+(-175588215345338144.000000*x4)))-(x4+x5))))+((-2361115728131906379014209536.000000*((x1*(-0.000000+(0.000000*0.000000)))aq((111889466459933.656250+(x5*2229883971233.592773))+((4281270531484.302246*x1)+-122535737205829.843750))))+(((((x5+x5)aqx3)*44502.055094)+-92977.788798)+(-0.000000*((5961076696979417231901504411661539147400056697973817998790734140592830637821203417285913290512011822653861110939590711357531488256.000000+(-2043077241502432480934321940157576099313811613158855096258953701535778997152897547076364993686501946731053070242947270368399720448.000000*x5))aq((x0*141951503522631840.000000)+-145296194479620992.000000)))))))))))
sbp,feynman_test_3,ok,4,200,0.953499,0.421798,449,2126.36,,-66.097445+-1.985481*(((0.236376*(((((((-2.474483+(-0.625967*(x1+x0)))*(((x1+x0)*-0.000000)+0.000004))+-0.000071)+(-1.342755*((-0.000245+(-0.000008*x1))aq((0.000000aq10.662000)+(x1+x0)))))-(((x0*x0)+(x0*x2))*((-23.038000*x1)-(x1+x2))))*(-14.084664+(-49.906497*(((x1aqx1)*(x1+x0))aq((x0*x2)aq(x3-x2))))))*((((((x3+x2)+(x3-x1))-((1.161139*((x2-x0)*(x3-x1)))+19.910832))-(-22.302852+(239.418007*(((x1aqx1)*(x1+x0))aq(160.114717aq(x3-x2))))))*0.000009)+((0.000002*((((-0.067275*x1)+-1.086152)-((x1*-0.670722)+-33.414523))aq((((x0-x2)*835.693897)+2052.093076)*(x1aqx3))))+(-0.000254+(0.000000*(5522794822655715462610944.000000+(2025622126537707117084672.000000*((x0*x0)+(x0*-3.534433))))))))))+((((((((858837566389340317281944660974785059830234023518541569604889455927099169564114495464713088038343016798538204693244411904.000000+((x3aqx2)*-970172922857034194749306668720635343539536605781442380214674445250228111246524286262576361296539101423685563242858414080.000000))+((x0-x1)*-19806229463811321219336479178752.000000))aq(-17097171.586377+((-418332.265544*x1)+18618408.091484)))*0.000000)+-16.792959)+(((-3177877796301.209961+((0.000001*((x1*x1)*(0.787000-x0)))*-1045637904218885888.000000))+((646246992322.474731*((x1*x1)*(0.787000-x0)))+3177877796301.208984))*91.107698))+(((20.307000*(-62556.909242+(0.031488*(-197780.319903*((x0aqx2)+(x3+-15.547000))))))aq(((-148698675275.895508*(((x0aqx2)+(x3+-15.547000))aq((x3aq10.662000)+(x1+x0))))+-212024993912.119598)+(-8.503005+(17.071838*((x3aqx2)aq(x1*x0))))))*-7395.457836))+((((((((8335.304023+(-6252.893800*x1))*x1)+(((x1*x1)*9738.318126)+-24062.466643))-((x1*((8941.622755*x1)+-14897.277254))+-33.414523))aq((9029764.842033*(((x0*x0)+(x0*-3.512624))*((-23.038000*x1)-(x1+x2))))+-1293726106.994180))*-333.895366)+(-8.375507+((((((x1*-19099001215900999432273165025280.000000)+67319085009847331098728394129408.000000)+(-6.520371+(x1*5.334267)))aq(((310242591938130176589223381875228798400336368957286946106626473256416469032937269396394885787515481520894483020243795968.000000--9.354000)*(x3-x1))-((x1+x0)aq(x2+x2))))*(((0.007761*(3443569515149902660639295275008.000000*x2))+-125288833976584264149603713024.000000)+(-6491204823547134106711097344.000000*((x1+0.000000)aq(x2-0.000000)))))*-88826341812574334596979616593166055493966661661488968630272.000000)))+((((-182154049037597374202997252339986206028147102639456256.000000+(-8864976801330248433634316322098850107484530986281074688.000000*(((x1aqx1)*(0.000000+x0))aq((x1*-2387.379460)+9220.673376))))*((-382381264408323631441531371520.000000*((-3811596234803368899379200.000000+(-1329507215433867624185856.000000*x0))*((x0*x0)+(x0*-3.534433))))+((2756517264965435084837944948746305494651546764128026624.000000*(x0aqx1))+4443623322953162685483845759862995403453822891783618560.000000)))*0.000000)+(((((-238303895396510449759253164708981527019907807809723844001792.000000+((x1*x0)*82424953094600972915778427331224745194635130553716308967424.000000))+(-2047170929478409947175123552817080747356787310592.000000*((x0*x0)+1044408450872492952238240251644978371539680248881720212875653049263665669866274216944929395328417792.000000)))aq((((x1*x1)*(0.787000-x0))*-5344519344692903510052402658534557294447134319575895638016.000000)+-42543832105550472959131259230356553823722625056882579996672.000000))*0.000000)+((-0.000732*((45753735.183063+((x3*x3)*-2098375.707320))aq(((x3aqx2)*15797023.105345)+-13970170.894329)))+-8.356806)))))))
sbp,feynman_test_4,ok,5,200,0.540176,0.35411,461,2069.26,,-368251.269164+-0.818303*(((-0.008891*((3.295719*((-21.160000aqx0)*(x2-((-0.773117*((x3aqx4)-(x1+-57.975000)))+(47.686401+(-0.278060*((x3-x0)*(x0-x4))))))))+((((((-0.000072*((-6.558000aqx2)*(x1*x1)))+-0.020213)*(-71977.928292+(-1645.127856*((-47.199000*x2)aq(x4-x2)))))*((0.019922*(((-39.507000*44.271000)+(x2*0.000000))aq((x0-x4)aq(x0+x3))))+34.696804))*-0.031731)+((-148564.750425*((-0.000186+(-0.000057*((x3-0.000000)*(x0-x4))))aq((((x4-x2)*(x4-x1))aq((x1+x0)aq(x3--46.349000)))-(((x2*0.000000)aq(x2+x1))aq((x2-x2)aq(x0*x4))))))+(((((x3-x4)aq(x2-x3))+((0.782274*(x4-x3))+-1.288096))*50.957249)+((((31.059390aq(x2*x2))+((-11.983000-0.000000)aq(x0*x2)))*1.231093)+(((x1aqx4)*-3.172227)+(((x0*x2)*0.835143)+15248418.436257))))))))+((0.240954*(((-0.020823*((-373899064044936320.000000+(((x3-x1)*(x0*x3))*-16926037563826028.000000))aq((((x3-x1)*(x0*x3))*-9073800632949256.000000)+-164336179657358016.000000)))+(((((2217061387326878375739392.000000*x3)+(3758096384.000000+(x3*-2217061387326879717916672.000000)))*((x1*106.743182)+-1141.611206))*0.000000)+-653119.652029))+((((((x3-1.220610)*(x0-2.000671))*((1248163.850640*x3)+-3024741.814076))*-0.000000)+-651861.751520)+(((-0.198535*((31.059390aq(x2*x2))+((-11.983000-x3)aq(x0*x2))))+1.294152)*(((((x4aqx2)*-192497787643962949632.000000)+210032699138458615808.000000)aq(x4aqx1))aq((71220205407968084099072.000000+((x1+x0)*-5245708778658632564736.000000))+-164336179657358016.000000))))))+(((((((-148024138217237370149263275167055872.000000*((x2*x1)+60679968.332216))+8982103101455574510427179715483719547486208.000000)aq((71556173385673103983275936501553168384.000000+((x3-x0)*-133552554856360858908345028937032663040.000000))+-164336179657358016.000000))*-0.554311)+(0.042546+((((-4620539854.203982*(x2*x1))+73041859761.194199)*((-180100235632.546906*(x4aqx2))+181265872575.586670))*0.000000)))+((((((6.060060+(-7.897581*x2))+-6.547860)+(((-6.558000aqx2)*(x1*x1))*((x1*106.743182)+-1141.611206)))*(-0.011600+(-0.000012*((x0*x4)*-255.777311))))*((0.001244*((31.059390aq(x2*x2))+((-11.983000-x3)aq(x0*x2))))+-0.008266))*-0.054463))+(-0.000000*((((-166983041212.648621+((-169060258743.690857*(x1*x1))*-0.012173))+(-884471579454411.375000+((7675603765404.689453*(x1*x1))*1.714224)))+(((((-278468958993139616.000000*x1)+2300434040157033216.000000)*(15350944081183.042969*(x1*x1)))+441969948693312.250000)+(((-0.000031*(0.000000*x1))*((x1*106.743182)+-1141.611206))*19260446668.017250)))aq((((1454366376.449489+((x1-x3)*-207007796.347558))*(x4-((x1*-11861092895.240385)+99731307229.771210)))aq((x1+x0)aq(x3--46.349000)))-(((x2*x0)aq(x2+x1))aq((x2-x2)aq(x0*x4))))))))))
sbp,feynman_test_5,ok,4,200,0.904089,1.084207,409,2012.53,,-114.281017+4.884489*(((0.100716*(((x0aq(x3+(-3.021496+(0.418692*(((x1-x1)+(x2+x1))+((x1-x3)-(x0+-9.935000)))))))*35.831847)+(((-1.572308*(x0aq((716.911421*((x0*x2)*(x1aqx0)))+-1595.192794)))+(114.512012+(0.617622*(((x0aq-14.478000)*(13.958000aqx1))-((-1.246264*(x3aqx0))+2.249430)))))+((-0.053842*((((x3aqx1)*(x0+x0))*((x0*x0)*(x3aqx1)))aq(((x1*x2)+(x3-x3))*((x1-0.000000)*(-6.198000aqx3)))))+114.452228))))+((((((-3.322587+(-28.590578*((48.773638+(-15.398178*x0))aq((x2+x1)+(x1+0.000000)))))+((28.366542*((48.773638+(-15.398178*x0))aq((x2+x1)+(x1+0.000000))))+3.262076))aq(4.146899+(-4.747723*(-0.047315*((164.739094+(x0*-68.127252))+((x1*x3)+(x2-0.000000)))))))*(((0.013088*((((x0*13.750166)+-19.175587)*((x0*x0)*(x3aqx1)))aq(((x1*x2)+(x3-x3))*((x1-0.000000)*-5.607448))))+0.070719)+(((((8.780195*(x1-x3))+10.666442)aq(7.515885+(5.674837*(x1-x3))))*0.086290)+-0.049555)))*7.593411)+((-0.000000*(((((2715515605.318247+(-4509128186.183056*(x3aqx1)))*582017750.806468)+171936023102.890198)+(9360512849468859613184.000000+(((369.133061+(-317.448220*x1))*((x0*x0)*(x3aqx1)))*23322503099539410944.000000)))aq(4.146899+((226.516844+(((x1+x2)aq(x0*-13.679000))*-2997.228096))*(-0.047315*((164.739094+(x0*-68.127252))+((x1*x3)+(x2-0.000000))))))))+((((((369.133061+(-317.448220*x1))*((x0*x0)*(-12130170478883251765116928.000000+(5119037776270244500733952.000000*x1))))aq((((x3*9970128140769492752924672.000000)+-17148928307957881691439104.000000)+((x0*0.000000)*1380163.581241))*(((x1*x2)*-71095044.153358)+273112251.387512)))*136.126603)+(-0.013951+((((-1188835353753262489600.000000+(510239355784158642176.000000*x2))*((x2*124.535589)+-309.446421))aq((61165247199.987816+(-21418817454.856041*x1))*(8986109415.249363*-5.607448)))*0.000140)))+(((((369.133061+((x3*5284407979221.469727)+-10206642031990.095703))*(-191242854.502617+((x3aqx1)*254932776.800971)))aq((-3864991.313200+((x0*x2)*1380163.581241))*((x1-0.000000)*-5.607448)))*0.000000)+(((0.023111+(-0.001462*((x1*x3)*x0)))+(((495043.894370+(x2*-248999.203512))*(-495043.894635+(248999.203339*x2)))*-0.000000))+(-1.019959*(((-1774.092798*(x0aqx3))+2038.985377)aq(-1084250.357581+((x1aqx0)*1572364.897822)))))))))))
sbp,feynman_test_6,ok,7,200,0.831943,0.160384,501,2038.82,,444.108752+-0.036307*(((((((-56.126800+(((((x0+x6)*(x1aqx2))*((x6+-231.562205)-(0.000000aqx1)))aq(((x5aqx5)+(x5-0.000000))*((x3aqx0)*(1445.982715*x5))))*-0.699354))*(-1.928601+(-0.007503*(((x1+0.000000)aq(x4-x5))aq((x2*x2)-(-12.245000+x2))))))*26.506940)+-8650.810553)+(((((((((x1+5.492000)aq(x4-x5))aq((x2*x2)-(-12.245000+x2)))aq(((x0-x6)*(x1aqx1))aq((x4*x1)-(x0*x2))))*((((x1+x6)aq(x5*x4))aq((x4*x3)*(-5.814000*x4)))aq(((x3aq-4.318000)-(x6*5.466000))aq((x2*x6)+(x2+x2)))))*314.427805)+-1.447676)*((-56.126800+(((((x0+x6)*(x1aqx2))*((0.000000+-231.562205)-(0.000000aqx1)))aq(((x5aqx5)+(x5-x4))*((x3aqx0)*(x4*x5))))*-0.699354))aq(((x5aqx5)+(x5-x4))*((x3aqx0)*(x4*x5)))))*-0.005581))+((1.067489*(((0.000140*(((10726.529732+(-7164.795547*(x4-x1)))*((x6+-231.562205)-(x1aqx1)))aq(((x5aqx5)+(x5-0.000000))*((499.928941*(x1aqx4))+-232.557379))))+((((-374.494559+(x2*229.535987))aq((x4*x3)*(-5.814000*x4)))*-0.113007)+(-10.077125+(((0.546183+(x5-0.000000))*((x3aqx0)*(1445.982715*x5)))*-0.000165))))*((((508.455115+(-206.945727*(1.562304*x6)))aq(((3815.831160+(x2*-1249.370100))+(x5-0.000000))*((x3aqx0)*(x4*x5))))*-0.161574)+(1.041506+(-0.001734*((-415.543662+((x2*x2)*75.908795))aq((114.408325*(x5*x3))+-196.210326)))))))+(((((((((0.000000*x6)+229173721.729815)+37539946009.327347)*(((0.001110aqx2)*4046246.431137)+(3249.196421+(x2*858.372161))))*0.000000)+36453.421915)+(0.000046*((((x0+x6)*(x1aqx2))*(870183.381990+((x4aqx1)*-3809310.593300)))aq((((-879.284621*x4)+1146.841873)+(x5-0.000000))*(((x3+x4)*21.603772)+-108.030752)))))+-18389.960039)+((((-128.451561+(35041048.233170*((110922710.365456*(-2.066067+x6))+((-110922710.365456*x6)+229173721.729815))))+(0.004868*(((81386.668691+(-25726.979277*x0))+((x1+x6)*4344.763441))aq(-12670.152774+(3899.948079*(x1+x6))))))+(-487.990193*(((((x0-x6)*59269.461405)+(171537.528554+-175563.951298))+(((x0*315.372083)+-653.883162)*((354.523158*x0)+-734.071111)))aq(-1353191957.396027+(((x2*x6)+(x2+x2))*288316808.422887)))))+((((-415.543662+((0.000000*x2)*75.908795))aq((-319969.538832*(x5aqx5))+290724.818550))*3.397603)+((-142648.397155*(((133726031532818825216.000000*(x1aqx2))*(626.036022-(x1aqx1)))aq(-12670.152774+((x2*-10855576789503086066400273367040.000000)+28699733705825505169298878889984.000000))))+(((-0.439111*((x6+-132403.802346)-(x1aqx1)))+-58139.521228)+(-0.000000*(((x3*-58147523.200014)+118977073.060555)*((354.523158*x0)+-734.071111)))))))))))
sbp,feynman_test_7,ok,5,200,0.684874,0.974688,443,2016.2,,0.641780+0.004952*((((44.439157+(-0.019774*(((((4041.708086+(12584703.380018+(x0*-4608288.926096)))aq(-1970107.509620+((-14.465000aqx0)*-435259.185486)))*-0.019030)+0.052781)*(((((x0+x1)-(-250.958268*x3))*-0.194388)+0.279983)*((x2aqx0)-(((-4309.237160*(x3+x0))+16706.063913)*(0.000308+((x2-x0)*0.000628))))))))*(((((2.845000-x2)+(x1*x0))+(2.769054+(-8.879138*((((3.255000aqx1)aq(x4aqx4))aq((x4--5.241000)+(x2-x4)))aq(((x3+x0)-(x2aqx2))-((x0+x0)+(x2-x1)))))))*((((((-1.773987aq(x4+x1))+((0.000000*x0)aq(x1+x2)))+(((x3*x4)+(x0+-2.863000))+((x4*x1)-(x3*x2))))aq((((x1-x0)-(x1+x2))*((x0-x3)*(x3+x2)))*(((x2aqx2)+(11.868000-x2))*((x3*x3)*(x4+x4)))))*0.206658)+0.525634))*((-0.041346+(((21.144083+(-0.146851*(175.865147aq(x4-x1))))*(69879630.779026+(0.000000*((x3+x2)*-55310063854888681472000.000000))))*-0.000000))+(6.258756+(-0.000000*((((-8523473026796789248442157018413323517952.000000+(4781857435304795926463072244226479620096.000000*x4))+(12584703.380018+(x0*1404588.803054)))aq((-17272146.210855+(15500460.359274*x3))aqx4))aq((x4--5.241000)+(609.127408+((x0+x1)*-125.560877)))))))))+(((((-0.152167*(((4041.708086+(-773.614262*(x0+0.000000)))aq(x4aqx4))aq((43473.192132+(-24666.676035*(x0-x3)))+(609.127408+((x0+x1)*-125.560877)))))+((-0.000001*(((474621894123482752.000000+(-264619180930577152.000000*x4))+((136253885531007959040.000000*x0)+-387582035906960687104.000000))aq((7655605686969685.000000*(x4*x1))+-19153162730871636.000000)))+((((155071802.378925+(15500460.359274*x3))aq(-389240.946862+(353714.673618*x3)))*0.000012)+0.068894)))+((0.183912+(-0.000978*((-103862552.651370+(157270269.795525*(x2aqx3)))aq(-1809349.241324+(1038563.490971*(x3*x3))))))+((((-310077788793304297727992658852315136.000000+((x4*x4)*477840318783716296118037109496872960.000000))aq(((x3*548872590731186149707200605862720739000912445440.000000)+-695156502688910165090537502845812859696735846400.000000)aqx4))aq((x4--5.241000)+(609.127408+((x0+x1)*-125.560877))))*14070763147.092781)))*-81.738648)+(((((((57867172735961024.000000+(x0*1404588.803054))*85535274404709099508858880.000000)+-4949684499251975255473743246907323810054144.000000)aq(-328385642907167521442398994432.000000+((x4*x1)*99874376881161173323187486720.000000)))*-0.008510)+-11.919205)+((19.784731*((((-57204818690.568924+(x4*11145135789.799414))+(57204819367.984283+(x4*-11145138989.984701)))aq(727468.642012+(-854806.976762*(x2aqx2))))*((0.000000*(((-20450730149138112907759269977573157639712932191441748068872749743865856.000000*x2)+39535170273569820663844405705024789939814713046801382520696426211573760.000000)aqx4))+-1.732961)))+((((-103862552.651370+(157270269.795525*(x2aqx3)))aq(-1809349.241324+(1038563.490971*(x3*1.273025))))*-0.018924)+(-5.912488+((((474621894123482752.000000+(-264619180930577152.000000*x4))+(12584703.380018+(x0*1404588.803054)))aq(-1121236926818850.750000+(1708622641959119.000000*(x2aqx3))))*0.008213))))))))
sbp,feynman_test_8,ok,4,200,0.773541,0.248755,353,2126.11,,-1048349.517415+0.099584*(((((-0.017424*((((x0*x2)-(x1+x0))*((22.345163*((x2aqx3)aq(x2-x0)))+-18.413335))+(14.773052+(-0.250142*(((x0*x2)-(x1+x0))*(((x2*x2)*11.051177)+-54.159365))))))+3.521684)*(((x0aq-7.212000)*((((((x0-4.213000)-(x3-x2))aq((x1aqx1)+(x1+-13.597000)))*(((x2+-12.471000)+(-6.722000*x0))aq((x2aqx3)+(x1+x2))))*-0.486549)+(1.356586+(((((x1+0.000000)-(0.000000-x2))-((x1*11.361000)aq(x0aqx1)))aq(((x2*x1)-(x0*x0))+((x0-x3)aq(x0+8.428000))))*-0.015128))))*((((((270.898407+(-62.418418*(x3+x1)))*x3)-((((1.263000+x1)+(x3+x1))*-65.440347)+(((x3*0.000000)*-10.489831)+545.075597)))*-0.012970)+1.262225)+(-0.244923*(-42.409097+(((((x3aqx1)aq(x2*x0))*((x3*9.808622)+-53.301293))+-2.776293)*(-1.337552+(0.187088*((x1*x0)aq(x3*x3))))))))))+(((-13.912916*(((((-251.498963+((x1+x0)*107.337599))-(((x1*x0)*-2096.786328)+5792.090601))aq((-594.212850+(558.170780*x1))+((x0-x3)aq(x0+8.428000))))*0.001029)+(((((0.000000+(x1*-0.000000))aq(10032980619683.912109+(-3962698050218.601074*x0)))*-784189594108697780420608.000000)+0.783620)+(((-0.024203*((x0aq-7.676000)*(x0*x3)))+-0.092715)+(-0.000760*(((x3*-12908.106250)+17453.833934)aq((x3*567.719156)+-731.429184)))))))+5263637.371884)+((-9.478659*((2.732937+(-0.000000*((-368467033866394176.000000+((x2+x3)*97891917780286240.000000))*((x3-x2)*(x1aqx2)))))+(((-0.683259+((-1.938522aqx2)*-0.070257))+((x1aq((x1*109954289.917891)+-140920890.414069))*58051.916179))+(3.341045+(0.876520*(((x3*0.000000)+17453.833934)aq(71058046.811227+(x2*-29225476.092131))))))))+(((-0.020038*((-40.673023+(x3+x1))aq((x3+x0)-(x2+x2))))+2631839.408785)+(((-0.222456+(1324854954.449771*((-0.000001+(x2*0.000000))aq((x3*678999517894.473877)+-991894909666.140503))))*-0.012970)*912194190.727907))))))
sbp,feynman_test_9,ok,5,200,0.717433,879.910747,433,2009.34,,-1317.114338+-1325.309058*(((-0.000000*(((0.000003+(((((x2-x1)*-536857748305135405078550144253330572717150175232.000000)+944215646057496814811517300262133757381311463424.000000)aq((-819993506691838093637233213003558345648583475200.000000*(x1*-10.045978))+-8680147583240665708218520490040633845716428521472.000000))*-0.000000))+(((-10.186069+((-51.656475*((x2aqx1)aq11.201472))+18.616862))+(0.640165*((((x1*-21483820891408530325948386259365870193887674368.000000)+166164578416298405013156463391045689778592808960.000000)+((0.000000-x2)aq(x4*-10.213000)))aq(((x0+x4)aq(x4*x3))*((x1+x4)*(x4*-11.608000))))))*-0.000132))*((((-0.000215*(x2*(((x0aqx4)*-8.357170)+6.242981)))+0.001527)+(0.000458*(((x3*x2)*(x0-x1))-((x4aqx4)*(x0-x1)))))*((0.017213+(0.640165*((((x0aqx2)aq4.687781)+((-15.889000-x2)aq(x4*-10.213000)))aq(((x0+x4)aq(x4*x3))*((0.000000+x4)*(x4*-11.608000))))))*(((x2aqx1)aq(x1*-21.330000))*((x1-x0)aq(x4aqx3)))))))+((((23642809188.256615+(-343673725060198574442547741512749910778065667858847426494826860786590940909563143247626240.000000*(((((x0aqx1)aq(x4*-19.230000))*-1373444916984019.500000)+36125342948071.632812)*((((x0aqx2)aq37.614000)+((-15.889000-x2)aq1521.721038))aq((294011476763347757404938413175179605915888403695282875363188400571998582340335244146638848.000000+(-71051918455888007151976497877832334661214541408570347513679795026596800194294261808627712.000000*x2))*((x1+x4)*(x4*-11.608000)))))))+((-550963394255393340267386287186081403597930518186968914886078620269254176191082612704869315410450656156326052439704939345626537640379528626086735661557088256.000000*((((x0aqx2)aq(-18.807000--40.731771))+((-15.889000-x2)aq(x4*598.304689)))aq(((217110873231860877099897238447700622729408574960213440562134365455253504.000000+x4)aq(x4*x3))*((10067760203909520218768745493760588972395270504728935885232629542566232064.000000+(-2456134336151663138089899361383445370632047870305624947626053889838546944.000000*x2))*(x4*-11.608000)))))+((((((x0aqx2)aq(-18.807000-x3))+(-0.468622aq(x4*-10.213000)))aq(((0.000000+x4)aq(x4*x3))*((0.000000+x4)*(x4*-11.608000))))*22057548398310.835938)+(((((x2*-2.358845)+3.055843)*((x2-x4)*(x3-x1)))*2813014038.869251)+59851113978.535538))))*-0.000000)+((-0.353136+(55041592576281258434910930772158014554112.000000*((((149223528644672064.000000*((x4*x1)aq(x0*16.856000)))+-14542301055519976.000000)*((((-5.805000+x0)+(x3*x1))*(0.000000*(x4-x1)))*((-0.000000+(x4*0.000000))+((2000370128004406.750000*x2)+-1268895043388368.000000))))*((((19388.846685*(x0aqx2))+-15387.975665)*((1028.945454+(x4*-595.414013))*((0.000000-x4)*(x3-x1))))+((8004057.470737*((-15.889000-x2)aq19.369937))+9276469.716667)))))+((-0.000000*(((1.145517*((-12.088321+(x1*9.452830))*((x3*x2)*(x0-x1))))+1.338543)*((-0.000000*((324707018791034.187500+(-195811702019841.093750*x0))*((x2-x4)*(x3-x1))))+-29491.346659)))+(((((((x0aqx1)aq(x4*-19.230000))*-1373444916984019.500000)+36125342948071.632812)*((((x0aqx2)aq(40.731771-x3))+((-15.889000-x2)aq1522.912829))aq((294011476763347757404938413175179605915888403695282875363188400571998582340335244146638848.000000+(-71051918455888007151976497877832334661214541408570347513679795026596800194294261808627712.000000*x2))*(93.627775+(-25.684692*x2)))))*-146832233450530788375989096911447605672138759031169705197945863312673695858688.000000)+-0.287983))))))
sbp,first_principles_absorption,ok,1,14,-0.725897,1.791558,549,2007.75,,164968213.642212+-0.000000*((((((((((242900.111836*((15.841000aq-140.774000)aq(24.793000-x0)))+-1103.531541)aq((-66.722000-x0)-(27.274000*x0)))*6.587353)+((((((x0--65.763000)-(x0+122.698000))*46496684094863.734375)+2647288708941066.500000)*1.560501)+-13858.356739))*(((((((-4979.757520*x0)+-666166.233096)aq((x0*x0)*(13.881000aq-81.403000)))-(((50.709000+x0)+(0.000000+0.000000))-((0.000000+0.000000)+(x0-0.000000))))aq((((146.388000-94.781000)-(x0*x0))-((-16.508000-136.439000)aq(-122.583000-x0)))-(((144.266000-x0)aq(-130.769000--127.237000))-((65.600000+x0)aq(-114.785000+-100.643000)))))*-0.000000)+(1.004272+(-0.000031*((((x0*x0)+(x0-x0))aq((x0+x0)-(0.000000aq-44.676000)))aq(((-0.545000aq51.696000)+(100.424000aqx0))-((x0aq-121.052000)*(90.888000*x0))))))))*((-0.000038*(((361409796105322561536.000000+(6347761413986494464.000000*((x0--65.763000)-(x0+122.698000))))*0.000020)+(((0.000896*((x0+x0)*(-74.324000+x0)))+-1282069391962730.750000)+(0.062019*(((-1.008990*x0)+-17255283247931396.000000)*1.198020)))))+(-97880534458.524414+(-0.000075*(((x0aqx0)aq(-16.018000+x0))-(0.540807+(0.003322*(-93.441000aqx0))))))))*-2768551450341932.000000)+((-9438177678786034663424.000000*((((351810.835886+(0.000018*(((113112.444860*x0)+-675595.619991)aq((x0+-3.777000)*(-67.180000--26.355000)))))+(-0.000000*((54.358000+(171147330152787.187500+(18623002074803.410156*x0)))aq(-8.883000+x0))))+(-1417.048399*((((x0*-49.921000)aq((2.969711*x0)+205.189973))aq((x0+x0)*(x0+63.307000)))aq(((x0+x0)+(x0*x0))-((-41.248000-x0)+(x0+92.085000))))))*(((((242900.111836*((15.841000aq-140.774000)aq24.793347))+(((x0*x0)*5171.982700)+-1086.407300))aq((96.012959+((x0*x0)*-515.502042))-(27.274000*x0)))*0.000000)+(((((8112060906194205.000000+(x0*0.000000))+87510924298076944.000000)aq(-8.883000+x0))*-0.000000)+(((((50.709000+x0)+13601914815755584.000000)-(13601914815755634.000000+(0.984290*x0)))*0.000000)+(0.000000+(((x0aqx0)aq(37.637848+x0))*((x0*-0.000000)+0.000000))))))))+((((((((-53345361173457816.000000aq(x0-2.907000))*0.000000)+-12527672334.666113)+((((113112.444860*0.000000)+-675595.619991)aq((x0+-3.777000)*(0.000000--26.355000)))*-0.000000))+((((x0-17775963673995552.000000)-(-17775963673995552.000000+(1.009617*x0)))*-0.016818)+((1524.712410*((0.000000-x0)aq(x0*108.796000)))+((0.000030*(x0*x0))+(-6263802614.217838+(-0.000457*0.000000))))))*((((((0.000000aqx0)*42910561609898559333132323099840115723372768881989802578990121359230980004325595772662652080993744877931482634900102467715145400320.000000)+((-0.000000*x0)+1474.342105))aq(((x0+x0)+(x0*x0))-((-41.248000-x0)+(x0+92.085000))))*-0.000000)+((((780013643043048622391296.000000+(x0*0.000000))aq((x0*x0)*2600840274933051083552746379411456.000000))*29439442862.118935)+-535131149296844.812500)))*1.004573)+((-1251935981050267177058304.000000+(-0.000325*((((0.000000aqx0)*42910561609898559333132323099840115723372768881989802578990121359230980004325595772662652080993744877931482634900102467715145400320.000000)+(-85102058422215776.000000+(29877074018458284.000000*x0)))aq(((x0+x0)+(x0*x0))-((-41.248000-x0)+(x0+92.085000))))))+((-99933646698849.718750*((((x0-17775963673995552.000000)-(-17775963673995552.000000+(1.009617*x0)))*-0.016818)+(12528104968.277430+(0.006693*((x0-17775963673995552.000000)-(x0+-17775963609356754.000000))))))+((-174593449987.079071+(0.000015*((583066514542769408.000000+(-43610356574772368.000000*x0))aq((x0+-3.777000)*(0.000000--26.355000)))))+(1145.839690*((-128761833.082687*((x0*76.415000)aq(x0aq-0.925000)))+((14566722576.602816*(x0aqx0))+(-1540403314.820198+(x0*17034417.303642))))))))))))
sbp,first_principles_bode,error,,,,,,,TypeError: predict error: wrong data type,
sbp,first_principles_hubble,ok,1,32,0.371938,207.388746,275,2004.29,,-34844.437514+-0.185307*(((14461245659284596.000000+(((((3581501179460623839598231945216.000000+(((x0--3.139000)-(x0+0.000000))*-814918243003861818421089927168.000000))+(((274373146529033280.000000*((x0*0.000000)+0.016446))+-3493632726103230.500000)*((((x0--0.238000)-(x0+0.000000))*-2075797642060594.500000)*2.062195)))*(0.000000+(-0.000000*(3692429157800813.500000+((1372650244535611.500000-(x0+5.829000))*(-2.690000+(x0*-0.000000)))))))*7.021293)*0.997868))+((((-0.000000*(-895827758607819770249404562687393792.000000+(1335289833087279038464.000000*(((x0--0.238000)-(x0+0.000000))*((x0*-1.281624)+-2075797642060597.000000)))))+((-1.000000*((((0.000000*x0)+-11.301000)*(-11.301000+(-0.000000*x0)))*13210835069054724.000000))+(((433344936131256320.000000+(((x0--0.238000)-(x0+0.238000))*-231510342290531584.000000))*2.000000)+-433344936131256320.000000)))*-3.896747)+((((-0.000000+((((406709.810542*(x0+-233925.524692))+95134669522.582489)aq(((x0*0.000000)+(5.102000-x0))-((0.609000--4.137000)*(x0+x0))))*-0.000000))+((0.000000*(((406709.810542*(x0+-233925.524692))+95134669522.582489)aq(((x0*0.000000)+(5.102000-x0))-((0.609000--4.137000)*(x0+x0)))))+0.000000))*-40407822523543778058458708662917591340154880.000000)+((-0.003242*(((((x0--0.238000)-(-8.426683+(1.000000*x0)))*-0.000000)+0.000000)*((-54233702814017.984375+(((x0--0.238000)-(x0+0.238000))*-885120107487725.750000))*((274373146529033280.000000*((-0.000000*x0)+-0.015048))+(((x0+-9.199000)*4.575360)+4074398433519783.000000)))))+((66.666667*((-7.162000*x0)+(-15336432990120586.000000+(18728683002165856.000000+((x0+0.000000)*7.864164)))))+(((((0.000000*(x0+-487615734063022.750000))+0.164086)*((-7.162000*x0)+(5.111476*(x0*1.401161))))*1698791636179266137994963097485312.000000)+((((406709.810542*(x0+-233925.524692))+((x0*-406709.810545)+95139805828.618286))*-7484663.172414)+(-46937100438218208.000000+(27940699728992464.000000*((x0--0.238000)-(x0+5.338755))))))))))))
sbp,first_principles_ideal_gas,ok,3,30,0.833343,0.818601,571,2010.59,,-1942.556854+0.000000*(((((396859882.483900+(-788.902478*(468269.360051+(-13.329453*((-142.185189+(0.017983*x2))+((x0*x0)*-0.039685))))))+((((((((x1*-0.846115)+312.649590)aq(-358.946000+x1))*0.124210)*((((x1aqx2)*0.000214)*3378.863109)+((-0.000000*(1054455350232187451852297958233735294107259161511198720.000000aqx2))+-2.112754)))+(((((x1*646413831.745101)+-237356026029.322052)aq(-358.946000+x1))*-0.000000)+(-23.792313+(-0.000159*((x0*x2)-(x1*x1))))))+(2933999.501414+(7201168.287716*(((-1945614944079664128.000000aqx2)aq(1979698562585617253000095465472.000000+(-26257623617570105276990750720.000000*0.000000)))*(3159705314.678918+(253226544.832091*(x1aqx0)))))))*-6650.998744))*(((0.000726*((((((x0*x2)-(x1*x1))-((0.000000+0.000000)+(0.000000aqx0)))+(((1041.333000aqx0)+(x2*0.000000))-((0.000000-0.000000)+1152066.147506)))-((26693.411887+((0.000000aqx2)*0.000000))*(((0.097849*x1)+-30.700307)*((0.000000-0.000000)aq(x1*-715.722000)))))-(((((239.969000-x1)*(x1+x1))-((x0-0.000000)-(0.000000-0.000000)))aq(((1125.070000*x0)*(-393.353000+x1))aq((x1*x2)-(x1aqx0))))+((((-876.210000aqx2)aq(x2-x0))*2615.008160)+((3581.041414*114.759743)+48397.432851)))))+((-0.004884*((14783.242892+(((x2-x0)*(x0*x0))*-0.071671))aq((((340.312000+x2)*(x1-x0))*0.002401)+-285.354833)))+(27067297953457516.000000+(-0.000651*(41606815884078333952.000000+(-1136.531627*((x0-x2)-(x1aqx0))))))))*((((((((-0.026191*x2)+2.065924)*(221009212.844453+(x2*-15216104.753837)))*0.000001)+-0.000005)*(((((-1938.844000*0.000000)aq(-358.946000+x1))*39071182932111105818886144.000000)+1513170505288228798464.000000)aq(-2576717912194626879488.000000+(-20966632133427524.000000*((x0-x1)*(x1+x2))))))*0.000001)+((-0.000000*((-9428238721.567459+(((-1535.999114*x0)*(-393.353000+x1))*67425.905241))aq(-3735.109521+(-0.009126*((1125.070000*x0)*(-393.353000+x1))))))+((((140.673040+((x0*x0)*-0.039685))*((48.313761+(x0+0.000000))*((x2-x0)aq(x1*-715.722000))))*-0.002131)+((-712364.617991*(((-14046563329.728949*x2)+1431297885061.493652)aq(2131847139332279762944.000000+(x2*-26181290161021227008.000000))))+((0.000000*((340.312000+x2)*(x1-x0)))+-1.167328)))))))+(((-165067565499810.437500+((((0.000945*(((x1*-0.846115)+312.649590)aq(-358.946000+x1)))+(((621.971570+(0.000000*x1))*11159804005.398842)+(-6941080822079.080078+(-0.000000*(x1*x1)))))*-18805.722758)*2087008167.964246))+((((((5365050055938055077888.000000+(-280321534126174342098597881134570274816.000000+560643068252348684197195762269140549632.000000))+(-11734437525560820048953581236100090478723072.000000+((x0-x1)*-32679112511230645709395512807783583973376.000000)))aq(-3735.109521+(-0.009126*((1125.070000*x0)*(-393.353000+x1)))))*-0.000000)+((((0.000000*(87050229.654017aq(x2-x0)))+-0.000772)+(-0.000000*(((-1535.999114*x0)*(-393.353000+x1))*((1981278734504.379639*x0)+-85739331722330.437500))))+((((-1945614944079664128.000000aqx2)aq(1979698562585617253000095465472.000000+(-26257623617570105276990750720.000000*x2)))*(3159705314.678918+(253226544.832091*(x1aqx0))))*1.745823)))*-33342196588300.261719))+((1.006968*(((-54.909278+((x1aqx2)*0.000202))+(13.052324*(((621.971570+(0.000000*x1))*11159804005.398842)+(-6941080822079.080078+(0.009882+(x1*-0.000056))))))*((17191.785875*((-1358420525165560576635136752222208.000000+(5300523.427893*x0))aq(1979698562585617253000095465472.000000+(-26257623617570105276990750720.000000*x2))))+-4150851651396.715820)))+((791674483422814.750000+((15.668159+(-0.000000*(((x1*-1227916044784336585509358858045159899136.000000)+433265459676785463913720520759431619674112.000000)aqx2)))*-17398182397901.009766))+((-400349889.978540*(((((x1*-0.846115)+312.649590)aq(-358.946000+x1))*0.124210)*((((x1aqx2)*0.000214)*3378.863109)+((-0.000000*-878669303266755989331767697007596595689508555750113280.000000)+((x0*7.051340)+-513.232023)))))+((46527412630152175616.000000*(-1945614944079664128.000000aq(-68264186069697277926685278208.000000+(x2*4843488369678031877904007168.000000))))+519080796055534.750000)))))))
sbp,first_principles_kepler,ok,1,6,-3.829757,155.281903,213,2005.26,,358.395902+542.212746*(((((((((((29.699000*11.721000)*(x0-24.670000))-((6.168000-7096.654049)-(24.260000aqx0)))*0.002878)+23.540020)+((((-41.085000-x0)*(9.929000*-7.890000))aq((-39.757000-33.443000)aq(x0*x0)))*0.002802))*(0.490946+((((x0+x0)*(32.171000-x0))aq((0.108956*((31.561000*x0)-(x0*x0)))+-0.193385))*(0.000492+((0.000000*((-10.581000*x0)+(x0*x0)))+-0.000000)))))*((((19.128000-x0)+((18.574793+(((-1.581000-x0)*(-21.728000+x0))*-0.818376))aqx0))*-0.005281)+((0.000013*((((29.699142*11.721000)*(x0-24.670000))-((6.168000-x0)-(0.000000aqx0)))*((-0.000017*((x0+30.415000)+(x0*x0)))+-0.002358)))+((((532607008732873031680.000000+(27705984238713.968750*(-19223535.980386-x0)))aq((x0*x0)+(x0+x0)))*-0.000000)+((((-4431327.190198+-4431327.195140)aq((x0*x0)-(45.048000--3.568000)))*0.000000)+((0.000000*((0.000000+x0)aq(x0+-0.950000)))+((0.000000*(7070.541215aqx0))+23507.480883)))))))*0.000090)+((0.682542*(((((((-10.581000*x0)+(x0*x0))*-0.000000)+43.289011)+((((8.484000-x0)-(44.178000aqx0))*(((110494.560138aqx0)*0.000000)+-0.000000))*11146.426932))*1.474818)+-63.843392))+-21.644507)))
sbp,first_principles_leavitt,ok,1,26,-1.602694,2.801119,243,2018.69,,162747044543303.750000+-1.254791*((((8239874114788603.000000+((-1688849860263936.000000*((((((x0+6.534000)-(x0aq1.765000))+((-7.285000+x0)-(x0aq5.831000)))*-0.747373)+2.626723)+((-1.000000*(-1.759000-x0))+(-4.759083+(-0.583333*((-5.143000+x0)-(x0-0.000000)))))))+-2855820760267177.000000))*0.890682)+(((((((-2.663000+x0)-((0.145096*((x0*8.892000)-(x0+x0)))+-3.995000))*42992499928293016.000000)+(-135955135579084144.000000+((5464522616291517.000000+((2.354691+x0)*0.179038))*14.400000)))+(83591044826705632.000000+((5862430164762070.000000*((-2.663000+x0)-(-1.331000+((x0*2.504000)*0.399361))))*((((-3.591000+x0)-(x0-2.882901))*10.666667)+18.257834))))*-0.011965)+((-167493904585977.593750*(((0.000000*(-431278106543730304.000000+(((-2.663000+x0)-(x0-600849585902060.000000))*789.333333)))+(5.188474+((1025366272810404.375000+(x0*0.255515))*-0.000000)))*(((0.000000*(13312615411622784.000000*((-2.663000+x0)-(x0-11.704818))))+((0.343750*((-19.435620+x0)-(x0-2.882901)))+5.184477))*((-2.663000+x0)-((0.145096*((x0*8.892000)-(x0+x0)))+-3.995000)))))+(((-0.000000+(-0.001864*(((x0*-0.000000)+-0.000000)*(4111466187180662.500000-x0))))*(((59803986136802.914062+((-7.675000-x0)*-0.045432))*0.000000)+-0.000000))+((((-3.591000+x0)-((((-2.663000+x0)-(0.000000-3.995000))*1.028643)+((-214060044648209.125000*-10.400000)+-1100324557498750.750000)))*-0.500000)+(83599161580072.109375+((1735944445879551.750000+(((-3.591000+x0)-(x0-2.882901))*2369081053981354.500000))*(7.544754+((-0.855098+(-0.000000*x0))*8.615000))))))))))
sbp,first_principles_newton,ok,3,30,-0.234233,20.067367,311,2005.65,,-4.022300+-0.000000*(((((((-1782911020042.135742*(((((-2959184422618160145344390758400.000000+x2)aq(554651484.571030*x0))*-620017137315647872.000000)+-3172561784232455487870528913408.000000)+(6166247966479534794696709636096.000000aq((x0+x2)-x2))))+((((x0aqx1)*(((x1aqx0)*3191583296916.608398)*-0.000000))*-19789565723583122141396347855588363483026834216428742115328.000000)+-19789565723583116566210048222932578099097266054338365620224.000000))*-0.000000)+(0.000000+(-0.000000*((7865961082565695811507783204864.000000*x0)-(163620819805784372593894079442562874081280.000000+((((x2*x0)*(4277368423127937359800289984512.000000-8488928794499534845647481995264.000000))aq((0.000000+-3120324501075881335630008942592.000000)*(x1-x2)))*-10050403562832044977296901144576.000000))))))*-10519222526085440155016762345087801679658750742407271531644837019263351884317113694821831489160713132009148242800042640287202572172795677094795843487244716168611627008.000000)+(((((9132960653340274071828906214596177480900411392.000000+(((x0aqx1)*((x1aqx0)*-1.000000))*9132960653340275339479506442825578977603616768.000000))*1.791735)+((((((3142583714212810485932664815616.000000aqx1)*(-8366936801509596719753394651136.000000+8366936802413119010095625142272.000000))aq(13717717806962876961629270654631370170069680128.000000+(17605375285049026561167481539530942578688.000000*(2359299254107025383107527180288.000000aqx1))))*-54383046894122891545930016615782302920537521782784.000000)+-39342276201087916474101963685888.000000)+(((9838289478198205145253334263525196288116129792.000000*((0.000000*(-111094054915179597786799232181865490064137491992018944.000000*x1))aqx1))+(((4033481228829882228348609888256.000000-x1)*-2.075958)+9838289478198187398144931068313575334271254528.000000))*((187977481907888976854184132197880954880.000000*((0.000000*(-65206533515996589571040083968.000000*x1))aq((-1.000000*x1)*-1.000000)))+(((-65206533515996096989830840320.000000aqx1)*0.000000)+110333176547008.140625)))))*-987432147124611270855205100014715373679414905260809327304892232179626831244964871831759762587015448625152.000000)+((-79531596279143579007384756944896.000000*(((-82402805486354833486355159952823693689672511304295458471103932682643474382191466672942110102269306164654917480588771328.000000+(-82402805486353722572963039761935257198301349355933510134937304296474163987597388632174004742440397249418254763459346432.000000*((x0aqx1)*((x1aqx0)*-1.000000))))*((((x0aqx1)*((x1aqx0)*177406565782295.093750))*-18915633265554129462715968651264.000000)+3355757537239237338261477418256679916460310528.000000))*((0.000000*(695765688794950793269416952982686562895268706957910269391669522778834060967936.000000aq(-79229756943740526064964730880.000000+x1)))+(-0.000000+(((x0aqx1)*((x1aqx0)*-14244847085706690747685061315095378741241577472.000000))*-0.000000)))))+(((((((x0aqx1)*((x1aqx0)*-13537320789491043496200225025806741028976335616429382401687945560397470610082202140586886651885649920.000000))*(-0.000000+(0.000000*x0)))*-2429772245643002551067150899592436056493657049151002617028239445197202477334675169435099940268022174414731720977576125213032948305754238884860101635834366215147738890240.000000)+1359054047795273190069686892129821957165986190266282014072021605852716672826869974833211530172981745970429547558230982663533741552149864597385371451392.000000)+((-6457566029787713798309455814843210944894950981439905957163442571134879858070666677927496597348643968497423992884549386240.000000+(-6457566029787433991478305026118794424745724126833128776234764040837783872232261473336613802202059426233944557550789722112.000000*((x0aqx1)*((x1aqx0)*-1.000000))))*155374071320445704099382427648.000000))+((-275136137241175537377240678400.000000*((((3142583714212810485932664815616.000000aqx1)*(-8366936801509596719753394651136.000000+8366936802413119010095625142272.000000))aq(13717717806962876961629270654631370170069680128.000000+(17605375285049026561167481539530942578688.000000*(2359299254107025383107527180288.000000aqx1))))*(19079903151562238953293403962218529449999788845301716918238470312480845537334610544214594673415709499423984617754014767087429070581350528974848.000000+(((3875721903488070747076216521926351853191168.000000-x1)*0.000222)*-22146782928482988374726834347273120551220837270793754532200628398767278675602622521520989729070033928192.000000))))+((-1362191940091807793152.000000*((353484682511771664000192965331038468630115300863958617499341012255852600245606984807102072963299699072399217795795816535224518718614440771584.000000*((x1*0.000000)aqx1))+-1101780892769308085400070011467390803121839396414859651781600971579477142368769535864913675341249330258733597483578631543500832768.000000))+((((11347862197588005195663194012279546687829504476315648.000000aq(-79229756943740526064964730880.000000+x1))*(-133643899855605577139630609218698343073462762580455807817331666695339509646311947689519115213893671386611712.000000+(-1880699574711630526760108297699263069572323867043737789372385224014678980558848.000000*x1)))*2231.325596)+(((21602344585074547203196362651084207916851035583405559585822981877025015119141838363699711629138336373355987257191685687020899149021184.000000+(x0*-21902229329072368530625447937155583448619902409423139556944812419062447166770337414466808309522551943960684227560793440256.000000))+((x2-x1)*255042889071814878298525373612602421474735553516472850915936288113487825626048428148896221235080775860224.000000))+(591291993425487804642265373142243988806907143427793345830883454778353301113293871461085225227983325058450225983466103065542656.000000*((0.000000+x2)aq(x0*x0))))))))))))
sbp,first_principles_planck,ok,2,100,0.980292,48.012844,383,2005.61,,-1396912569977012.000000+-0.013598*((((((((((x0-x1)aq(x1*30766873173267312.000000))aq((-21432859106038248.000000+x0)-(-14010910259513572.000000+25914491622759712.000000)))*554537250713346796317216390619594752.000000)+((195992036534.879456*(-2829386645077588667531264.000000*(((x0-x1)aq(x1*30766873173267312.000000))aq((-21432859106038248.000000+x0)-(-14010910259513572.000000+25914491622759712.000000)))))+0.312500))*2582.482420)+(40462576983319984.000000+(((-1305899556840099429443006023702151407190224817618944.000000+(-13296351529716120118786338181957550080.000000*(-230747824944731.906250+(-0.002930*-45237912210473360.000000))))*(((((x1*192065002697021184696596267304548298653696.000000)+-265793530408578800058094934971908096.000000)aq(-23188882274911509452327532437554099258007083086664112799744.000000+(x1*45130727093723174837280358623443856948828520305586601984.000000)))*0.000000)+0.000000))*-0.000000)))+(208437.438099*(((-2829386645077588667531264.000000*(((x0-x1)aq(x1*30766873173267312.000000))aq((-21432859106038248.000000+x0)-(-14010910259513572.000000+25914491622759712.000000))))+39752619551221384.000000)*((-0.000803*(((x1*x0)*(30240737586221504.000000--15935734212016864.000000))aq((x1aq2184129704328856.000000)*(((x0+x1)*481936666769005442326073310440856856652259786752.000000)+461179260001775826962906066116753826779614218793773881622528.000000))))+-0.000005))))+((138235.617689*((((x0-x1)aq(((((x0--48298012486586816.000000)*(x0aqx1))*414.403819)+-1427212802947724295853628719104.000000)*30766873173267312.000000))*-356165196000165800470042902528.000000)+((((((-0.000000*(-524216101541005.375000-0.000000))+371328709445.085571)+(((x1*192065002428031669440354558132267394269184.000000)aq(x0+-6187015276368792.000000))*-0.000000))+(103753511821255187931354348184438370620090179330768896.000000*(((35128386779767264.000000aqx0)*0.000000)+0.000000)))+(((((x1*x0)*0.000000)+0.000000)aq((x1aq2184129704328856.000000)*(x0+x1)))*112933.237854))+((-1486292103273.975342+(23137922015915433080651776.000000*((0.000000+(x0*0.000000))+(-0.000000+(x0*-0.000000)))))+((((-12227301.140380*-4859047598546152.000000)aq(-30069907.290569+(x1*58297.810525)))*((201815098963.615753*(x1aqx0))+-33064.164583))*0.000000)))))+(((1.236689*((114017664028533296.000000+(-0.000000*(((0.000000*192065002697021184696596267304548298653696.000000)+-285773419663432119039415820463486355860619264.000000)aq((450928123444266.937500*x1)+-55758113419832704.000000))))+((((x0-x1)aq((x1*7891477388789.333008)+-11628753065149242.000000))*156.303597)+(((-5309800.016949*-10022509165.652496)+5310530.559924)+(1249386563300876.500000+((x0--42643071086082572136006811648.000000)*-0.000000))))))+((0.515351*(((-161567515045551.593750*((x0-x1)aq(5534314444251208.000000+x0)))+1059242326998808576.000000)+(-2118484027216393984.000000+(161567515045548.968750*((x0-0.000000)aq(5534314444251208.000000+x0))))))+(131664038896711616.000000+(0.287313*(((0.021447*(119678837531851856.000000-x1))*1.471992)+717818854679050880.000000)))))+(((((((-276988305.935585*0.000000)+59996579592123780534885548599346671184386139707541407780603249427579994192394133776985341605637077126983649853440.000000)+((-17609369178222539755822202492208677912576.000000*(x1aqx0))*879750234493752840235500359230167131359799458080684563464141821403808923295678464.000000))aq(-28441668004267933696.000000+(28438899248689242112.000000+(1978063961.347265*(x1*x1)))))*0.000000)+-8.245735)+((-35.521072+(((((x1aqx1)*27877014723392898460969613534758345972072425979904.000000)+-27875914907593879910640213490041703939150981365760.000000)aq((1996947286365770350592.000000*(x1aqx1))+-1996869032735818383360.000000))*(((x1aqx0)*0.000000)+0.000000)))+(-31.530960+(-0.000000*(((-957507883199342142671595804300342466285050089902860432053580286275866583881197013069021938093916160.000000+(-656904397630627070855164463620391717532865911687862381531186408373501124357303342382157706297344.000000*x1))+(-133269693130335584363377080647557243747616444907520.000000+(0.000000*4866727709291522981778376147016351744.000000)))aq(-2372262577056071789726437182296555520.000000+(55630669.101370*(x0--42643071086082572136006811648.000000))))))))))))
sbp,first_principles_rydberg,ok,2,50,0.205316,1.525014,517,2007.49,,-0.308498+0.052281*((((9.636397+(((0.128860+(((((6297173028169233.000000*x1)+-23917470734802112.000000)+22767712388002.843750)aq(((x1aqx0)*576572192787829.000000)+-901810151986434.375000))*-0.000798))+(((((30861514.050502+(0.000000*x0))*-20620063.208773)+-471322152.512979)aq(-810630954767301.000000+((28149861718102.460938+(0.000000*x0))*(x0*x1))))*-0.018702))*2.554237))*(((((-172.348829+(-56.114844*(((-11.840000aqx1)aq(x0-x1))-((-0.500000+x1)+(x1aqx1)))))+28.062000)aq(3.936549+(((-0.006374+(0.001670*(x1aqx0)))+(-0.000015*((0.000000+x1)*(x1aqx0))))*623.582004)))+((5.122002*((-293.809244+(34.583587*((x0+x0)+(11.737000aqx0))))aq((x0*x1)+(-24.560000aqx0))))+(((-20.791849*(((x1-x0)-(x0+x0))aq((16.195000*x0)-(x1*x1))))+-14.815926)+(0.000035*((((x0*x0)*-1272803.561522)+-654450.832760)aq(((-26.319000aqx0)-(x0*-30.822000))+((x0*x1)*(x1-6.771000))))))))*(0.060300+((5.122002*((-293.809244+(34.583587*(2.096065+(11.737000aqx0))))aq((x0*x1)+((311.020803*(x0aqx1))+-79.020914))))*((0.007598*(((-43453240.488951*-859122.461215)+22767712388002.843750)aq((4877419230743632.000000*(x0*x1))+-29446724478295728.000000)))+((-0.000171*((0.609454-(x0+x0))aq((16.195000*x0)-(x1*x1))))+(0.000415+(-0.000015*((0.000000+x1)*(x1aqx0))))))))))+((0.994418*(((-742.743339+(((6190842732115515392.000000+((x0*x0)*-331387762522265024.000000))aq((4877419230743632.000000*60.666647)+(18374463989771504.000000+-107295019902167600.000000)))*0.004867))+((0.005628*((((-82.771517*x0)+-7236.267610)+(-69.019962*(x1aqx0)))+(29665.794560*((x1aq48.933973)aq(x1-3.221000)))))+((((-6.232311*(x0aqx0))+275.523992)+(0.781605*((x1+-9.189591)*(x1aq0.000000))))+((((0.192105*x0)+820.985416)+(0.078717*(x0*x0)))+(((x1+-9.189591)*(x1aq0.000000))*-0.621053)))))+((((161256329759.777893*(((0.000000*0.000000)+45.313588)aq((x0*x1)+(-24.560000aqx0))))+((1017534415465.952881*((27.628000+x0)aq(x0aqx0)))+(((x0aqx1)*1168450784840.526611)+(-24787156300416.785156+(0.000000*x0)))))*((((-13130099.033152*(x1aqx1))+13070897.827479)aq((x0*x1)+(-24.560000aqx0)))*(-496827.528703+(17000.568390*(x1*x1)))))*(-0.000000+(-0.263773*((((x1*0.000000)aq(9.502000+x1))+((0.000000*x0)+0.000000))aq(((0.000000+-18.777000)-(x1--5.136000))-(-3665147686220.969238+(x0*729358634833.697876)))))))))+(-114.986060+((0.316163*((((((x0aqx0)*856038402859451136.000000)+-639485150492640256.000000)aq(((x1aqx0)*576572192787829.000000)+-901810151986434.375000))*-0.001432)+(((((0.000000*0.000000)+45.313588)aq((x0*x1)+(-39.555740aqx0)))*0.266574)+((-1002.774010+(-1.194814*(x1-x0)))+(-50.302373*((x1aqx1)aq(x0aqx0)))))))+((-0.001854*((((30861514.050502+(0.000000*x0))*-20620063.208773)+(((x0aqx0)*-66312874958658872.000000)+85586874961113376.000000))aq(-810630954767301.000000+((28149861718102.460938+(0.000000*x0))*(x0*x1)))))+((((39082900616338309120.000000+((x0*x0)*-2498277875413453824.000000))aq((4877419230743632.000000*(x0*x1))+(18374463989771504.000000+-107295019902167600.000000)))*0.000851)+-207.948724)))))))
sbp,first_principles_schechter,ok,1,27,-0.037801,4.357732,387,2008.16,,-71492159055907.796875+-128.670873*(((((((((-93656936925866.140625*((x0--4506167877.146000)-(x0+8368948806.482000)))+(460459040947808705183744.000000+(85447760787163.421875*((x0-1253717290.680290)-(x0+8368948806.482000)))))+(-366739978692355493462016.000000+(((x0--4506167877.146000)-(x0+643386947.809979))*94941956430181.671875)))*-114579659114637676350994207789696417792.000000)*-0.000000)+0.623570)*(((((2620204289.213000+x0)-(-4052013393.182000--11900111107.639999))*(((x0*x0)aqx0)aq(2882765960.148890+(2.926455*(((x0*x0)aq(514152987.399000-x0))aq((x0aqx0)aq(x0aqx0)))))))*-0.000000)+((0.000000*(((-93656936925866.140625*((x0--4506167877.146000)-(x0+8368948806.482000)))+(-896443954403316256997376.000000+(906694364710971881029632.000000*((x0*1255137589.307000)aq(-2128473679.850000*x0)))))+((-336877.644277*((x0--12929757635.438000)aq(-273018239.990000+x0)))+606042944.559026)))+((-0.086497*((-361776229857260971491328.000000+(((x0--4506167877.146000)-(x0+8368948806.482000))*-93656936925866.453125))*((0.000000*((0.000000-12071252065.466999)aq(x0-279067494.097000)))+((0.000000*(x0*x0))+-0.000000))))+(((-484483245569003492416159744.000000*((-1173981941911944704.000000aq(7903573317.526000*x0))*((x0*x0)aq(-6862500180.763000*x0))))*0.000000)+((((x0aqx0)aq(-1537905218.111000+x0))*8633234.759217)+-47124377513607.445312))))))+(((((((-336877.644277*((x0--12929757635.438000)aq(-273018239.990000+x0)))+(-645620110.065660+(((2167235167.819000-x0)*(-3895896576.756000*x0))*-0.000000)))*-0.000000)+(-0.000000+(0.000000*(-402503746102775158669312.000000+(104200510840765.000000*((x0--4506167877.146000)-(x0+643386947.809993)))))))*(-0.031743+(-0.000000*((2620204289.213000+x0)-((((2228391253.201000+x0)*1.000000)+4443826429.194000)--11900111107.639999)))))*-119688416461556577875573262516224.000000)+((1.287787*(((-0.000000*(((-0.004602*(x0+580376029.058000))+59603617245620374339584.000000)+((-0.005592*(-1802910325759041.500000aqx0))+(-59603617324265033957376.000000+314575059731212.187500))))+(13243860905045.566406+(((-0.000000aq(7903573317.526000*x0))*(x0*3338954425285956048944635193282856133888553762638386904686097124156428517376.000000))*((0.000000*120914.419049)+0.000000))))+(((477731344971.981628+(((x0*0.000000)+0.588243)*-821041779914.192017))+x0)*((0.000000*((x0-8979279149.337975)-(x0+14585721209571465216.000000)))+3411.116487))))+((((-295645800614.890442*(-45.085640+(-0.000000*((x0-8979279149.337975)-(x0+537002005417969280.000000)))))+(-67214593826.949265+(143.297245*(((0.000000*x0)+10268424378623.781250)aq((36113632178.950714*x0)+-4567863460619231232.000000)))))+(((-0.000000*((0.000000-988250274244.181885)aq(-273018239.990000+x0)))+(((-1802910325759041.500000aqx0)*0.000000)+(238623486714.263092+(-0.000000*x0))))*1.328990))+((((-3912560109617124125424378557098849215675119003762688.000000*(-0.000000+(0.000000*(-27106457033786038738840371331072.000000aqx0))))+(-5427021896731500544.000000+((-27106457033786038738840371331072.000000aqx0)*0.000000)))*-0.000002)+((0.701389*(-68842573124834851059066370360267795357873046504341504.000000*((-0.000000aq(7903573317.526000*x0))*(x0*-0.000000))))+2666432931931.021973)))))))
sbp,first_principles_supernovae_zg,ok,1,200,0.981673,0.034846,443,2003.41,,3.250926+-0.000000*(((22793.529290*((13357394.577610*(((x0*x0)aq(-211.575000-x0))aq((x0*x0)+(-134.326000+277.174000))))+((1803142775.721311*(((((-0.000497aq(x0aq9.144000))*-0.056418)+0.000016)+(0.000000*(((-227.108000aqx0)+(x0aq-126.148000))*((x0*x0)*(x0--101.022000)))))aq((x0*x0)+(-134.326000+277.174000))))+((0.444389*((x0*x0)-((((-258.927000--58.894000)aq(x0+22.536000))*542.927690)+-17368.669884)))+-32013.788099))))+((((((((((x0*-168.775000)*(x0--133.229000))*((x0+x0)aq(-159.867000--361.485000)))-(((x0*x0)*(x0aqx0))-((x0-0.000000)*(-342.444000+-9.621000))))aq((((x0+x0)+(x0*x0))aq((x0aqx0)-(x0+-333.049000)))+(((470.157008*x0)+-2393.561668)*((217.955000*x0)-(-1708.495374-304.390000)))))*1558003128.574725)*0.975917)+3766330614.840167)+(0.974840*((149350.861383*(((((0.000000aqx0)+(-162.550000+0.000000))aq((x0+x0)-(x0*163.096000)))*-11.347797)+(-31998.645923+(((119.547000-x0)aq(x0*x0))*-12.124395))))+((3113.003927*(((-258.927000--58.894000)aq(x0+22.536000))*(-441109.890230+(x0*-19512.054863))))+-7381745463.338356))))+((((89125172789035.703125+((0.843523+(-0.000000*((x0aqx0)aq(x0*x0))))*-105658245220354.765625))*(((((x0aqx0)+(-162.550000+x0))aq((x0+x0)-(x0*163.096000)))*-11.347797)+(-31998.645923+(((119.547000-x0)aq(x0*x0))*-12.124395))))+((((((223.456000+89905299.240150)aq(100.147493+(-1.247659*x0)))aq((-15.227173+(1.616730*x0))*(-163.280000--64.056000)))*4015.323659)+5405938.727389)+(-0.000000*(((((0.000000-187.734000)-(320.879000-x0))+((x0*75.725000)-(114.494000+0.000000)))*((212676490607051904.000000+(-14805207479754382.000000*x0))-((89.244000-x0)+-16408835.953079)))aq((((-71.992000aq-57.284000)-(-223.544000+0.000000))-((77.730000*x0)-(x0aqx0)))-(((179.957000aq119.175000)+(x0*x0))-((23.283000+x0)aq(261.529000-67.288000))))))))+(((((((x0*-168.775000)*(x0--133.229000))*((x0+x0)aq(-159.867000--361.485000)))-(((x0*x0)*(x0aqx0))-((x0--44.809000)*(-342.444000+-9.621000))))aq((((x0+x0)+(x0*x0))aq((x0aqx0)-(x0+-333.049000)))+(-1020.315655+((x0*x0)*20.269787))))*11051.128099)+((((((0.156032*(x0*x0))+-287.619981)*(((-274.377000-323.958000)-(x0-0.000000))-(-848.586000+(-177.915000*x0))))aq(-576343056288287555584.000000+(755262142199093657600.000000*((x0*x0)aq(-211.575000-x0)))))*2897221496587778785280.000000)+((((2718605267.998913+(7703672.049511*(x0*x0)))aq(((x0--9851470238116458.000000)*240.243533)+-2366752017881859072.000000))*0.016220)+2995302.859208)))))))
sbp,first_principles_supernovae_zr,ok,1,200,0.949819,0.051418,487,2014.91,,3.750457+-0.009533*((((((1181.147781*(((13.249000-x0)+(x0aq362.697000))*((x0aqx0)aq(228.179000+x0))))+((-0.014681*((((x0aqx0)*(x0+-24.006000))*((-205.068000-x0)-(x0+-63.818000)))-(((-928.386838+36.714000)*(-166.417000aq233.642000))aq((x0-x0)*(-307.217000*288.861000)))))+70.108217))+((-0.000001*((((((x0+44.893000)*(x0aqx0))*((-6.430000+x0)-(x0aqx0)))aq(((176.806000aq205.339000)+(162.133000--87.383000))*((x0aqx0)*(179.346000*253.312000))))-((((319.230000aqx0)-(x0+0.000000))+((-93.752000*49.177000)+(x0*x0)))*(((x0+-213.677000)aq(x0aqx0))*((x0+x0)+(x0--196.474000)))))-(124972705.436426+((((x0*x0)aq(-211.653000-x0))aq((x0*x0)+(-134.376000+277.278000)))*-38734818099.798843))))+((((-25795.025165+(((x0*x0)aq(13.020000-x0))*448.799551))+((435149.730297+(-309.624198*(x0*x0)))aq362.697000))*-0.000349)+(((((1.257778*(x0*x0))+-28962.663915)aq(x0+-29.846000))*-0.000800)+(((((x0*-1150128.990084)+478181157.943518)*((-68.601000+x0)*(x0*x0)))*0.000000)+-65.212769)))))*-0.361805)+(((((-433369720716.940430*((((x0*x0)aq(13.020000-x0))*5518.742856)+((((x0*x0)aq(13.020000-x0))*-5518.742856)+0.000000)))+((((((-3094011.058066*0.000000)+3076993486.890178)+((x0aqx0)*200122203.027570))+(((x0aq-283.959000)aq(10.231000-x0))*-52461601349.778481))*0.000000)+(((((x0*755507447680165849878611344448809652847309502740955136.000000)+18745540640896694485065270384765260936394876193349828608.000000)aq((x0+x0)+(220.332000aqx0)))*0.000000)+88.060743)))+(((-0.000000+(-0.000000*((88072318569380741120.000000+(2895740820987594752.000000*x0))aq((x0+x0)+(220.332000aqx0)))))*(-422236441.493893+(((0.000000+x0)+(220.332000aqx0))*-5394691.924788)))+(116.598393+(-50.427966*((((x0aqx0)*-0.829810)+0.115917)aqx0)))))*-0.159694)+(((((((700887842.547052+((x0aqx0)*200122203.027570))+(((x0aqx0)*-200122203.027569)+-700887842.547052))*82202564.357239)+(((((x0*-5187146010366553241136680141307384520675210542840118564242843369413176664784896.000000)+177568274238387848776564936201902249077332741720366824833595057324784190708776960.000000)aq(1949.322930+(x0*-39.208380)))*0.000000)+-966.217608))+((-937.837379+(-0.000000*(((x0*755507447680165849878611344448809652847309502740955136.000000)+18745540640896694485065270384765260936394876193349828608.000000)aq((x0+0.000000)+(220.332000aqx0)))))+((((x0aq-283.959000)aq(10.231000-x0))*-678.462076)+-940.116842)))*-0.150506)+((((((((x0+-32499.943731)*-225438.839558)*1.000000)+-7788531813.448044)+(-170542460.087825+(((x0+-3945.158029)*225438.839558)+1521716521.161798)))*1584658.058626)+((((((x0*x0)*-5074148094.978551)+-622487179775.079102)aq((-3832964757220596224.000000*(-156.978000aqx0))+-24056970081723138048.000000))*-76164.804087)+-6.144346))+((((((-0.000000+(x0*-0.000000))aq((x0+x0)+-57.817542))*(-278112243843.580200+(4.187361*(x0aqx0))))+((-5514.473389+((x0*74.407442)+-44613.515670))+((1.369388aq(x0+-29.846000))*-24845.708227)))*-0.000147)+(((((-6003767830.161286+3076993486.890178)+((x0aqx0)*200122203.027570))+(((x0aqx0)*-200122203.027570)+2926774343.271110))*2152705.900042)+((-0.000897*((x0-129.753000)*(65.243000+x0)))+-9.691660))))))))
sbp,first_principles_tully_fisher,ok,1,18,-0.733291,1.86269,289,2010.62,,-8343324242751.870117+7046.883904*(((-0.000002*(((((0.000001*(987360732155284352.000000+(0.121449*((-356.074000+x0)*(2230.613000aqx0)))))+-871596281855.306030)*-1307809.969657)+(((1952108855.738686*((569130625942.037476+(1.000000*(x0+-2707.689000)))*(((x0*-1.000000)+-2680.321884)+569130620553.025024)))*-0.000000)+681130650455155328.000000))*((-0.000143*(-0.000001*(((-99772053283284832.000000*((-2712.309000+x0)-(2681.449000+x0)))*-6276.764431)+3377817621146003516162048.000000)))+((((-266411730459739451645092373200896.000000+(234051480119319461888.000000*((-1138261249209.972412-x0)+(2276522499785.793457+x0))))+(-989594690886529536.000000+(0.000000*(244385534269661827270489690973639768805474304.000000aq(x0-510.727000)))))*0.000000)+(-43600214032805.093750+(((-1695.994000-x0)+(((x0+-398.693000)*1.000000)+4294.821000))*19817072065.977150))))))+(((((22424693195663143422828592028894789715602598769092433281024.000000*(((((-2712.309000+x0)-(2681.449000+x0))*0.000000)+0.000000)*((-122.392000+x0)+(-452.571000-x0))))*-26744330335005322510336.000000)+((((-99772053283284832.000000*((-2712.309000+x0)-(2681.449000+-5036.189608)))*((((-1695.994000-x0)+(4757.836392+x0))*-22100801728344700.000000)+67669171621926567936.000000))*-2374753.044290)+-4619506610205861328578563970357672872568160256.000000))*-0.000000)+((-0.000000*(((24057101405304872960.000000+(((5067.049608+x0)-((x0*1.000000)+-2712.309000))*-3092427360215552.000000))-(-11440653881730529280.000000+(((-1695.994000-x0)+(4757.836392+x0))*3736526057912434.000000)))*(121489726232005595750315667925032059075968005615405498368.000000+(((-1138261249209.972412-x0)+(2276522499785.793457+(0.999999*x0)))*-106732726050911101392421904113831742934089728.000000))))+(((((3020746998236595624202812226286709039695686270976.000000+(-986578213968906777996373475424815911004012544.000000*((-1695.994000-x0)+(4757.836392+x0))))+-383.117000)-((((-1695.994000-x0)+(4757.836392+x0))*-713623846352979940529142984724747568191373312.000000)+2185003744476362277836410128970322359782756843520.000000))*0.000000)+((((((5676086928.482256-x0)+((1.000000*x0)+19817073761.971455))*-22400091.066667)+((1.076923*(0.480782*(-665449077463930624.000000-x0)))+(242891821916630912.000000+(1206321328759954.250000*557.648928))))*0.000000)+((1.502594*(((-36845334189.849823-x0)+((1.000000*x0)+36845334189.655289))*(-6984365580.201987+((-1113609710791227648.000000-x0)*-0.000000))))+((-0.000000*(0.413462*(-665449077463930752.000000-x0)))+(-3260085039.732751+(-1048576.000000*((0.000000+x0)-(2681.449000+x0))))))))))))
sbp,nikuradse_1,ok,2,200,0.602442,0.060105,469,2007.08,,44.739402+-0.000000*(((-144.016652*((-189545292529238310912.000000+(((((((x0-x1)-(x1*95.482000))*-265634975368656687796283688754348032.000000)+-113633514993249468733701277719122149376.000000)aq(((-177.363790+(40.616301*x1))*(x1+x1))-(171531973530190758731853603728564682946356676896832258081456222204067840.000000+(-14688132600358587887937229571291723136660130525358084203982676052410368.000000*(x0aqx1)))))*(((1913325047804077834012675836739584.000000*((x1*x1)*(0.000000-1808.451000)))+63393774612103060993826225837838434304.000000)+65091413791666624689562038728392704.000000))*-3521933632687362.000000))*(((43405893137.644897+(-29060132929.081020*((x1*x1)*(x1aqx0))))*(-9045639064295.390625+(-6123.883526*(((x1*x1)aq(x1*x1))*-1481042063.636236))))+(((((((x1-1681.505000)-(0.000000aqx1))-((x0*0.000000)*(-1229.579000*x1)))aq(((-65021.821220*x1)+364516.338879)-((x1--277.107000)-(x1+-640.382000))))*15793022808794259456.000000)+(1397685192935236435968.000000+((2937829.726164*((x1-x0)aq(x1*x0)))*2484616855166621.500000)))+((-25891508505297416192.000000*(x1*((x1*1.367817)+-6.721975)))+(3203481281710717952.000000+((((x1--79.737000)-(x1*x0))aq(-2172.987041+(565.545896*x1)))*3067034321831158784.000000)))))))+((((13713728479114912278352258670444615342650676574420992.000000+(777303093408973087026674525770472751117793573033960639045503976876029436813748499419639674231298557833656149028343566951251968.000000*(((((x0-x1)-(x1*95.482000))*-265634975368656687796283688754348032.000000)+((1304610740895827333429588161216905216.000000*(x0aqx1))+-124707083578878490026043304480805486592.000000))aq(((-177.363790+(40.616301*x1))*((3978859223046198349860473670149493671635291090176626555239752309589954180839613155735846750417704949996937113839001927680.000000*x1)+-21032010143531514373365876078207981274995106407519572855601845031560278682498003313857265062473770128976478847991600381952.000000))-(14.060953+(5.163890*17956079656224187449338296959305655430838989746428780643842456126268065748884487551481100975227908551933619974896745447424.000000))))))+(1.226665*((-422439349660457700276813387248514941302341632.000000*(-0.000000*((-123979931675843190612458100228096.000000*x1)+(614360854931597503385281851555840.000000+(123979931675843172598059590746112.000000*x1)))))+-3723829264267837426342496938192722437794925960422760644608.000000)))+(-27427452680905350191677142091747682920915142076006400.000000+(((3070314363530054673365511215221703214923076416849372512256.000000+((10.270229+((x1*x1)*0.000000))*(((52553497212725307724710514454166023193150570939192576611188736.000000*x1)+-261784333043739052958107407230591970464352385459412854112256000.000000)aq((x0aqx1)-25.375071))))aq(((x0+x1)*(x1+x1))-(14.060953+(5.163890*(-4.799048+(1.861241*x0))))))*-0.000000)))+(((((-168499.551217+((((x0*0.000000)+-0.000000)*(35180750325956421256192323448391216509110722756608.000000+86857488537035197993934080290803481333267455514665382111252444554764309638414336.000000))*-0.000000))+(0.000000*((((x1-0.000000)-(x1aqx1))-((x0*-1103.268000)*11054818.560825))aq(((x1*x1)*1676.453054)+-29424.253929))))+(((x1*x0)aq(-10110698037.785484+(759409.998129*((x0*x1)*(x1*x1)))))*-213798808.428836))+((-0.000000*((991179831789717677938111908829172184033026249096381221194619630455733100925157376.000000+(((x0+x1)aq(x1*x1))*-138570087492616548236300572272963014620651719879616395100366303089136564707524608.000000))aq(((-177.363790+(40.616301*x1))*(x1+x1))-(14.060953+(5.163890*x0)))))+((-0.000000*((((0.000000-0.000000)-20.509735)-(-128775239177803239784448.000000+(x1*28254752963883148771328.000000)))aq(((x0+x1)*(0.000000+x1))-(5930.842021+(-1046.380060*x1)))))+(154855546560669248.000000+(((-123979931675843190612458100228096.000000*x1)+(614360854931597503385281851555840.000000+(123979931675843172598059590746112.000000*x1)))*(-0.000000+(0.000000*65552479.659714)))))))*((-21594147997982408158520837415529523152540562116791206625162045333864460520881525254490851115008.000000*((991179831789717677938111908829172184033026249096381221194619630455733100925157376.000000+(((x0+0.000000)aq(x1*x1))*(-306347298113363173799530899556320497810141846465249449611493297753864929036730368.000000+(x0*549329236583564633827313631131063017733136125593834775848913451027950869676032.000000))))aq(((-177.363790+(40.616301*x1))*(x1+x1))-(14.060953+(-113539120137392984090094474596610104358917673687618507678542756441062525451219151774286737215870046873825625212044010999170277511597721124864.000000+(x1*21246607089043486972454144327757897170768100923810693992842157251199464408821938142398194740739862556268388999466663722436570884746644553728.000000))))))+((5823552432298170449995767204168353913686414327808.000000*((((-33541782247221793599169556326137310477856655993385179250851262974140595830784.000000+(x0*82001444489944285429021641336669640048881939975420805913381536704478838784.000000))*-265634975368656687796283688754348032.000000)+-113633514993249468733701277719122149376.000000)aq(((-177.363790+(40.616301*x1))*(-92734810543145372769262879128077432132481443093207868084839376042561558976245039739992660370086934028802372898048609452294144.000000+(17833714612467547929535649369261617032550205067037704151142755955214080735957052521067004600504735851557961210330977857961984.000000*x1)))-(14.060953+(5.163890*x0)))))+((0.000005*((105328254024397708512634046036991478025007661056.000000+((x1aqx1)*-109321364973850156456992719605579224516602626048.000000))aq(-92596.835971+((x1aqx1)*95939.392491))))+-8900823843328177625957488284551501316096.000000)))))))
sbp,nikuradse_2,ok,1,200,0.1031,0.288404,397,2013.62,,-1537.495445+0.051133*(((((((-2251.198266+((-49587142346074.304688+(((x0*x0)*-0.003118)+49587142346055.171875))*-117.634393))+0.081621)+(((2.275955*(((x0aqx0)aq(x0*x0))*((2.722000+x0)+(x0aqx0))))*0.986675)+(-30.322124+(-104.457496*((-4624610787485.711914*((-2.479000-x0)+(x0+0.735000)))+((12.761018*-92771293593.600006)+-6881465096151.208984))))))*3.704444)+(((((-51.029892+((3.526649*((x0aqx0)aq(x0+0.951000)))*-0.291356))+(((-1631510759428967.000000*((-2.479000-x0)+(x0+0.735000)))+(-2845354764444816.500000+(697.726970+(x0*0.035374))))*0.023543))+(((16307362759542.595703*((-2.479000-x0)+(x0+4.223000)))+-28440040652637.320312)*(-49587142346074.304688+(72134606338179.875000+(((x0+11.417000)-(6.383000+x0))*-4479035357985.819336)))))*-35.012232)+((94.961724*((7.056000+x0)+((-4.618982*(50332139893816.054688+(0.217700*(x0-11.208000))))+232483260054236.031250)))+(((894054.155081*((((x0+-6.882000)aq(x0aqx0))*((x0+x0)+(x0--6.328000)))*(((-4.333000aqx0)*0.000000)+0.000004)))+1816.716555)+((((-0.002046*((487.773388*x0)+10619979471113728.000000))+21724191976108.800781)+(((x0+-4479035357999.597656)*0.998495)+4472296451768.419922))*747.277505)))))+(((((-161363553607086.156250+((((-2.479000-x0)+(x0+0.735000))*5437129918271.962891)*-17.017245))+(((25574373957079.218750+(-33194062576137757732559126528.000000*((0.000000*x0)+0.000000)))+(-7100841008545.747070+((-3934976062.791436*(x0+7096744891367.268555))*-0.000000)))*133.704712))+((((64497019946044.601562+((1.744000+(x0*0.000000))*-36982236207602.085938))+((-16574861308225394108532785152.000000*((-0.000000*x0)+-0.000000))+-12770106111941.556641))*(697958630692.467773+((((0.000000aqx0)*-0.000000)+4.602163)*-151658825894.763306)))+960.436874))*4.689765)+((((24541.429907+((-49587142346074.304688+(49587142345995.250000+((0.000000+4.223000)*0.048289)))*-21.833914))+((((-0.002046*((487.773388*x0)+10619979471113728.000000))+21724191976108.800781)+((((-0.000000*x0)+-1.744000)*-139025048365339.562500)+-242459684349080.000000))*46.413799))+((((64497019946044.601562+((1.744000+(x0*0.000000))*-36982236207602.085938))+((-16574861308225394108532785152.000000*((-0.000000*x0)+-0.000000))+-12770106111941.556641))*64.655031)*9.296538))+(((-24382273241104.687500+(-1.092980*((-2.479000-x0)+(10.140000+((1.001463*x0)+-22308078070303.414062)))))*((7.056000+x0)+(((((x0+-4.122000)+-50839011030686.265625)*-25.547314)*0.039169)+-50872612646719.523438)))*((2148.043782*((25574373957079.218750+(-33194062576137757732559126528.000000*((0.000000*x0)+0.000000)))+(-25553690388078.261719+(((0.000000*x0)+0.000000)*33167216496768090347132682240.000000))))+((-458.378555*(-49587142346074.304688+(-28432994464489.019531*((-2.479000-x0)+(x0+0.735000)))))+(-20577423422464948.000000+(((4.395112-x0)+(x0+0.735000))*4011106370808490.500000)))))))))
sbp,solar_flare,error,,,,,,,TypeError: predict error: wrong data type,
sbp,strogatz_bacres1,ok,2,200,0.993009,0.139302,457,2004.53,,57.636599+-0.000176*(((((-0.000000*((-3627453420718296399872.000000*(((((x1*-19073405255529.511719)+916942288701254.625000)*160.811000)+(x1*-31.186000))aq(((-11985.035597aq(x0-4.999000))*-3124932991102221883015168.000000)+-4438154023003054782399119360.000000)))+(6517427137565645.000000+(-0.000177*(((x0*-86645261702707808.000000)+1802655727.334945)aq((x1*x0)-248.683564))))))+1753.592345)*(((4.668643*((x0+58.189000)-((0.097128*(((x0-x1)aq(-56.058000+x1))-((139.136000+x1)+(x1+x0))))+29.152007)))+((-1.437420+(0.000000*((((x1-x1)-(x1+-53.049000))aq((x0-x1)+(x0+x0)))*(((x0*x0)*8336.489659)+(19388296351.648113+(-1523071553.115683*x0))))))+(-0.005529*(((((x0+41.043000)aq(x1-x1))aq((x0*x0)-(95.154000+x0)))aq(((x0-33.389000)*(x0aqx0))aq((x1*x0)-(x0*x1))))*((7.655225*((x0-13.621719)*(x0*x0)))+5581.782261)))))*((((((x0+41.043000)aq(x1-x1))aq((425.788969+(-32.511921*x0))-(95.154000+x0)))aq(((x0-33.389000)*(x0aqx0))aq((x1*x0)-(x0*x1))))*0.035239)+(1.608256+((-0.001812+(0.000100*((x0*x0)aq(x1-x0))))+(((-63570724491.516403+((x1*x1)*77971003.142669))*(((0.000000*-643.023457)*8336.489659)+(19388296351.648113+(-1523071553.115683*x0))))*0.000000))))))+(((((((((2018061.272236+(x0*143120.710821))+41.043000)aq(x1-x1))aq((425.788969+((x0*30.458534)+-650.201228))-(95.154000+x0)))*((1925863335526.399902*4.645564)+-14758698352106.304688))+((-2212989184643447.250000*((-7114.586507+(-1153.214639*(x1aqx0)))aq((425.788969+(-29.703180*x0))-(95.154000+x0))))+(16703798410327449600.000000+(((-1883.975033+(x1*36.719182))aq((8.270477*x0)-(95.154000+x0)))*-713263312202834.750000))))*(((((-81.512833+(-76.250485*6.625000))+((-4604807017177.656250*(x1*x0))+((56707410268600.843750*x1)+243632930737443.187500)))aq(((0.636221*(x1*x1))+-190.237551)-(95.154000+x0)))*0.000000)+((((((x0aqx0)*-172491126000388761714688.000000)+171779460815536026288128.000000)*((-43404919363333567545344.000000+(x0*5352295023253802450944.000000))aq((12.700506*x0)+-58.281241)))*-0.000000)+((0.000001*((-4453376602572996.000000+(x0*487119374316488.250000))aq(-19561722658689207882297114624.000000+(x0*1822712660634627947095916544.000000))))+(-0.000000+(0.000000*((x0*x0)aq(x1-x0))))))))*22.125848)+((1.102412*((-19556973646.578625*(((((x1*-19073405255529.511719)+916942288701254.625000)*160.811000)+(x1*-31.186000))aq(((-11985.035597aq(x0-4.999000))*-3124932991102221883015168.000000)+(5816937548727609035734384640.000000+(747467452850272138741791980519424.000000*(-0.000189aqx0))))))+(85.410085+(((((x0*x0)*-10688569621218185969664.000000)+895193831781976573476864.000000)aq((22964099367526.699219*(x1*x0))+-4445502325931592.000000))*-0.000000))))+(122814.735877+(513649507707025686528.000000*((0.000000+(79144011924698638042439614464.000000*(((x0*-23.977877)+326.619901)aq(3327955200235565343650268811693782589836339615629312.000000+(-222357986719042930737589485632064610532893202055168.000000*x0)))))+(0.000000+((((x0*1317443829401079296.000000)+1802655727.334945)aq((x1*x0)-360.412406))*0.000000)))))))))
sbp,strogatz_bacres2,ok,2,200,0.885267,0.686325,413,2020.69,,1399397.402026+0.000026*(((((3495.321287+(((((((1491139576.955254*x0)+-27656976771.603127)aq((112.648356*x1)+-4300.040314))*-444194140.371505)+36928803720951416.000000)*((201553805297091511505846796288.000000+((27401474624.932182+(x1+-50.119000))*(-7355582443083380736.000000+(x1*268437464.433041))))aq(-97896542.887365+(((x0aq38.831421)-(x1aqx0))*-55153740.806271))))*-0.000000))+-32753.888132)*(((x1aqx0)+((-68.274633+(((((x0+41.043000)aq(x1-x1))aq((x0*x0)-(95.154000+x0)))aq(((x0-33.389000)*(x0aqx0))aq((x1*x0)-(x0*x1))))*-0.007258))*(((12.980237+(((x0+x0)aq(x1-17.970000))*0.124884))*-0.001271)+((((1.190232+165.700326)aq((x1-x0)+(x1+-50.119000)))*0.000000)+((((0.000000+170.169000)aq(x1+-29.284000))*0.000020)+-68.258162)))))*(((((0.002988*(((x0+41.043000)aq(x1-x1))aq((112.648356*x1)+-2389.254281)))+-68.258318)*(-183.896165+(((13.750232+(-0.997474*x1))aq(x1-17.970000))*0.004164)))*0.000160)+(((x1aq((229127551.688615*(x1aqx0))+-369407463.070997))*1.288593)+(((((x0+41.043000)aq(x1-x1))aq((112.648356*x1)+-2148.172400))*-0.000022)+(0.586829+((((-269.900000*x0)*(0.000000-x0))aq((x0*117539.032346)+-708111.922409))*0.001780)))))))+((((-700.302073+(-0.000456*((201553805297091511505846796288.000000+((27401474624.932182+(x1+-50.119000))*(-7355582443083380736.000000+(x1*268437464.433041))))aq(-97896542.887365+(((x0aq38.831421)-(x1aqx0))*-55153740.806271)))))+(((x1aqx0)+(-391.101505+(-911.398925*(0.001097*((x1aqx0)+(-80624.177283aq206.144000))))))*-50441319336312240.000000))*-2.583458)+((0.005716*(((429.082441*(((-269.900000*x0)*(x1-x0))aq(-359.357797+((x0-x1)*-43.365483))))+(-15984116579.355453+(-0.000000*(((8882864001754693894144.000000*x0)+-164753774156647191543808.000000)aq((112.648356*x1)+-4300.040314)))))+(((x1aq((120308.442921*(x0+x1))+-2153999.880827))*3534713397.568784)+((((-172230.907366*-28970.527608)*-1899.495071)+(((x0*x0)*-3833.501146)+-54209755.981832))+((((-269.900000*x0)*7760740488.166170)aq((x0*4477631063.350284)+-47052831167.088310))*21.347331)))))+((((((((0.000000+41.043000)aq(x1-x1))aq((112.648356*x1)+-3722.122003))*-56758472294774.476562)+202723859288.061523)*(((x0+((x0*-1251912482625473740800.000000)+17239050474658864300032.000000))aq(x1-x1))aq(((56790751.600057+(x0*-3100381.833271))+(-12.631916*(8.911659*x1)))+(12996821753.349735+((x0*x0)*-51146196.684799)))))*-0.000000)+(-62718835.740198+((((1222650958886094349837271040.000000+(-225146753954876531671040.000000*x1))aq((x0*-22066064893778034688.000000)+394249373743426568192.000000))aq((112.648356*x1)+((4929.810848*x0)+-56412.806623)))*1.713061)))))))
sbp,strogatz_barmag1,ok,2,200,0.99606,0.012438,517,2035.59,,3.269667+-0.008186*((((-27.565172+((((17.174186+(9.017368*((x1*x0)aq(x0aqx1))))aq((x0*x1)+(x1-x0)))*(0.000736+((((x1*25.120000)+(0.000000aq26.923000))aq((x0*x1)+(x1-x0)))*((((x0*x1)aq(x0*x1))*0.000146)+-0.000175))))*-53.738552))*(((((((((x1*25.120000)+(0.000000aq26.923000))aq((x0*x1)+(x1-x0)))*1.328091)*0.796001)+492.706805)+(-0.035194*(((49.317086*((x1*x0)aq(x0aqx1)))+66.745837)aq((x0*x1)+(x1-x0)))))*(((((x0aqx1)-(x0aq2.667000))-((x0*x0)-(x1+-31.950000)))-(4.547233+(-0.086028*(((x0-x1)*(31.349000*x1))aq((x1*x1)-(0.432000+x0))))))*((((((x0-x1)*(31.349000*x1))aq((x1*x1)-(0.432000+x0)))*(-175.343574+((x1aqx0)*415.876989)))*-0.000024)+((0.426358*((29.348000aqx0)-(10.792283+(x0*-1.005658))))+1.327208))))*((0.000043*((((((x0+x0)aq(-11.907000*x1))aq((-9.088000+x1)*(x0aq23.619000)))aq(((1.187000+x1)+(x0aqx0))+((-25.734000+x0)+(x1+x1))))*((-0.050540*((x1-x0)*(x1-1.119000)))+0.384466))*-18.936559))+(((((((6.733000-x0)*(x1+0.000000))*-0.000637)+0.008246)aq((28.563814+((x1*x1)*-0.754864))-(x1--2.404000)))*0.014538)+(((-0.000002*(((-16.089000aqx1)-(x1+-31.689000))+((21.206000-x0)aq(x0*x1))))*0.616851)+(0.000340+((((x0-0.000000)*(-112701.363322*x1))aq((x1*x1)-(0.000000+3.605174)))*0.000000)))))))+((-78.987083*((-0.000504*(((x0-x1)*(31.349000*x1))aq((x1*x1)-(38.186675+(1.351215*((x0*x0)*(4.800000-x0)))))))+(((((49.317086*(7500848899398358.000000+(x1*-3750551719416855.500000)))+(-18624256055075674259456.000000+(18770317499879028424704.000000+(-66517423175746134016.000000*x1))))aq((((x1aqx0)*(x0+-5.036000))*24226916840023097344.000000)+6550763833584760832.000000))*-0.000001)+(((((-396051797.907826+(x1*1343323846.045389))aq((x0*x1)+(x1-x0)))*0.000000)+-0.025065)+(0.000000*((((78292378325.799820*x1)+-573313435664.495850)aq((x1+x0)+(12.179000*x1)))aq(((x0+2.184000)*(x1+x1))-(-23910.807532+(x1*3590.911919)))))))))+((1.570659*((-20.511137+(-0.000000*((((78292378325.799820*x1)+-573313435664.495850)aq((x1+x0)+(12.179000*x1)))aq(2976.998505+((x0-x1)*3302.463841)))))+(((1275413303157585342342457412813097459704724090519552.000000+(-10361610684188730204235425605080651128468022493184.000000*((23.684000*x0)+(x1*x0))))aq(-1217719350439988.000000+(((23.684000*x0)+(x1*x0))*9866532533461.310547)))*-0.000000)))+(((((-78476832629685930164224.000000*(((x1*25.121052)+-89.424025)aq(-2.197241+(15.988634*x1))))+295914144047661312.000000)aq(12362920070749914310639616.000000+(-518363902898344185298944.000000*(((-16.089000aqx1)-(x1+-31.689000))+((21.206000-x0)aq(x0*x1))))))*-0.189777)+(((((49.317086*(7500848899398358.000000+(x1*-3750551719416855.500000)))+(-18624256055075674259456.000000+((x1*x1)*4441289824533191589888.000000)))aq((647433082976080256.000000*((23.684000*x0)+(x1*x0)))+-87416337809232101376.000000))*-0.000026)+31.759303))))))
sbp,strogatz_barmag2,ok,2,200,0.885305,0.096645,409,2004.06,,70.105214+-0.467271*((((((((x1*x0)+x0)-(x1+x1))*-5.534000)-(((((((x0*15.369000)aq(-2.253000aqx1))aq((-15.010000aqx0)aq(20.076000--30.747000)))*(((x0-x1)aq(3.682000+x0))aq((x0*x1)aq(17.228000+-28.497000))))aq((((x1+x1)aq(19.555000*x1))-((x0aqx0)+(x0-x1)))+(((x1aqx0)+(x1-x1))-((-29.039000+x1)aq(17.117000-x1)))))*25.911218)+(((3681.477859+((((-32430.554103*x0)+157849.288536)aq((x0aqx1)-(17.215000*x1)))*-0.000126))+(-13.633378*(((x0+11.714000)*(x0aqx0))*((-20.474000+x0)-(x0aqx0)))))+(-103.720755+(-18.511696*(((-12.822000--3.957000)aq(x1-16.631000))aq((-8.461000*x0)+(18.246000*x1))))))))*-0.021531)+(((((-0.000000*((2289551893794609003672570275089612800.000000+(((0.000000-x1)*(6.337000-x0))*1384127101527540119130563294410047488.000000))*(((-370418704149858496.000000+(-124789313192442208.000000*x1))+((x1*-21765768.084731)+50812377.369992))aq((130359566.665625+(-26969747.085751*x0))+((x0*50488073.740364)+-242158899.933866)))))+((((-9328581425345226.000000+((55728542.898267+x1)*-0.324921))+((0.031376*(x1*x1))+-9328581443450966.000000))*0.074104)+1382566610151659.750000))*2.631602)+(((((((x0*x0)aq(x1-x0))*0.000000)+-0.000000)*-0.000000)*-1.164808)+-4.875587))+(((((0.004424*(((x0aqx0)*2793.857277)+((-22.529122*x0)+-2640.543584)))+(321785587.135537+(-0.084659*(((0.000000*x0)+157849.288536)aq((-26063471.098684*x1)+168082144.313018)))))+(0.000000*((-11.157000+((x1*-2649637523102493.000000)+50812377.369992))aq(-142734686.115070+(23865865.168185*((x1aqx1)+(x0+0.000000)))))))+((((7.644001+(((-8.839000+x1)aq(x0-x1))*2.565744))*((((x0aqx0)*2793.857277)+-2751.010542)-(((x1*x0)aq(x0-x1))+((x1*-5.273302)+0.061852))))*0.004341)+(((((441916188261604815868193580330787246498525701474262543695234156043411314684977861361664.000000+(x0*-100797395273898093710069878342808568673905860484642988086370070430010706874052754014208.000000))+-1202485066387717781359228610972184681119744.000000)aq((130359566.665625+(-26969747.085751*x0))+-3.577000))*-0.000000)+(-321785589.923249+(0.003669*(((x0aqx0)*2793.857277)+(-2611.050814+(x0*-25.186378))))))))*((((-0.000001+(-0.000000*(((x0+11.714000)*(x0aqx0))*(62636.167709+(x0*-9873.789027)))))*((((13.437124+(x0*-1.933484))*((-11.157000+0.000000)aq(x1+-3.577000)))+-0.000127)*((((x0--22.153000)-(x0--1.230000))*-21515890589.539967)+450176978804.944763)))*-25249.605029)+(1.765997+(-0.000000*((((3634942136125.959961*-459855244.038747)+22670892.634648)+((x1*-21765768.084731)+50812377.369992))aq(-142734686.115070+(23865865.168185*(5.092700+(0.204933*x0))))))))))))
sbp,strogatz_glider1,ok,2,200,0.786217,0.349629,305,2006.79,,-2.033008+-0.000074*(((-0.000121*((((x0-x1)*(115.664000aqx1))*((-40.261000aqx0)*(8.979000-(-120553.722668+(((x1aq88.491000)aq(x1-13.235000))*1149528.401768)))))aq(((17.601000-x1)+(x1aq98.677000))*((x1aqx0)aq(-29.761000+x0)))))+((((-0.000000*(((-0.000000*(((x1aq88.491000)aq(x1-7.335022))*(17638191895317560965476009377792.000000+(x1*538471583786807065274306527232.000000))))+1149863972499160320.000000)aq((x1+x1)-(x1--10.397000))))+((0.000000*(((((0.000000+x1)aq(-86.763000*x1))*113226085270647872.000000)+-1304994437329096.000000)aq(-28.753635+((-0.026740aq(x1-7.335022))*-13720.720137))))+((((x1aq88.491000)aq(197.075459+(9.034311*(x0-x1))))*-0.012021)+((0.000000*(((0.000000+x1)aq(-5.246000+x1))*((0.000000*0.000000)+-2874266.439175)))+((1780.201852*((0.000000+x1)aq(-86.763000*x1)))+(((x0aqx0)*-0.000413)+-20.516719))))))*8263447.546331)+((1.119246*((88884896689.305664*((((0.000532*(-2950.229311aqx1))+((0.009458*x0)+-31170981266000.011719))+(((0.000000-x1)aq(-29.617000+x1))*((12703850726131.732422*x1)+-261067444319333.000000)))*((-0.000000+((27.841000aqx0)*0.000000))aq(1964.913194+(1068.844935*(x0*x0))))))+((-0.016310*((-1117484370555847168.000000+((x0*109941583.966195)+1117484370546058368.000000))aq(((17.601000-x1)+(x1aq98.677000))*((-704.322849*x1)+15868.871962))))+((0.000001*((-4942882.755980*(0.000000aqx1))+-21160831444.369007))+(2030.709316+(((0.000000+x1)aq(-5.246000+x1))*-800.754291))))))+((((((((x0aqx0)*242757093125.125366)+-215754938625.454926)*((-21129402940.596867aq(x0*x0))aq((x0-x1)*(x1*9.713000))))*0.000000)+-545.781185)+(596.069958+(((-60576159084865339392.000000+(25041159229695225856.000000*x0))aq((63732677638015178727310280552933246032248575860657211292729324160931342581760.000000+(x0*-21342900569822322512016097004639123087270447473313512294762582747356812279808.000000))-13.235000))*1211788530661637583077745244998164049839788935394356914814976.000000)))+(74.086728+(((-1117484370555847168.000000+((x0*109941583.966195)+1117484370546058368.000000))aq((14639954626.828838+(x1aq98.677000))*((-704.322849*x1)+11770.472283)))*-42901504.683364)))))))
sbp,strogatz_glider2,ok,2,200,-5.729888,2.083251,441,2006.26,,8.744012+-0.000031*((((((((x1aqx0)*(x0-8.699000))+((x0+x0)*((-626611.924998+(8145006802.776691*((x0aq-119.386000)aq(x0*-108.877000))))-89.983000)))-((((((-0.100483+(0.005600*x1))aq((x0aqx0)-(x1aqx0)))aq(((-80.341000-x0)*(x1*x0))-((x0+x0)aq(x1*x1))))aq((((x1+x0)aq(54.235000+x0))*((x0*x0)+(x0-x0)))*(((x1aqx1)*-17427.330995)+17468.472597)))*-186599461.834903)+(-1.387794+(2.122608*(-0.000598*((290126.206211+(-13707.369729*x1))aq(x1-13.235000)))))))*(((((((x1-x1)-(x1*x1))-((-10107.685236aqx1)-((x1*150.173511)+-3023.892942)))*(((18209100786321.046875aqx1)*(88.292000aqx0))aq(-80106213665544768.000000+((x0aqx1)*434625798575070976.000000))))*0.002831)+0.001550)+((3290684971254929342580623828527000290590720.000000*((((x1-x1)-(x1*x1))-((41.776000aqx1)-235.964952))*((0.000000+((x1*x0)*-0.000000))aq(-80106213665544768.000000+((x0aqx1)*434625798575070976.000000)))))+-0.088152)))*-2160.285768)+(((-227758.436196+((-153.627735*(((((-29.133910*x1)+155.292389)-((260.137168*x1)+-4572.940673))-((-10107.685236aqx1)-((x1*150.173511)+-3023.892942)))*(((18209100786321.046875aqx1)*(88.292000aqx0))aq(-80106213665544768.000000+((x0aqx1)*935637513986580864.000000)))))+657135.350053))+((-225697.256389+((((26.348158+(-4.817452*(x1aqx0)))*((-40.261000aqx0)*((x0*89.323584)+-172.659349)))aq(((17.601000-x1)+(x1aq98.677000))*((2696137327.836797+(x0*-786649709.193061))aq(-29.761000+x0))))*-3264548.311237))+(((-0.000004*(((159908078.981771*(x1aqx1))+-158738445.642728)aq(((-80.341000-x0)*(x1*x0))-(-903081.296331aq(x1*x1)))))+((-2673.273284*(((x0*0.000000)+-0.006724)aq(-49828.055217+(x1*7807.708131))))+(-22.613643+(((x0aq0.000000)aq(x0*-108.877000))*2462.545795))))*395684.435799)))+(((-272.757843+(-0.000000*(((((6100857278056104850621673637931185633994144100717158699475134149632980942848.000000*x1)+-122858501797622242929427653303230971420152817462952218221013701577530331365376.000000)*(1869692642873.701172aqx1))*((-40.261000aqx0)*(1224.164441+(-762.378951*x0))))aq(((17.601000-x1)+(x1aq98.677000))*(((x0aqx1)*399892034302052739497825857492221952.000000)+-35901213216044988514709591948263424.000000)))))+(((-0.140420+(-1.417954*((-17.638263+(0.656445*x1))aq((x1*-8.965005)+197.359101))))+((146673.097308*(((x0*-0.006824)+-0.006724)aq(-49828.055217+(x1*7807.708131))))+0.235981))*-4148.638309))+((-21407.252506*(((((x1aqx1)*(88.292000aqx0))aq(((x1*x0)*-5342605743455781.000000)+258810069445508672.000000))*-53341930119762.742188)+(((-21726426782244822664377491572187696077996032.000000*(-0.000000+(x1*-0.000000)))+-13253765554468.158203)+((x1aq((1309110740088747994643542988989514643919032412775504674816.000000*x1)+-11086763777902203636479190334472631975118418092143446851584.000000))*1501178469490960035074567973410197793277479629690503168.000000))))+(((((x0*-0.006824)+(0.000001+(x0*0.006823)))aq((9020.954033*x1)+-70984.894802))*-7518220329627.545898)+99617.677298))))))
sbp,strogatz_lv1,ok,2,200,0.975954,0.022627,407,2007.31,,-71.685651+-0.000000*((((976052954.447800+((((-343009600969701.500000*((-169346.223926*((x0-28634915465421.968750)+(3.225000-x0)))+-4849214806503907328.000000))*1.000000)+355095816908387648.000000)*-0.000000))*((56.637131*((((0.096369*(((x0*x0)-(0.000000aq16.898000))+((x1+-6.690000)*(x0+x0))))+-6.788347)+x0)*((0.000000*((-94733.829137+(x0*31821.076307))*(x1*x0)))+0.311599)))+(((((-0.002747*(((x0*0.000000)-(0.000000aq16.898000))+((x1+-6.690000)*1.838516)))+-0.012361)*(-106.923124+((5881.620286*((x1+-6.690000)*(-5.201686+0.000000)))+-88862.460319)))*0.000001)+((-1.567509*((((x1*x0)-(16.223000*12.492000))+((4.930000+10.377000)+(x1-2.594000)))aq((2928.877669+((-253762.142775*x1)+643286.695953))aq((0.000000-x1)-(x1*x0)))))+((-3.867395*((((x1*x0)-(16.223000*12.492000))+((4.930000+10.377000)+(x1--186.050164)))aq((2928.877669+(x1*-1362.806672))aq((x1-x1)-(x1*x0)))))+0.011017)))))+((((-148488549675.745392+(-672707712.806850*(((((x0*x1)-(x1+x0))*-129.364831)+-391.050783)+((1844.717394*((-5.317000+x1)aq(x0-x1)))+(3336.792890+((x1*-271.808789)+-18.202432))))))*(((-0.237634+((((-9.971000+x1)aq(x1-x0))*-821.470251)*0.000084))*(-106.923124+((((0.000000+0.000000)+(16.022000*x1))aq((x0-2.549000)*(x0--8.590000)))*85.104048)))*(-53591091985.306992+(((((x0-28634915465421.968750)+(3.225000-x0))*-2509.039226)+-71846126141312088.000000)*15315482455.110079))))*0.000000)+((((((2928.877669+((-253762.142775*x1)+643286.695953))aq(-22718.656860+((5.319000aqx1)*10828.132460)))*-8427.446800)+1078228.672540)+(526357.018513*((-27394.797403*((2928.877669+((-253762.142775*x1)+643286.695953))aq((0.000000-x1)-(400663895.752359+(-2596846611.535830*x0)))))+(23.005684+(-12.354200*(((x1+x0)+(16.022000*x1))aq((-11.097611-2.549000)*(x0-2.479286))))))))+((((-118062953165841360.000000+(1.643275*(((x0-28634915465421.968750)+(3.225000-x0))*-2509.038709)))*(-106.923124+((((0.000000+0.000000)+(16.022000*x1))aq((x0-2.549000)*(x0--8.590000)))*85.104048)))*-4100.172756)+((((940648.159389+((9988.984787+(x0*-27271.887899))*((x1+0.000000)aq(11.763000*x1))))aq((((x1+0.000000)aq(11.763000*x1))*-7370960.687892)+615342.312568))*-15555.064580)+(((-123.644789*((-94733.829137+(x0*31821.076307))*(x1*x0)))+-1483985.768453)+(-2763583.890154*((2928.877669+((-253762.142775*x1)+643286.695953))aq(-22718.656860+((x1*25896850.396500)+-6948672.869380)))))))))))
sbp,strogatz_lv2,ok,2,200,0.984848,0.009381,457,2018.26,,251.844067+-0.000001*((((2257223.926658+(((((19.699304+((0.656364*(x1aqx1))+-20.355765))aq(((2.819000*0.273000)+((0.000000*-9.707439)+31.376225))*(((-17.221658*x1)+38.218524)-(x0+1.840112))))*-10083.542486)+(((178.623681*((-233569751878547.718750*x1)+((233569751878547.687500*x1)+-814.389922)))+145464.951543)+68946091.581802))*-0.032897))*(((((x0*x1)+(78.849875+((((x1-14.892000)-(x1-x1))-((-6.648000-x1)+(x1*x1)))*-0.989450)))*((0.014398*((((-14.576000aq10.479000)-(-7.721000+0.000000))-((14.644000aq-11.169000)*(-12.731000aqx1)))aq(((2.819000*0.000000)+(9.840000-x1))*((1.297000aqx0)-(x0+x0)))))+(25.078682+(0.000002*((587859.249762aq(x1-x0))aq((x0*x0)+(-17.830000+x1)))))))*((((((x1*x1)-(x0aqx0))*((x0aq-3.183000)+(x1-x0)))aq(((-4.421000-x1)*(x1aqx0))+((x0+x1)-(x1+x1))))*-0.070357)+-22.404417))*((-0.000000*(((35.070039+(6.346219*((x0aqx0)-(x1+4.274000))))-((14.644000aq-11.169000)*(-5897330.059446+((-9.196292-x1)*-516028.676352))))aq(((2.819000*0.273000)+(9.840000-x1))*(((-17.221658*x1)+38.218524)-(x0+x0)))))+(((((((x1*763479719019.841309)+-1931483306270.539551)+-340963.047332)aq(((-233569751878547.718750*x1)+636188759914483.875000)*((1.297000aqx0)-(x0+x0))))*(-0.085221+(((5.716000+x1)aq(-0.729000+x1))*0.011917)))*1.167284)+((((((x1*763479719019.841309)+-1931483306270.539551)+-340963.047332)aq(((0.000000*0.273000)+(9.840000-0.000000))*((x1*-2525003.882596)+5491815.061113)))*0.000000)+(0.192377+(-0.000259*((-233569751878547.718750*x1)+((233569751878547.687500*x1)+0.062500)))))))))+((((((153318514843597805694117163659427840.000000+(-3300419249750405831286812076368986112.000000*((-233569751878547.718750*x1)+((233569751878547.687500*x1)+0.055618))))-((14.644000aq-11.169000)*(-5897330.059446+(-2689086529.652999+((0.000000aqx0)*5025530252.711374)))))aq((((3737300858.231646+((x0aqx0)*-3920148699.213214))*0.273000)+(9.840000-((13.776914*x1)+-21.401773)))*(((-17.221658*(-165546029.368706+(x1*239471062.855262)))+38.218524)-(-15725161263.382565+(((x0-8.585000)aq(x1aqx0))*-2609083142.636405)))))*((-0.000000*((-0.002282*((-2.828000+x0)*(x0*-16.377000)))+79.142720))+0.000000))*0.041695)+((0.000001*((((((5.716000+0.000000)aq(-0.729000+x1))*55952022207838461952.000000)+-260245695838550818816.000000)+(((-233569751878547.718750*x1)+((233569751878547.687500*x1)+0.062500))*87662095559.094711))aq(((((x0+x1)*(3.885000+x1))*-335110293.528297)+3764636808.396585)*(((0.098901*x1)+38.218524)-(x0+x0)))))+(215423195.907415+(((881525762.957834+(((-233569751878547.718750*x1)+((233569751878547.687500*x1)+0.062500))*87662095559.094711))aq(((2.819000*0.273000)+(9.840000-(-21.671694+(x1*13.898657))))*(((5291177402838.383789+(x1*-12883633692616.525391))+38.218524)-(x0+x0))))*-15969199.049074))))))
sbp,strogatz_predprey1,ok,2,200,0.985225,0.123287,365,2015.37,,-43.279379+-0.124183*(((5.253934*(((((((x1--36.224000)aq(x0--55.214000))*((x1*x0)+(x1aqx0)))*(((x0*x0)+(x0aq-40.073000))+((x0aq-41.191000)+(x1-x0))))*0.034834)+((((-61.319032+(326.888778*((x0aqx1)aq(x1*x1))))*(((x1-x0)*(x0aqx0))-((x0aqx1)-(55.231000-x0))))*-0.005789)+((-0.009168*((1610.653251+(-592.234009*(x0aqx1)))aq((x0*x0)-(20.111000+x0))))+-164.078405)))*((-0.000045*((-0.000821*((((51.340000*-36.836000)*(x0aqx1))-((x0+x1)*(-46.574000-0.000000)))*(-46.633947+((x0*x0)*23.278501))))+(((((-58.249121+x1)*(-46.574000-x1))*(-1.030492+(-0.001286*x0)))*4.655986)+13166.788690)))+(((((0.000000+-6442.387487)aq(x1-(-74213366.020283+(x1*6486933.472185))))*((((x0aqx1)aq(x0*x0))*1.818930)+-0.080074))*-1.077253)+(0.427375+(((((x0aqx1)*-10221.939631)+4209.865863)*(-46.633947+((x0*x0)*23.278501)))*0.000000))))))+((0.723371*(((21.824837+(-0.000755*((((0.000000-0.000000)+(x1+0.000000))*1183093.742860)+-22606895.319788)))+((((((x1aqx0)aq(x0aq-37.399000))aq((47.651000+x0)+(53.349000-x1)))aq(((x1aqx0)-(x0aqx1))aq((x0aqx0)*(x0*22.556000))))*0.172944)*((12754840.040514*((x0aqx1)-(x0aqx0)))+10490822.758388)))*((((213.672357+((-311385960283.197876+(120000355323.167465*x0))*5.882557))aq((((x0*x0)*(x0*x0))*23.717184)+((-7377482127648.429688*(-0.979795aqx0))+-2306374510576.553223)))*0.000031)+0.000107)))+((-18489266306833516218493359148236800.000000*((0.000000+(0.000000*((0.000000+-6442.387487)aq((2935.915072+(1058.208891*x1))-(-74213366.020283+(x1*6486933.472185))))))*((((((x0*x0)*1793915.403299)+-3700131.996343)--36.224000)aq((((x0*x0)*(x0*x0))*23.717184)+-34.829089))*(-0.000000+((((x1-x0)*(x0aqx0))-((x0aqx1)-(55.231000-x0)))*0.000000)))))+((0.007347*((-1.147065+(-376589.372853+(1679.876819*((x0*x0)*(-19.730000*x0)))))aq(((16417.781447*(x0*x0))+-28722.667916)--55.214000)))+-26.687821)))))
sbp,strogatz_predprey2,ok,2,200,0.994655,0.111651,525,2026.57,,8.521207+-0.476033*(((1.048115*((x1-x0)+(((((((x0*26.596000)aq(-3.899000aqx1))aq((-25.973000aqx0)aq(34.740000--53.205000)))*(((x0-x1)aq(6.371000+x0))aq((x0*x1)aq(29.812000+-49.312000))))aq((((x1+x1)aq(33.839000*x1))-((x0aqx0)+(x0-x1)))+(((x1aqx0)+(x1-x1))-((-50.250000+x1)aq(29.620000-x1)))))*1.857673)+((0.261687*(((((x1-4.953000)aq(x0*x0))+((x1aqx0)aq(56.200000aqx1)))aq(((x1-x0)aq(x1+32.202000))aq((x0-x0)aq(x1aqx1))))aq((((-16.097000aq31.955000)+(x0-x0))+((x0-x0)aq(43.572000+x0)))*(((-10.970000+x1)+(x0-x0))+((x0*-46.482000)+(x1-x0))))))+((0.050908*((-22.160237+((x1aqx0)*3.514505))+(((-42.311000+0.000000)aq(x1aqx0))*-0.669905)))+((1650.626466*(((-1.379000aq19.904000)aq(x0*x1))*((x0aqx0)aq(19.554000*8.436000))))+((((x1+0.000000)aq(x1*x0))*-0.012251)+15.709527)))))))+(((0.009535+(((((((0.000000-x1)aq(6.371000+x0))aq((22776.748590*x0)+-9545.889031))*1343107245.658564)+99436.874130)aq((-183664.055792+(195878.245788+((x0*x1)*-1903.216841)))+(-350263.058206+(((-40.591000aqx1)-(x1-0.000000))*-26471.951592))))*-0.000849))+(((((((x0*26.596000)aq(-3.899000aqx1))aq((-25.973000aqx0)aq(34.740000--53.205000)))*((((0.000000aqx0)*-5299469.204467)+4176906.106569)aq(((x0*1333285.035498)+-600219.051871)aq(29.812000+-49.312000))))aq((((21609.694449+x1)aq(33.839000*x1))-((x0aqx0)+(x0-x1)))+((10511943.083428*((x0aqx0)aq(x1*16.846000)))+-8617.751428)))*0.152096)+(0.036178+((((((0.000000-x0)aq(x0-x1))*3200.895944)+2233.677888)aq(-28474.854514+(((x0+0.000000)+(26.799000aqx1))*7412.248157)))*-0.079968))))+((((-0.030427+(((((x0aqx1)*-0.000000)+0.000000)aq(((x1aqx0)*203580719841688173771216650240.000000)+-491106646335411615795226083328.000000))*89007967958702057938910497011658177291467713882948969644730871492756115836429664256.000000))+(((15691.110758+(((x1-0.000000)*(x0*39.856000))*92.408335))aq(-28474.854514+((43692206.083368*(x0aqx1))+-976170.578772)))*0.091867))+(((((((x1+0.000000)aq(x1*x0))*((689097.167174*x1)+-3569416.166332))*0.172438)+(3387.759770+(-317775.757823*((x1-4.953000)aq(x0*x0)))))aq((-183664.055792+(195878.245788+((x0*x1)*-1903.216841)))+(x0-(-17000.660708+((0.000000aqx0)*31526.912499)))))*-0.002650))+(((((x1-x0)+((-1.005741*(238415.034368+(x1-x0)))+239783.766439))aq((-183664.055792+(195642.959436+((x0*x1)*-1868.807613)))+((((x0*x1)*-1882.286149)+11939.511192)-(-17000.660708+((0.000000aqx0)*31526.912499)))))*-9744.256007)+(((664637.878978*((-0.001367+(0.003382*(x0aqx0)))*(((0.000000-x1)aq(6.371000+x0))aq((22776.748590*x0)+-9545.889031))))+(-0.618325+((((-40.591000aqx1)-(x1-0.000000))*((-879.011832*x1)+-19587.685856))*0.000002)))+(((15691.110758+((580071.778461*(x0*39.856000))*92.408335))aq(-28474.854514+(((0.000000+0.000000)+(26.799000aqx1))*7412.248157)))*-0.000000)))))))
sbp,strogatz_shearflow1,ok,2,200,0.933738,0.153786,483,2023.26,,0.124466+-0.003837*((((((((((((-5.586000--18.127000)*(-13.265000-x0))-((x1*0.000000)aq(10.106000*-21.293000)))aq(((x1+x1)-(-15.525000*x1))-((10.126000aqx1)-(x1+x1))))*4.191170)+24.868966)-((((x1*-10.670000)+(4.987000-x1))-((12.879000aq18.190000)-(19.244000--6.474000)))*(((x1aqx0)-(-3.839000-x1))aq((x0aqx1)*(x0+6.214000)))))*-1.264806)+(((((((x1aq19.782000)+(x1aqx0))*((x1*x0)aq(x1aqx1)))-(((x1aqx1)*(x1--1.206000))*((11.994000*x1)-(20.308000-x1))))*((((x1+15.456000)aq(-15.818000*-5.509000))*((6.965000*21.502000)-(x1+x1)))aq(((x1+x1)*(-5.010000*x1))+((x1*-10.795000)*(x0-x0)))))*0.195292)+((4.064311*((((-16.444000+x1)-(x0-x0))aq((x0aqx0)*(x0+x0)))-(-2.859538+(((x1*9.149000)aq(x0+x0))*0.736733))))+((0.400157+((((0.000000+4.335000)aq(15.974000aq-20.396000))aq((x0+15.279000)*(x0*-17.995000)))*-15.057990))+(((((-5.586000--18.127000)*(-13.265000-x0))-((x1*-1.586000)aq(10.106000*-21.293000)))aq(((x1+x1)-(-15.525000*x1))-(-111.990318+(x1*82.949190))))*-0.041276)))))*3.992489)+((((9.980887+(-0.031364*((((-5.586000--18.127000)*(-13.265000-x0))-((x1*-1.586000)aq(10.106000*-21.293000)))aq(-24.241275+((x1*x1)*28.442893)))))+((0.053869*((((-5.586000--18.127000)*(-13.265000-x0))-((x1*-1.586000)aq(10.106000*-21.293000)))aq(((x1+x1)-(-15.525000*x1))-((10.126000aqx1)-((x1*-70.970120)+117.843507)))))+((-1.262161*((41068845.793204+(9.031022*(x1+-4547527.435018)))aq(((x1+x1)*(-5.010000*x1))+((x1*-10.795000)*2.385377))))+-9.774664)))*((-9.074320*((91251716820.826065+(6099941047.512228*(((x1aqx1)*(x1--1.206000))*((11.994000*x1)-(20.308000-0.000000)))))aq(-10424313.034563+(10031049.930756+(((x1*-5462243.413881)+5332769.369063)*169445.367744)))))+(8.564211+(((((-5.586000--18.127000)*(-387537.721235-x0))-((-994.300153*-261349573485.761810)aq((3542.285275*x1)+53472991.053742)))aq(48379167860.976898+(((x1-x0)aq(x0*x0))*-90611235748.285980)))*-4121.966033))))+((0.004855*((((((x0*x1)aq(x1-x0))aq((x0*x0)+(-19.391000+x1)))*1795567242.644081)+-331359611.537664)aq(-10424313.034563+(0.004195*(-1737482688213890048.000000+((x1+2812238770.309159)*617829008.890441))))))+((((2.738653*(((-406.187641*(x1*x1))+370.940330)aq(19976.776393+((x1*x0)*-12497.906088))))+(3.043399+(-0.015346*((1425.444034+(x1*-683.331400))aq((x0*x0)+(-19.391000+x1))))))*1.206837)+(((((((x1aqx0)+(-20.958000aqx1))*-21791905.842329)+-215877662.359363)*(((x1aqx1)*(34344029.240353+(9962541.210030*x0)))*(((x0+x1)*3.821154)+5.737470)))*-0.000000)+-4.001668))))))
sbp,strogatz_shearflow2,ok,2,200,0.841245,0.10272,671,2014.34,,5.708475+0.000000*(((((67709.530338*((((((x1*610.120546)+-1877.137986)+x0)*((((-18.125000+x0)*(0.000000+x1))*0.000181)+0.003067))+-16.265173)+(((2.704514+(0.282599*((x1*17.798000)+(x0+x1))))+-0.068321)+(0.005634*((2.761661aq(0.045000*0.645000))aq((x1+x1)*(x0*x1)))))))+-2134317616.101542)*((((((((5.817000*x0)*(x1+x0))*((x1+x0)aq(x0*x0)))aq(((x1+x1)+(-16.871000-x1))-((-18.064000+x1)aq(x0aqx1))))*-39.730044)+-11644.980885)+(((((((x0+3.279000)aq(x1-x1))aq(10287223361676.117188-(7.603000+x0)))aq(((x0-2.668000)*(x0aqx0))aq((x1*x0)-(x0*x1))))*(((-20887987.513000+(-8009421.735098*x1))aq((x1*x1)*(10.124000*x1)))aq(((x1aq-16.651000)-(7.316000*1.453000))aq((x1*17.798000)+(x0+x1)))))*((-15407136.908027*(((x0+0.000000)aq(-8.905000*x1))aq((x1*x1)*(10.124000*x1))))+-44516.439817))*-35670.582364))+((((((-14.626000-x0)+(-13.032000-x1))*((x1+-10.471000)-(x0*x0)))aq(((17.856000+x0)*(x0aqx0))*((x0+x0)aq(x1-13.912000))))*(((502.390933*(((x1+x0)-(x1*x1))*((x1aq-13.084000)*(x0aqx0))))+165.634206)+(-759.458538*(((x0*x1)+(x0aqx1))aq((x1-x0)+(15.057000aqx1))))))*(((((((x0+3.279000)aq(x1-x1))aq((x0*x0)-(7.603000+x0)))aq(((x0-2.668000)*(x0aqx0))aq((x1*x0)-(x0*x1))))*((((-0.240449*x1)+-0.498077)aq((x1*x1)*(10.124000*x1)))aq(((x1aq-16.651000)-(7.316000*1.453000))aq((x1*17.798000)+(x0+x1)))))*-8.057944)+(-0.013109+(0.576356*((((10301.798917*x0)+15947.712128)-(15947.779408+(x0*10301.816150)))aq(((2.745000--9.542000)*(x0+5.775000))+((x1-x0)-(19.118000-x0))))))))))+((-183857341813885.718750*((0.629357+((((((x0+3.279000)aq(x1-x1))aq(10287223361676.117188-(7.603000+x0)))aq(((x0-2.668000)*(x0aqx0))aq((x1*x0)-(x0*x1))))*(((-20887987.513000+(-8009421.735098*x1))aq((x1*x1)*(10.124000*x1)))aq(((x1aq-16.651000)-(7.316000*1.453000))aq((x1*17.798000)+(x0+x1)))))*-101515.085998))+((-19.694686*(((((x0aq-19.234000)--0.084280)*((x1-x1)+(0.000000+x1)))aq(((x1aqx0)-(x1*x1))-((x0--2.595000)+(-20.847000aqx1))))*((((0.000000+x1)aq(x0*x1))*-0.000023)+0.000017)))+((0.659903*((((10301.798917*x0)+15947.712128)-(15947.779408+(x0*10301.816150)))aq(((2.745000--9.542000)*(x0+5.775000))+((x1-x0)-(19.118000-x0)))))+((0.031485*((0.447043+(-0.158539*x0))aq((x1+x1)*(x0*x1))))+-0.017086)))))+((-15679218886.936983*(((((((10301.798917*x0)+-8306.099122)-(-80668.223689aq(x0aqx0)))aq(((0.000000--9.542000)*(x0+5.775000))+((0.000000-x0)-(19.118000-x0))))*-32731804.693646)+71025402636.011154)aq(((((x1+x0)aq(x0*-510.085898))*1471002802.511239)+3555379.114322)*(((((x0*x0)aq(x1*x1))*66512.162342)+-60366.142869)aq(x1-13.912000)))))+((((((9.155298*((x0+x1)aq(x0*6.592000)))+5.149962)*(((x1+x1)*(x0*2.877000))aq((x0*-7.101000)*(x0aqx1))))*((((7.156725-(x1+-4.239000))aq((x0-x1)+(x0+x0)))*-390811.455354)+1151471.070569))*16196.246923)+((((-4572540671.418732+(32969382320.129189*((x0*x0)aq(x1*x1))))aq((((-885774712.893472+x0)aq(x0*-510.085898))*-0.082992)+-37124.306785))*415.545771)+((755676340233739.375000*((((x1+-3988723687.423892)*56472936499009992.000000)+225254939658220967917780992.000000)aq(((5813808905.221012*x1)+10103848709.174505)*(79565647733084.171875+-81382453454898.718750))))+((-146589173933.091339*((2.761661aq(0.045000*0.645000))aq((x1+x1)*(x0*x1))))+131112197385.381897))))))))
sbp,strogatz_vdp1,ok,2,200,0.832064,0.266227,447,2015.19,,32.128913+-1.830612*(((-0.956612*(((((((((x0*x0)aq(x1*x1))*((x1-x0)aq(x1aq-6.678000)))+(((x0+x1)+-10.706258)+((-13.191717+x1)+(0.000000-6.465000))))*0.600607)+((-0.001258*(((x1aqx1)-(x1*x0))*(-417.377150+(x0*-439.086442))))+-0.843726))*((((((x0*x0)*0.669459)+0.484714)aq(((3.502000*x0)*18.624377)aq((x1*x1)-(x0aqx0))))*-0.024671)+3.294214))*1.017572)+((-809072624721679725467135525732698469769177825712894805128441720579229802215513717513125888.000000*((((((x1*-1.243000)+(x1*x0))*(-0.347994+(41079823298134.250000*x0)))*-0.000000)+0.000000)*((((0.000000*(5.959000aqx0))+-0.000000)*(((x0*-3247016831521.256836)aq(x1*x1))*((x1-x0)aq(x1aq-6.678000))))*(-0.000000+(((5.190000*-1.807000)aq(x0-x1))*-0.000000)))))+(((((3.520423+(-1581628.032400+(x1*-1757127.720265)))aq(((3.502000*x0)*18.624377)aq((x1*x1)-(x0aqx0))))*((((x1aqx0)*(x1*x1))*14815.523735)+986.732616))*-0.000000)+(((((x1*-1.243000)+((x1*1.243000)+-0.000000))*(-23481822216201129984.000000+((x1*x0)*-22459457274607188.000000)))*0.000063)+((-5.563838+(-0.000000*(-1289783.937814aq(x0+x0))))+(((x1*-1.243000)+((x1*1.243000)+-0.000000))*481589748912303.312500)))))))+((((((((((x1*-1.243000)+(0.000000*x0))*(0.347994+(41079823298134.250000*x0)))*-0.000000)+0.000000)*((((28438371206792083712128659648895195987928779419053110068397109545907655453923082869997962400289768188411904.000000*(5.959000aqx0))+((-4858340900151.550781*x0)+-7856690640164.396484))*(((x0*-3247016831521.256836)aq(x1*x1))*((x1-x0)aq(x1aq-6.678000))))*(-0.000000+(((5.190000*-1.807000)aq(x0-x1))*-0.000000))))*((629067674680469958759981146491487747728998400.000000*(((1.408865*(x0+0.000000))-((0.000000*56.525145)+21.714989))aq(((3.502000*x0)*(-4.551000+x0))aq((0.444214*x1)+0.873969))))+987904616488555947813490564280378865966120960.000000))*(-389000066054.544617+(-10809956636001.574219+(50421544982767156799313541727574269362176.000000*((((x1*x0)*0.000000)+-0.000000)*((x1*-1.243000)+((x1*1.243000)+-0.000000)))))))*-0.000000)+(((((((((x1*-1.243000)+(x1*x0))*(0.347994+(1062148218768825203006067929372939241554574596877057724566722881314195767296.000000*x0)))*-0.000000)+0.000000)*((-1724117933441203051915445949708436351767786114341313047024089551601664.000000+(((x1+4870.481591)aq(-6.068000*x0))*3056226791138120495551964463660733222503394277455663558207136071680.000000))*(-0.000000+((-0.000000*(x1-x0))+0.000000))))*((629067674680469958759981146491487747728998400.000000*(((1.408865*(0.000000+x1))-((x1*56.525145)+21.714989))aq(((3.502000*x0)*2.174110)aq((x1*x1)-(x0aqx0)))))+((((-3067.129885+(x1*-6150.867343))aq(x0+x0))*-1397518220125620280052572973472554944561152.000000)+-658121464584332059061801003451009789715283968.000000)))*0.000000)+(((((1.408865*(0.000000+2.491147))-((42303.465717+(130358.227585*x1))+21.714989))aq((((56.671581*x0)+-23.189367)*(-4.551000+x0))aq((x1*x1)-(x0aqx0))))*0.000003)+-9.298046)))))
sbp,strogatz_vdp2,ok,2,200,0.973564,0.016509,433,2130.4,,-11855.120883+-0.000000*((((((((0.065831*((293687.219983+(0.694990*(-4699.296198aqx0)))+((253631.622103aq(-0.007000+x0))*0.006992)))+((((-2489.589230+(10.821791*x0))aqx0)*-0.076906)+-110787.530407))+(1428.115103+(((((0.508000aqx0)-61495.115601)*0.000000)+0.000000)*(-0.000000+(0.000000+((0.931204aq0.000000)*0.000000))))))*(31252.658528+(((-334.240602+(-253103563.656041*(-0.000001+(0.000000*x0))))+(((-0.000000aqx0)aq(7.390000-x0))*((24158393467.849934*(-1483.896087aqx0))+65483304630232.460938)))*94.405794)))+12928404059397.671875)*(((-0.004504*((((((41852576638140.843750+x0)*0.162686)+13722599075631.953125)*-6330122374442330.000000)*-0.000000)*-2507.169114))+-125888642231462.156250)*(((-12.898499*((138519803224.115417+(0.003310*(-41852576638233.195312+(x0*-0.433271))))*((((-0.000000*x0)+151.085406)*-12553407171.583620)+1896636624474.928467)))+75632.344947)+(((-764896194505588352734004482279397654528.000000*(x0-((0.457247*(x0*2.187000))+3.988000)))*-0.000000)+((-70.496951*(x0-(5148300146170.593750+(1.000073*x0))))+85103812623440.937500)))))+(((((((0.005373*((41852576638228.093750+x0)*((-0.000000*x0)+266.117057)))*0.456724)+-27332578650291.156250)*(x0+((((-5148300146159.492188+(x0*0.056430))*0.000000)*-2491905443170176779983316836137272177723463800444905530550231133826547462438912.000000)+(-50748424871300.828125+(0.000000*-28160636102515297410608817697148065465939914224803381188207391923860582449545216.000000)))))*((194046102320.038361*(((((x0*-7.387000)-(x1*0.000000))-((0.000000aqx0)aq(7.390000-x0)))*-0.132761)+(332954358604537.312500+(-442156471629299.812500+((x0-111515367711904.968750)*-0.979256)))))+-53880290333476.750000))+((-24374588770007601152.000000+(5993035877145.599609*(((-39479169132679.906250+((x0+-4.935000)*-0.241056))*378.328264)+(14936077484068896.000000+((-0.000000+(x0*-0.000000))*-521692600518270839873863680.000000)))))+((((((-3.988000+(x0*-0.000000))*115615981602076767971723706368.000000)+461076534629157583783561527296.000000)*-0.000000)+(-177066006430917.031250+(-88447591242825777152.000000*(((-90164120212929.250000+x0)*-0.001439)*-0.000000))))*324166729555206.250000)))+(((1556669072301609975808.000000*(((3538509.348590*((0.999561*(0.000000+x0))+((x0*-0.999561)+0.000000)))+0.000169)*(-42293272482.967819+((((41852576638140.843750+x0)*0.162686)+13722599075631.953125)*0.002060))))+(2991270616548332032.000000+(((11188881990015505619075576445507110877025718835174859124225139582014698030872771166208.000000+(19140858741065051118855085718986306597149576318034891021093219742551277005741938966528.000000*((-1.992000*x0)+(4.296000*x1))))aq(((-1629606552420354743977069964558396591073728990806016.000000+(x1*-17799064834248415342398213170072125440.000000))*376401238181449926883467108026166203270351453492871168.000000)+613385924079628538526167036136071472136166252477420078186424966423702470511892849772242821149211045658624.000000))*-0.000000)))+(((224368164236899.000000*(((((x0*-7.387000)-(x1*x1))-((x0aqx0)aq(7.390000-x0)))*-0.132761)+(332954358604537.312500+(((x0-5148300146076.281250)*-0.999857)+(-775113736963950.500000+(439364846459289.625000*0.994644))))))+(-11419275725878.962891+(0.114820*(((-3.988000+(x0*-0.000000))*(-52351864325274653530387382272.000000+(226083220888918597950326702080.000000*-0.279827)))+(-47364675259696662061260996608.000000+(-1670836552012541.250000*(247607618393987.312500+x0)))))))+((((x0-((0.000084*(x0*11853.548517))+3.988000))*-3496761521724666187586994176.000000)+((((41852576638228.093750+x0)*((0.000000*x0)+-5.429217))*-12057391517789.337891)+-16684846466192318168330928128.000000))*(-9.484451+((5864325929682.586914*((0.999561*(0.000000+x0))+((-0.999561*x0)+0.000000)))+((0.000000*(-1629606552420354743977069964558396591073728990806016.000000+(x1*-17799064834248415342398213170072125440.000000)))+20030156946.495293)))))))))
