algorithm,dataset,status,n_features,n_rows,r2,rmse,complexity,seconds,error,expression
sbp,1027_ESL,ok,4,200,0.832737,0.572572,525,2051.36,,2.781696+0.987573*(((1.091632*(((x3*(x0*(-89.639093+((((0.000000+-37.447000)+(-20.183000*x0))aq((x2aqx3)+(x1+x2)))*(((x3aqx3)*17.752016)+((x0*0.080825)+-21.650416))))))*-0.002174)+((((0.017919*((((x3aqx2)*5.659100)+-0.536306)*(((x2-x0)*(x3-x1))aq((x1*x2)-(x1+x1)))))+-0.054394)+(((17.218504+(-3313.468266*((x1aq-31.595000)aq(x3*x3))))*(x1-x3))*0.004873))+((((((x0*-0.876857)+4.212568)+(x1+x2))aq(((650.742301*x2)+-1685.794697)*(x1+x1)))*-87.494404)+(((0.000008*((37.647496+(x2*-3.691549))*((x0aqx1)*(x0+x3))))*122.447328)+-0.209254)))))+(((((0.180220*(((((31.072000*x2)-5872.789976)*((x1+x1)aq(x1aqx2)))+(((x2aqx0)+(0.000000aqx3))aq((x0*x1)+(x3-x1))))aq((((x0+x3)*(x0aqx1))+((33.507000+x1)-(x0+45.070426)))*(((-14.959000+43.738000)*(0.000000*x0))-((-363363.171845*x3)+2294523.649864)))))+-0.031733)+(-14416.252823*((((-0.000047*((x2*x1)-(x0*x1)))+-0.000269)+((-1.767747*((x2*x1)-(5.332241*0.000000)))+0.351325))aq(57229300.830481+((((x2-x0)*(x3-x1))aq((x1*x2)-(x1+x1)))*-448844547.299134)))))+(-9.160018*((0.150360+((((x0-x3)+(1289.791309+(-199.896816*x2)))aq(-3000.436791+((-38.288000aqx2)*-674.484581)))*-0.961590))*(((-223.719018+(-2888.519836+(156.486588*(x0*x2))))-((((37.876000*x0)+(0.000000*x1))*-50.255882)+-363.202900))aq((-67216.221397*(((x2+x3)aq(x1-x1))aq((x2+x3)+(-44.280000aqx1))))+528855.771654)))))+((((((x1aq-9.267000)-((((37.876000*x0)+-160.552806)*(23070308.243326+(x2*-3489987.595053)))+-363.202900))aq(-19.435943+(28.298115*(((x3aqx2)*1772590.364137)+-1745213.048352))))*0.000099)+(-0.119500+((((-4092525.717744+((x1aqx0)*3127380.478037))+(-33898678.283980+((x3aqx3)*34824476.747992)))aq((((1221.335479*x1)+-12069.061228)+(1450.580748+3823.342683))*(((x3*1122.169752)+-5527.441570)-((24.453000aq2.069000)*(x1*x3)))))*-0.031013)))+(((0.008856+(-0.000007*(((x2*x1)-(5.332241*x1))*((x0*1586.080397)+-10760.211940))))+(-381.733203*((20.999680+(((x2*x1)-(5.332241*x1))*9.831101))aq(((13232.463465+(x2*-2656.975943))+((33.507000+x1)-(x0+45.070426)))*(((0.000000+43.738000)*(x1*0.000000))-((24.453000aq2.069000)*(x1*x3)))))))+(((-22604.609894*(((0.015747*(x1+x2))+-0.063372)aq(((650.742301*x2)+-1685.794697)*(4.410947+(x1*0.824812)))))+((0.133534+(-0.000101*((x1*x3)*(x2*x1))))+(((x2-x0)*(x3-x1))*0.023836)))+(((((212.028889+(-12.350339*x0))+(-21.371804+x2))aq(((650.742301*x2)+-3501.793691)*((x3*7.713359)+-38.976342)))*-0.158820)+((-0.000759*(((x2*x1)-(5.332241*x1))*(20.039873+(x2*-3.281456))))+0.084875))))))))
sbp,1028_SWD,ok,10,200,0.08463,0.657898,403,2039.63,,-1.872304+-0.001372*(((4.699001*((91.798094+((((((x7-x7)-(x4+x8))-((x1*x5)+(x9+x3)))*((((x3-x1)*(x1-x0))*-0.040173)+-0.347362))*(((0.528518+((x7+x6)*-0.356164))+-1.874904)+11.707757))*(((((-185.976012*(x5aqx2))+128.642956)*((x9aqx6)aq(x2*x2)))*-0.034828)+-3.680197)))-(((((((0.898553-(17.542000aqx3))*(2.214057-(9.354394-x9)))-(((x2*x7)-2.178555)*((x6aqx8)+(x1+x4))))*0.042623)+32.143225)*((((((x2+x6)-(17.542000aqx3))*((x7*x5)-(6.392000-0.000000)))-(((x2*x7)-(-6.541000*x8))*((x6aqx8)+(x1+x4))))*-0.028434)+(((((x6*x5)+(x9-x1))*((x3aqx4)aq(x6-x2)))*0.440654)+-3.243827)))+(((x8aqx9)*-35.703452)+(((((20.623050+(-12.127763*x5))*((x9aqx6)aq(x2*x2)))*-6.801015)+66.123132)+((0.012816+(2.498451+((x5*-12.760082)+0.188713)))+((((x1*x0)*(x3aqx1))*-8.160874)+((x0*6.424944)+-1.326399))))))))+((((((((((x1*-121.552399)+221.507150)+(-1.456788*x1))+(((x1*40.374092)+-146.333766)*-4.831986))*((2.122363+((x7*x5)*-0.476043))*(80.369445+(-21.093299*(x2+x9)))))*0.121891)+92323.684181)*((((1.629204+(x9*(-2.049416+(x9*0.534460))))*(2622205868.633048+(((x6aqx8)+(0.000000+x4))*-869250229.630886)))*0.000003)+((((((x8aqx2)+(x6*x0))*((x4-0.000000)+-1.831396))*(-2.953964+(0.609406*(x6*x0))))*129.922036)+((1.326384*(-694.252732*((x7+x6)aq(x7-x5))))+95101.622706))))*0.000001)+((0.000010*(((((x7-x7)-(x4+x8))-((x1*x5)+((-1.846961*x1)+-3.523435)))*((((x3-x1)*(x1-x0))*-0.040173)+(278.496987+(((x5aqx4)*(x7aq-0.349000))*-280.793006))))*((-1310.180983+((75989.718845+((x9+x3)*-19325.159226))+(2194.546670*(-3.294005*(x9aqx6)))))+11.707757)))+(-12272.218409+((((1.629204+(x9*((0.534266*x9)+-2.048834)))*(2622205868.633048+(((x6aqx8)+(0.000000+x4))*-869250229.630886)))*(((((x1*7.229570)+-30.877491)*(43.710947+(303.328518*x1)))*0.000000)+0.000089))*0.025629))))))
sbp,1029_LEV,ok,4,200,0.536705,0.643293,481,2002.98,,8.198527+-0.013342*(((((((5.126796+(0.778941*((x1*x2)-(x0+x3))))*((0.631772+(0.038050*((-10.448000*x2)aq(x1-x3))))*(((((x3aqx0)aq(x0+x3))*((x2*x0)-(x3-x1)))aq(((x3*x1)*(x2*x0))+((x1-x1)*(x1*x0))))*((((x3*x2)aq(x1*x2))*((x0aqx1)aq(x0--11.409000)))aq(((x3aq-10.924000)aq(x0*x0))aq((4.231000-x0)+(x2-x1)))))))*8.626507)+-16.890178)*(((((((x0aqx2)*(-18.864000+11.826000))+((x1-x2)aq(x2-x0)))*(((x1-x0)-(x2+x3))*((x0aq-6.775000)+(x3*x2))))+(-5933.259292+(203.942974*(((x1--13.110000)-(6.567000-x3))+((x0aqx3)-(-1.181912-x1))))))*0.004785)+(((((x0+4.062000)aq(x3*x2))aq((-15.800000+x2)+(3.835000*x2)))*0.534396)+(((0.023717+(-0.003172*(((x1-x2)*(x3+x1))*((x3*x0)*(x2-x3)))))+(0.567981*(((x2aq13.813000)*(x2+5.009000))aq((x2-x1)*(-6.006000-x3)))))+((((((x3aqx0)aq(x0+x3))*((x2*x0)-(x3-x1)))aq(((x3*x1)*(x2*x0))+((x1-x1)*(x1*x0))))*((((x3*x2)aq(x1*x2))*((x0aqx1)aq(x0--11.409000)))aq(((x3aq-10.924000)aq(x0*x0))aq((4.231000-x0)+(x2-x1)))))*0.826272)))))+((((((((4422.996108+((x2-x0)*-94.387167))+(-276.757009*((x0-x2)aq(x0-x2))))*0.007807)*-38.367731)+1572.292970)+(((-665.007835+((((x0+0.000000)aq(x3*x2))aq((-15.800000+x2)+(3.835000*x2)))*55.621311))+(((((17.689000+x2)-(x2*x0))*10.169264)+-163.818438)*(((x2aq13.813000)*(x2+5.009000))aq((x2-x1)*(-6.006000-x3)))))*((-0.000000*((-2187.063352+((x1+x0)*521.214043))*(((x1-x2)*(x3+x1))*((x3*x0)*(x2-x3)))))+-0.384872)))*0.534971)+((0.147714+(0.696450*(((-0.016573+(-0.058240*((x1-x2)*(x3+x1))))+(-0.003172*(((x1-x2)*(x3+x1))*((x3*x0)*(x2-x3)))))*((56.756890*(((x0+0.000000)aq(x3*x2))aq((-15.800000+x2)+(3.835000*x2))))+-20.297907))))+((((-0.060501*((((x0+4.062000)aq(x3*x2))aq((-15.800000+x2)+(3.835000*x2)))*(32.723184+(-6.521143*(x0+x1)))))+((((x0aqx0)*-1.466742)+-110.804231)+-111.836660))*-5.396910)+((1.037315*(((-5.091813*(x1+x0))+20.808405)aq((x2-x1)*(-6.006000-x3))))+-1208.549367))))))
sbp,1030_ERA,ok,4,200,0.17579,1.687491,461,2006.6,,5472.859485+0.074048*(((0.011578*((((x1aq-60.519000)-(((((24.756000-x2)-(24.386000+x3))*((x0aqx0)aq(x3aqx0)))*0.013279)+(-34.743357+((((x1+1.964000)aq(x3-x3))aq((x1*x1)-(-61.381000+x1)))*1.548198))))*((((((x0aq(x1-x0))*1.966095)*2142.480395)+-4536.758118)*-0.000000)+-0.440035))*((((-0.439876+(((-39.102000+x3)aq((x0*439.695205)+-405.019132))*0.002278))+(-0.439664+(-0.000264*(x3aqx0))))*32678.356066)+(((((((x1+0.000000)aq(x3-x3))aq((x1*x1)-(-61.381000+x1)))aq(((x0-14.003000)*(x0aqx1))aq((x2*x1)-(x0*x1))))*((((x0-14.003000)*(x0aqx1))*-115.430611)+284.375847))*0.697988)+(-11902.537665+((((x1-x0)-(x3*x1))*((x2*x2)-(6.030000*x0)))*-0.003910))))))+((((51026.843601*(((((0.000000--21.621209)-(x3*x1))*((x2*x2)-(9.444444*x0)))*(-0.000035+(0.000944*((x3aqx1)aq(3.640000*x1)))))*((((-7.656336aqx0)-((0.344474*0.000000)+-4.449578))*1180350866.824884)+(((-59.578000aqx0)*-151686246.916833)+-5252063291.053230))))+-80967.902743)+(((((0.000034*(((13900357.400821*x0)+-8029632.449423)aq((x0*439.695205)+-405.019132)))+-68.896164)+(0.000000*(((1518842600671.581543*(x3aqx1))+-1524973205509.446777)aq(((x0-14.003000)*-24561.994633)aq((x2*x1)-(x0*x1))))))+(((((0.000000--21.621209)-(x3*x1))*((x2*x2)-(9.444444*x0)))*((-155.378518+((x0*15.659517)+89.800994))+(((x3aqx1)aq(3.640000*x1))*-3518.490323)))*0.000004))*((-0.000008*((-164.943800*((-173.391581+(0.000000*x3))-((x0*x1)aq(x1-x0))))+(148524.863391+(((x3aqx1)aq(3.640000*x1))*36374.664111))))+3.007606)))+((0.458165*(((-168437554.991264*((4563175474616.599609+(-93862678927.778412*(x1*x1)))aq(((x1*46647437697045669654287433596928.000000)+-166597752848839716718636647317504.000000)aq(589680601321.442383+(x0*-40778019194.099579)))))+-0.258338)+((331092393184448.312500*((-155.378518+((x3aqx1)*0.000000))+(((x3aqx1)*-0.000000)+((-6.898738*-9.093333)+92.645991))))+14.218391)))+(((-1.735761+(-51113300891524825539948874842734062016399845359616.000000*(((-3352781669901640331910843409242797811989679525855232.000000+(230287076716472147753225582516594501551337318121472.000000*x1))+-1524973205509.446777)aq(((x0-14.003000)*-79093758683549046128368664252642538468220535979143714079461491231266498048184947670049654859706574831616.000000)aq((x2*x1)-(x0*x1))))))+(((-0.015485+((-16050.452935aq(x1-x0))*-0.000002))*(0.000149+(0.000000*(-16050.457381aq(x1-x0)))))*2069946.529827))+((1860799.423432*(((((x2*400234092322.161072)+-1539387214894.935303)aq(-1987974663167674941440.000000+(x2*493244807396653006848.000000)))*-558.232816)+0.000000))+((((((x2*0.065596)+-0.268973)aq(303060.070386+(x1*-32583.764699)))*(-485757255.827151+(49970703.414887*x2)))*0.001222)+(((((x2*400234092322.161072)+-1539387214894.935303)aq((x0*439.695205)+-3341.493927))*0.000000)+-1.575154))))))))
sbp,1089_USCrime,ok,13,47,0.544172,23.633864,517,2010.41,,665.077999+0.000000*(((((-4285359931.534105+(((0.000000+(-0.000000*((-0.000000*(-1537.287000aqx8))+-0.000014)))aq((-1177710753802.143799+(9815470691.929487*((x10*x5)aq(x11-x0))))*(((-14695833170672.070312*(x4aqx12))+1850808306093.585938)+585416800699.543213)))*-958811795617088961738518243257292671500285667497213952.000000))+((-0.000000+(((((-538028044049298283823104.000000*(0.000000*x6))+-417693389489644329334672920548717277216768.000000)aq(-8503659017648.234375+(6914245788445.461914+(3310740720.468431*x6))))*0.000036)+-11406280073034969823297142784.000000))*(((0.000009+(-0.000000*(((485789823681408075769765645976691248801737419833264776491322645260910890181876237158041255936.000000+398426407657442979027724972952374152846751993887015046905831041042451841533445422885720031232.000000)+19639088499252307284391082102393667584.000000)aq((0.000000*x5)+12977.310537))))+(-0.000001+((((0.000000*-702.572000)*(-1909087651558.472900+x6))aq(-139986704522057707625835303261631062587998208.000000+(x4*3564170766447914937574314149929625338249216.000000)))*(((x4*702598.525183)*-14636108501066.917969)+294216924019516506112.000000))))aq((-1177710753802.143799+((119.985296+((-113075747328211297471020700419662697662475316133169490039173440567924070099185565696.000000aqx8)*-0.000000))*(((93371626857501.687500*x4)+1025048568134153.000000)aq(x11-x0))))*(((-14695833170672.070312*(x4aq450.104567))+1850808306093.585938)+585416800699.543213)))))*((((x12*x3)+((((((x8+x6)+(x11-x5))*-56.101472)+-51369.290998)+(-74.374724*((x7+x0)+(x2*x10))))+((((197529.931883aq(x5-x3))*0.050943)+69.106050)+((((x10*x5)aq(x11-x0))*((x4*x11)*(x4aqx9)))*0.000411))))*((0.000000*(((((-253.344503*0.000000)+20975.710315)aq((x2-x5)*(x5aq0.000000)))-((2128.949052+(x5*0.000000))-((0.000000+x12)aq(x5-x10))))*2061.715907))+1.009720))*(-65648.745092+(((1.174305+(((-0.000003+(0.000000*x1))*(x4aqx9))*-9391.917005))*(0.001264+((((-996.148060*x10)+133196.115358)aqx9)*0.000000)))*((-0.250716*((((x2*x10)*-0.350623)+34.226844)*(((0.000000-0.000000)aq(x12aqx0))+((0.000000-x7)*(0.000000-x1)))))+((3.473039*((197529.931883aq(x5-x3))*(-34.821845+(0.331330*x3))))+(68735045.660111+(-103.767207*((x7*x5)aq(x8-x10))))))))))+(((((((((197529.931883aq(x5-0.000000))*(-34.821845+(0.331330*x3)))+69.106050)*(51303656.281671+(((x11+x4)aq(x8-x1))*-35720308.915845)))*-0.000500)+(351369944.875485+(-16230076325390182.000000*(((-996.148060*x10)+133196.115358)aq(-8503659017648.234375+(25479902990.262619*x12))))))+(5521111360.153445*(((0.073828+((x0+x12)*-0.000149))+(-22389.542283*(((-996.148060*x10)+133196.115358)aq((-647589249.620517*x9)+171337390779.880859))))+((((-0.224398+(0.000000*x3))*-0.000001)+0.030616)+(((7.006437*x5)+((-6.596834*x4)+-3.039737))*0.001263)))))*600565915.305073)+((((0.001684+(0.000474+(0.000000*(((-117744276206855608312296736777306112.000000*462748503477406541380186363332644569088.000000)+19639088499252307284391082102393667584.000000)aq((7.006437*x5)+-399.432774)))))*((x12*x3)+((0.543291*((-1.840635*(x12*x3))+16647901074808.759766))+(((-81164839571602800.000000aqx9)*-0.000000)+-9044650436934.546875))))*-87393989606647508500480.000000)+(494076658484138819587145728.000000+(((-356041338623547.437500*((((x8*-73886823074850256.000000)+3653956937903173120.000000)+-32344361526192284.000000)aq(-596.305069+((115257788856500400.000000*x11)+-2770133783333280768.000000))))+((((21.621976*(x11-0.000000))*-118188570034434.500000)+-429866184430776895234113536.000000)+(-0.000000*(((x10*-144310964558879548058188053427546065443634974236979053061903654819951799444575354880.000000)+19957597524882315601026691062399656705735862724825410600940159850394152539295353667584.000000)aq((582132060.878050*x0)+-50663546143.613800)))))*((0.000000*(((12378733799791375397469101114785792.000000*(x4aqx4))+-12377458143973312561634768282714112.000000)aq(70390167734294.406250+(-139202979084.300171*(x12-x4)))))+((-5392234144286854909813325824.000000*(((x10*-144310964558879548058188053427546065443634974236979053061903654819951799444575354880.000000)+19957597524882315601026691062399656705735862724825410600940159850394152539295353667584.000000)aq((2234513597810164762383812884431954361078468698189486283809168549942687124648719353121444401480773392724583944978958385152.000000*x0)+-50663546143.613800)))+((-0.000000*(18265357878.884483aq(x8-x10)))+1.149373)))))))))
sbp,1096_FacultySalaries,ok,4,50,0.786666,2.004397,327,2008.45,,23.587309+-0.000557*((((((((165.238059+(-0.002722*(((302.356000*x1)+(0.000000aq246.659000))aq((x1-x2)-(x3-x1)))))aq(x3-403.121000))*318.721677)+-49.266197)+(((x3*(0.719631+(-101.414827*(((x3-x1)+(x2-x1))aq((x1*x1)aq(-245.717000aqx1))))))*0.727171)+((((((5.249155+(x2*-0.000000))+((x1*51851219929.980476)+-3415020980366.257324))aq((x1*x1)aq(-245.717000aqx1)))*(-905422468913.562378+(804654514651.343750*((x3*x2)aq(x1*x1)))))*-0.000000)+-19.230189)))*-893.123069)+((-1088.162071*(((-0.000000*(((104813773383450830710780058543803446862020608.000000*(4811322.171707aq(-245.717000aqx1)))+-148400070114404396142293779855382756874786644688896.000000)aq(((x1*-16.005194)+1192.361055)-(x3-x1))))+-3.487747)+(0.285477*((x2+((498.385542+(-0.006933*(x2*x2)))+((-81791.353688*(x0aqx3))+-864.578647)))aq(64.515493+((((x3-0.000000)+(x2-0.000000))aq((x1*x1)aq(-245.717000aqx1)))*(-118613.186301+((x1-x3)*19527.944587))))))))+(((((-0.000000*(((-1632571779681169921214977530964444175893320957952.000000+(x3*29888326335150355861447471761823451194605961216.000000))+((x1*51851219929.980476)+-3415020980366.257324))aq(39829164579067995148763662442986530664349696.000000+(-39832445561274708037772873296434289493147648.000000*(x2aqx2)))))+(6546.781395+((((302.356000*0.000000)+(x3aq246.659000))aq((0.000000-x2)--76.288224))*3423.972658)))+(371.254343*(((((302.356000*x1)+(x3aq246.659000))aq((0.000000-x2)--76.288224))*0.000093)+((((x3aqx2)*4.222210)+11.081558)+(((x1aqx2)*-171455658232524512.000000)*-0.000000)))))*0.851800)+((-4342991593965717202357254648040603906096151554410151936.000000*(((-126101728164350914070786867200.000000+(112491286946228384677368954880.000000*((x3*x2)aq(x1*x1))))aq((x1*((x1*138789448629026473737107099514907885805819877502011266196939051363333140901940690944.000000)+-6863463816399733563584992694265159582188226086238541003589597792605200345559942037504.000000))aq(-245.717000aqx1)))*((-273.405841*((x1*x3)aq(x3-45.591900)))+187143.004554)))+((0.830976*(((63807368955927134535752191254893618489355512466492922273416928525549568.000000+((x3aqx1)*-70228190945981811284261619106161215544880843633275646790024987687256064.000000))+84517910800834163568848326868598784.000000)aq((((x1-x3)*37932167739457800341036931590704169387925744100337143402492994781184.000000)+-162128885883735550596933651961546611804519947316414341037190513950720.000000)aq(-245.717000aqx1))))+(-221.475259+(118.032364*(((-1632571779681169921214977530964444175893320957952.000000+(x3*29888326335150355861447471761823451194605961216.000000))+((275796426741872057783811396177106158037740806882755346432.000000*x3)+-12796641361975201302576871665955768565720061745713232478208.000000))aq((-56540896706558264427937456021249783082912957553088900628480.000000+(1162064786729380809718120850856592577299883292855816421376.000000*x3))+(-39832445561274708037772873296434289493147648.000000*(x2aqx2))))))))))))
sbp,1191_BNG_pbc,ok,18,200,0.010169,1025.393443,549,2006.38,,-13233.695675+92.562231*(((((0.421359*((0.770219+(0.051213*((-3.106563+((x9aqx11)*0.656109))*(((x13-x16)*0.039375)+-3.443721))))+((-2.974705+(-0.000000*((-119670729.619372+(x17*-101007636.183849))aqx17)))+(((-1.140405+((-32.744911aqx14)*-4.583279))*((x17aqx8)*(x5*x4)))*0.753769))))+11.819616)*(((-185661.595531+(-24.134058*(((x10*((457.540430*x8)+-25372.038697))*0.045628)+-7357.600543)))+(-4307.708879+((((((0.000000-x15)-(x8aqx8))-((x0*x15)*(x16*x9)))aq(((x5+x9)*(x7+x10))-((x9-x14)-(x10+x13))))*((72105.521941+(-0.005314*(x0*13568974.909134)))+(((x5-x8)+(x0*x1))-((x2-x6)-(x17aqx2)))))*0.270774)))*((0.000000*(((-2.758989*((x5+x0)*(x16-x14)))+-173.292083)+(((((x12aq0.000000)+(x0*x15))*((-897.484000*x16)*(x8aqx14)))*-0.000170)+16204.848686)))+((0.000000*(x15+(122.025470+(((x8aqx3)aq(x8*x6))*-90.367990))))+((0.000018*((-3.663664+((x0+x10)*0.618674))*(((x6+x3)*(x3-x5))aq((x10aqx6)+(x3+x8)))))+((23877397.420809*(((x8*0.000000)+-0.000000)*(x8aqx14)))+(-0.000116+(((-10960.999000+0.000000)aq(x8aqx11))*(-0.000000+(0.000000*x9))))))))))+((((((((((x5*0.000004)*-29255554437639413249630210621440.000000)+40326588639342504634744832.000000)+(x0*x15))*(((0.000004+(-0.000005*x7))*((x0*-1376334345901788999909819555499737088000.000000)+722575531598440509436338607180860096512.000000))*((-0.000000*x16)+0.000000)))*0.000000)+((((-3.106563+((x9aqx11)*0.656109))*(((x6+x3)*(x3-x5))aq((x10aqx6)+(x3+x8))))*-0.524375)+(((x15aq(-16477047051.639999+(x8*18283161302.630062)))*836959.619276)+-0.476631)))+(((((((x0*x15)*0.133327)+-14.826606)*(((x6+x3)*(x3-x5))aq((x10aqx6)+(x3+x8))))*0.063670)+(-0.489451+((((x15*0.000032)+0.000135)aq(-16477047051.639999+(x8*18283161302.630062)))*-15253249232.984797)))+(((0.000536*(((-124079.984602*x5)+11297.571070)aqx9))+((0.264399*((x17aqx8)*(x5*x4)))+(-0.102420+((0.000000+x8)*0.024089))))+(((-1.279531+((x13+x3)*0.009372))*(((x7*-1.390961)+1.613323)aq((x10aqx6)+(x3+x8))))*2.746636))))*7.723034)+(((((0.194655+(0.000000*(((x10*0.000000)+-0.000000)*((x0*-1376334345901788999909819555499737088000.000000)+817116323564506562056180398292471906304.000000))))+(-16.914749*((-1.279531+((x13+x3)*0.009372))*(((1.428938*x6)+-0.813698)aq((x10aqx6)+(x3+x8))))))+(((((32527.368185+(x13*-320.703145))*((x17aqx8)*(x5*x4)))*0.000135)+174.145337)+(((-3.106563+((x9aqx11)*0.656109))*(((0.250040*x13)+-31.352287)aq((x10aqx6)+(x3+x8))))*0.159006)))*0.844885)+((-2510141523860622336.000000*((-0.000000+(0.000000*((x17aqx8)*(x5*x4))))*(((x12aqx17)+(x0*x15))*(((0.000004+(-0.000005*x7))*x16)*((-0.000000*x16)+0.000000)))))+(((((0.000516*(-19144.270362*(x0+x10)))+39.264402)*((-1.140405+((-32.744911aqx14)*-4.583279))*((x17aqx8)*(x5*x4))))*-0.376606)+-4.181360))))))
sbp,1193_BNG_lowbwt,ok,9,200,0.226497,716.020838,395,2109.94,,-17806.731000+-1248.538062*(((-0.000846*((-1196.395000*x0)+((((x8+x5)aq(x3*474.835000))*132.513860)+(((x3*(x5-((977.746000+x4)*(x3*x7))))*-0.063708)+-537.601027))))+((((((((x4aqx5)-(x7aqx0))aq((x3aqx4)-(x1*x5)))+(((-1148439377.834556*((x2+x6)*(x2-0.000000)))+-1318888689.898438)*((x2+x6)*(x2-x6))))aq((((((1145.046000*x1)*(x6+x1))*((x6+x2)aq(x1*x1)))aq(((x6+x4)+(x8-x4))-((755.372000+x3)aq(x0aqx3))))*0.302217)+-44.802069))*-0.000000)+(((((((x6+x2)aq(-2887.853494+(x1*150.137846)))*11.229399)+74.449153)+(1270.793311*((((0.000000*-0.071103)+-0.115564)+x2)aq(-2887.853494+((15.180928*x2)+2947.613028)))))*(-0.000570+((((14.601394*x2)+-1556.583917)aq(-2887.853494+(x1*128.777261)))*0.000015)))+((0.043413+(-137.997476*((-19.748475+x2)aq((-418.074118*(x2*-0.071103))+-466.992590))))+(((((1145.046000*x1)*(-0.000000+(x1*0.000000)))*((x6+x2)aq(x1*x1)))aq(((x6+x4)+(x8-0.000000))-(8479.103503+(x2*-72.704077))))*-2181108.858815))))+((((0.020781*(((-6226325480.088788+((x6*-30686413.462142)+6230240471.918763))+x2)aq(3530264758.126714+(-3532423776.119881*(x1aqx1)))))+((((-126069.560764+((x6*-0.000011)+252139.115303))+(((x6+0.000000)aq(x1*x1))*9070423.875596))*0.000039)+(((-0.615331*((-820.230000aq629.165000)aq(x7-x0)))+(-0.649614+((x0*x5)*-0.210287)))+(-0.000000*((x6+3079053.034846)aq(-2887.853494+(x1*128.590847)))))))*-0.296335)+(((0.000000+((((-0.002536*(0.000000-x2))+-0.355094)aq((213.036187*x1)+((-206302.775088*x1)+5804593.061618)))*-0.000104))*((3476496249399528804768022528.000000*(((0.000000*(x1aqx1))+-0.000000)aq(3530264758.126714+(-3532423776.119881*(23.562920aqx1)))))+-1832053405.167629))+((((((-4033354.790031+-8412320609.959826)*((x6+x2)aq(x1*x1)))aq((-30336.817835+(249.020403*x2))-((0.000000+x3)aq(x0aqx3))))*(-2049.094171+((x8-x4)*2154.791592)))*0.000000)+((41649204677.843559*(((0.000000*(x7aqx2))+-0.000000)aq(((x6+x4)+(x8-0.000000))-(8479.103503+(x2*-72.704077)))))+((-1.513972*((0.462375+(-0.001005*x2))*((x6+x2)aq(x1*x1))))+-5.608789))))))))
sbp,1196_BNG_pharynx,ok,10,200,-0.10269,324.653009,373,2029.1,,7332274.673034+-0.649622*(((((((0.002905*(((61.686367+(-103.773922*(x8*x6)))*(-168.210473+((4.700514*x6)+163.269734)))*((((x2*x1)*(x8-x2))*-0.432657)+0.314485)))+((-82125.141507+(5.456369*((x9aqx2)*(x9aqx7))))+(((0.512093+((x2*x7)*-0.673425))*(-134.150033+(-378.371308*(x0*-0.245788))))*0.006751)))+(((((-1.799951+((x9aqx2)*3.253598))*(((x0aqx0)*-7.089285)+((1.515250*x0)+1.088556)))*-0.218907)+-2.657774)+(20535.654487+(0.892487*((10267.844500+(2.218978*(x5*x9)))+(-10269.995672+(0.603296*(x8-x5))))))))*((-0.000255*(((1.931412+((125226.083933*(x5*x9))*-0.000512))*(((-1.022507*(x8aqx6))+0.935501)+(((x9*-9.643993)+3.295423)*((x2*x1)*(x8-x2)))))+((0.000027*(((-88593.818983*x0)+129360.089328)*(x7*x8)))+517932.894158)))+-223.898407))*0.515015)+(((0.519801*((((22.741245+(((x4aqx2)aq(x0+x7))*-0.384401))*((0.512093+((x2*x7)*-0.673425))*(18.031293+((x0aqx0)*-24.810844))))+(((((-63960.964743*x0)+147909.730968)*((x7*6.773352)+-6.265351))*0.000118)+292738.201839))*(1.540469+(((332.831949+(1.195913*(x1aqx2)))*(((x3*x3)*0.868783)+(334.239889+(-1.960084*x3))))*-0.000001))))+(((((((x1aqx2)aq(x6*x7))-((x8*76.511000)+(100.537000+0.000000)))+(((75.636205*x8)+101.006494)+((0.000000aqx2)aq(x0+x7))))*((((x2--173.484000)aq(x6-x2))*785699.687724)+-95877574.273347))*0.000003)+-213988.092417))+((-0.000000*((((585.480839+(-1442.496651+(-782.860416*x9)))+((2.832371*-129.398195)+(-2350794.242757+(2934874.116166*(x8aqx7)))))+(((x9*-9.643993)+3.623121)*((778964.274967*((x9aqx2)*(x9aqx7)))+-229166.943779)))*(133963523610.499191+(7264564062.761115*((100.537000+x6)*((0.001788*x6)+-0.183420))))))+((((((585.480839+((x6*153.725059)+-1419.914469))+((2.832371*-129.398195)+0.514466))+(((-76943.848034*(-212.989000aqx9))+-15173832.397080)*(2476.847962+((x6*x6)*-2457.553261))))*(48615214.307314+(188440.163874*((100.537000+x6)*((x6*0.025023)+-2.566092)))))*-0.000000)+1.062558)))))
sbp,1199_BNG_echoMonths,ok,9,200,0.393779,11.77907,547,2056.76,,8298201.603409+-5.412755*((((((2695.763900*((-0.000972*(868.285501+(((-0.032165*x1)+-680.453721)*(x4aqx4))))+((((29.608072aq(x6-x4))*((x6-x5)-6.670657))*0.002831)+(-1.486790+(((0.000000-0.000000)+(x1aqx5))*0.079929)))))+-67611.643394)+(((36590.087976+(0.004195*((1243.990128+((x1aqx5)*-101.098816))*(((x4aqx2)-(x5*0.000000))*((x8*x1)+(0.000000-x5))))))+(0.042037*((((-62943.744294+(10146.462476*x5))+((x2aqx5)*(x7*x5)))*(((x6-x3)*(x7+291.166000))aq((x2-x3)-(x8+x5))))aq((((x7-x6)+(x0-x5))+((x2+x2)aq(x8*x0)))-(1077252.977152+(-5806.491701*(x6*x6)))))))+((2606.353341*((x0+x8)-(-0.081596+(0.001556*((0.000000-x6)*(x4-x6))))))+(((0.000007*((-9678877.783646+(446464.657884*x6))*(x4-x6)))+(((884.471233aqx7)*-2.964803)+1539.111775))+(((1243.990128+((x1aqx5)*-101.098816))*(((0.000000aqx2)-(x5*x2))*((x8*x1)+(0.000000-x5))))*-0.020866)))))*0.000987)+(((((26113.527324*(((((x2*x0)-(x6+x4))+((x2aqx5)*(x7*x5)))*(((x6-x3)*(x7+291.166000))aq(270929.212178+(x6*-7585.288222))))aq(((-2325929.877044+(220748.103249*x6))+((x2+0.000000)aq(x8*x0)))-(((0.000000aqx2)-(x5*x2))*((x8*x1)+(x4-x5))))))+((0.000289*((117.897000aqx8)-(-19.470902+((x2*x0)*-492.139346))))+4549.259975))*8.994927)+((((((((1.073481*x4)+13.967551)+((x2aqx5)*(x7*x5)))*-640447049778.940430)+13798926442079.859375)aq(((-2325929.877044+((x6*-45641.487811)+2352429.799044))+(4524532.971778+(394159.846909*(x8-x6))))-((-7834285970.691714*(x4aq4.707452))+14149638045.319654)))*0.000163)+(573150.824556+(0.000000*(((((x6*50565370073952.968750)+-510578179821632.750000)+-1667269.368166)*(((x4aqx6)*5062.889663)+-3818.206374))aq((((x7-x6)+(x0-x5))+(-1802011.205570+(176095.080083*x6)))-(((x4aqx2)-(x5*x2))*((x8*x1)+(x4-x5)))))))))+(((306001.605730+((((-12046874004723574661071036765466141279213077684787464487362085259313152.000000+(-91246349763442472911726687078954734369926555412560251453978370929328128.000000*x2))+274461656663973364185079104929792.000000)aq((5085.591086*(x3-282.402000))+1435866.934546))*0.000000))+((-0.000001*((((28344.910641*(x6*x6))+((-759311.049593*x6)+5807309.264110))*(((x6-0.000000)*(x7+0.000000))aq((0.000000-x3)-(x8+x5))))aq((((0.000000-x6)+(x0-x5))+(-1802011.205570+(176095.080083*x6)))-((-176086.414677*(-1764.701506-x6))+-312541890.926817))))+306001.790718))+(((((((x2*x0)-(-291663908852.260315+x4))+((x2aqx5)*(x7*x5)))*(((1119034181951219836199313626621049569280.000000+(x1*-24958688892536196649180956338312708096.000000))+179005587554037.125000)aq((4796375528466993381376.000000+(-4443671795599132852224.000000*x0))+1435866.934546)))aq(((-2325929.877044+((x6*-45641.487811)+2352429.799044))+(-179114688736363380736.000000+(-635024267194399872.000000*(x3-282.402000))))-((((0.000000-x3)+(x1aq0.000000))*-16923861319680565248.000000)+967639764722795937792.000000)))*0.000000)+((((((21428816.597929*x6)+-360176408.539580)aq((x6*-2477093773316810.500000)+53709047326278048.000000))*(((-9086.540574aqx4)*49276062886.969551)+85392562061249.125000))*-0.000000)+(307035.729885+(-0.000000*(((1119034181951219836199313626621049569280.000000+7651573641439681911947861294672705914697659789487018643041131870357028864.000000)+179005587554037.125000)aq((4796375528466993381376.000000+(-4443671795599132852224.000000*x0))+((145152401882052768726311517867254879699826667646021810083856384.000000*x5)+-558802793846441199894730111986974544225489398106495125033058304.000000)))))))))))
sbp,1201_BNG_breastTumor,ok,9,200,-0.535252,14.461151,477,2023.68,,-5.460318+4.200556*((((0.001102*((-575.582316+(((x7+x8)aq(x4+x6))*4355.697987))aq((x4-x2)+(x8aqx4))))+(((((((151.811068-(x1*x6))-((x1*x2)-(-179.525000aqx8)))-(((x5*61.848000)-(-307.769000*x8))*((x2aqx1)*(x1*x4))))*((((x5aqx6)+(x5aqx5))-((x2aqx2)+(x4-x7)))aq(((-221.012000*x6)-(x7*x7))-((x0aqx5)aq(x8-x5)))))*-0.029455)+0.688836)+(0.616117*(x3+((1455.678523*((((x3*x6)aq(x6aqx7))aq((x1+x0)*(x3+x8)))aq(((x2+x3)+(x2*x2))-((x8-x4)+(x1+x8)))))+0.343904)))))-((((((((-330.351000-x6)aq(x0*x4))*0.974142)+(((((x5-3144.279081)*-172.397965)+-542281.203120)+(166.170703*(x5-x4)))+(((93.964218+(x0*-1.711570))*((x7aqx2)*(x0+x1)))*-0.733499)))*0.003899)+(((((0.003021+(-0.014757*(x3aqx2)))aq(((x2+x3)+(x2*x2))-((x8-x4)+(x1+x8))))*274.593035)+((-0.639549+(((x2*x4)aq(112.539000+x7))*4.296168))+-0.462535))+((((-10.575698*((x3*x8)aq(x2-x6)))+0.202087)*((((x5aqx6)+(x5aqx5))-((x2aqx2)+(x4-x7)))aq(((-221.012000*x6)-(x7*x7))-((x0aqx5)aq(x8-x5)))))*-66.834837)))*-1.332668)+((0.010898*((-408.827190+((1.268271+(1.000417*((73.715879*x6)+-209.293816)))*(((x1aqx1)+((1.049278*x5)+-0.800283))aq((x8-x2)+(x4-x6)))))+(12.143553+(0.788605*((((x7*-209.991000)+(0.000000-x0))-((x5*x4)+(x5-0.000000)))aq(((x5-x0)+(x8+x8))*((x5+x5)+(x6*x1))))))))+((((0.000211*(((x3+x0)*(x4+x4))*((x7*x6)*(x4*x2))))+-0.136684)+(8.738791*((-1.972803+((x8aqx4)*6.726723))*((((x5aqx6)+(x5aqx5))-((x2aqx2)+(x4-x7)))aq(((-221.012000*x6)-(x7*x7))-((x0aqx5)aq(x8-x5)))))))+((((10.317387+(((x3*x5)*(x5-x4))*-252.758943))+((((x3*x5)*(x5-x4))*((x0-x1)-(x4*x2)))*9.828696))*-0.014333)+((((((x8aqx5)aq(x2*x2))*-15571130.191507)+(-379568.126708+(12866798.159153*(x8aqx2))))*((((x3aqx8)aq(95.542000*x1))*0.000002)+-0.000000))+((-0.012506*(x0*(15.716557+(-0.170950*x0))))+((-0.489162*(x3*x8))+((-0.000804+(-0.082894*x4))+(-0.106699*(x6aqx2))))))))))))
sbp,1203_BNG_pwLinear,ok,10,200,0.171061,3.828391,465,2006.06,,1.724570+-0.893650*((((((((((-0.116448+((4.286016*x4)+1.179767))*(((0.000000+x5)aq(x5+0.828000))+((-7.028310*x4)+3.067028)))*((((0.000000-3.483696)aq(x2-0.125000))*0.055952)+0.091515))*(0.297384+(0.159226*((-0.337863+(x4*1.149437))*((-1.230573*x4)+0.421474)))))+(-0.065080+((((x2*x0)+(-0.016355+(x0*-2.850338)))*-0.000746)+0.135913)))+-14.447952)*((2.286163*((x2-x0)+((-1.922549*((x2*x0)+(x0aqx9)))+(4.164206+(-0.977316*((x0*x1)-(x4+-4.622000)))))))+((1.058271*((x2+x4)+((0.918142*((x1-0.000000)-(0.000000-x6)))+((2.071123*(x3*x5))+0.140414))))+((((x7aqx1)*(x0-x5))*1.547372)+((1.386058*(((0.000000+0.000000)aq(x5+0.828000))+((x6*x7)+(x3aqx7))))+(0.993434+(1.725770*(x5*x9))))))))*0.032099)+((0.641569*((((((((-0.155000aqx7)*(x1*3.236000))+((-2.010587*x9)+0.156351))+(((x4+x8)+(x2*x0))*((x7*x9)-(x7aqx7))))*((((x1*x6)*-32.544537)+((x7*-21.419833)+-0.517355))+((-0.931750+(-1.410987*x0))*((x1*-90.339515)+-86.008314))))*(((((x4+x8)+(x2*x0))*((x7*x9)-(x7aqx7)))*-0.789383)+((-0.257263*((0.000000+x9)-(x6*x2)))+-0.121184)))*0.002805)+((0.220039*((-19.077419+(-12.756869*((-3.292000aqx6)aq(x8+3.689000))))-((((x2+x6)aq(x3+x2))*5.547580)+-0.469185)))+((((-0.931750+(-1.410987*x0))*((9461.014485+(x5*-15296.307833))+-86.008314))*-0.000031)+((((339.111672+(553.053703*x1))*((x6+x9)-(x6*x2)))*0.000852)+(((-0.551436*x5)+2.672593)+(((x0*x1)-(0.000000+-4.622000))*(0.543196+(-0.099440*x9)))))))))+((((68659562795519.867188+(((-0.116448+((4.286016*x4)+1.179767))*(((-0.744984*x5)+0.105901)+((-7.028310*x4)+3.067028)))*7550258604630.959961))+(((-164153458398907.875000*(-23.135972+(x2*0.872081)))+-3842073618888667.000000)+(893485592277.440796*((23.568704+(92.032232*x8))*((x2+x6)aq(x3+x2))))))*-0.000000)+(((-0.024700*(((((-0.155000aqx7)*(x1*3.236000))+((-2.010587*x9)+0.156351))+(((x4+x8)+(x2*x0))*((x7*x9)-(x7aqx7))))*((((x6*x7)+0.916757)*6.927983)+-2.271645)))*1.105055)+((0.017003+(((0.918561+(x7*-1.666275))*((0.000000+x9)-(x6*x2)))*-0.147847))+(-95.705522*(((-5076260.143671*(x3+1.777100))+10739125.227433)*((23507.600283+((x6*x2)*-89671.331200))*((x1*-90.339515)+(-0.000000+(x1*90.339515))))))))))))
sbp,1595_poker,ok,10,200,-0.47747,1.72657,335,2011.01,,0.273297+0.078949*(((0.000002*((-1036.484378+(-0.016131*((((((713.797817*215.654498)+49.523436)aq((x4+x9)*(x8-x6)))*-4.216091)+-59.615783)aq(x8-x0))))*(((-170.469958+((-31.570497+((55.839745aq(x8-x0))*1.285849))*13.898721))*x7)aq(x4-x0))))+((0.157290*((0.000000*((344495228452261985431042853603246870051937298289388917723141781085043085911339996492041551872.000000+(((7039711595942558010378393766597702239738867260564584270369464685657707587395707017342618697728.000000+(x1*-797577796437086453299200037028905672674866901252100824990094699963045555606430995043292545024.000000))aq((x4+x9)*(x8-x6)))*1441826195563402458287891471637938176.000000))aq(((x9aqx3)-((-5117.398568*(x3*x6))+21285.287264))+((x3*x6)*(x4-x9)))))+((-0.000000*(((-226084350178682240.000000+(162829122714790208.000000*(9.624657aqx7)))aq((x4+38398831994198.953125)*(x8-x6)))*(((-0.000000*(x3*0.000000))+431.574682)+(((x0*x2)aq(x6-x3))*(-12.730719+(x3*-76.602000))))))+((-3655380489481257472.000000*((-226084350178682240.000000+(162829122714790208.000000*(x9aqx7)))aq(-244919304911965691479187833910984704.000000+(244416619532876057982732095727861760.000000*(x9aqx7)))))+(-26.819170+(-1.977856*(((x5*-0.614462)+4.872867)*(x3aqx9))))))))+((((((((x8aqx0)-(33.063000+58.091671))-(((x4-x8)*-3224354426707764258425910955315011430383616.000000)+-475918395704770493574938572788128517455872.000000))aq(((x9aqx3)-(x2*x7))+((x3*x6)*(x4-x9))))*0.000000)+((((((x9*8.901079)+33.444657)+(15.330483*(x3aqx6)))+(-90.614221+(61.142747*(x8aqx0))))*0.038650)+(0.646109+(-0.196268*((0.000000+x9)*(x8-x6))))))*0.933745)+((((-0.000004*(((x5*8537.371429)+-88040.255926)*((0.000000+x4)*(x3aqx6))))+-1.033395)+((((-226084350178682240.000000+((x4*-299153529216382127438823424.000000)+513415698356489389762150400.000000))aq((x4+38398831994198.953125)*(148290644674582016.000000+(-10792939264601514.000000*x7))))*(((-0.000000*(x3*0.000000))+431.574682)+(((x0*x2)aq(x6-x3))*(-12.730719+(x3*-76.602000)))))*-3.839546))+(1058739736065.158081*(((-0.121414+(0.005099*((x7*x3)aq(x8-x0))))*((((x7*x3)aq(x8-x0))*141504.064875)+-3006175.769450))aq(((((x7*x3)aq(0.000000-x0))*(-31601093934127480.000000+(x3*7494327228032904.000000)))*1.266159)+-233916856343814528.000000))))))))
sbp,192_vineyard,ok,2,52,0.243112,3.75106,385,2007.99,,1119203235303120.500000+0.000000*((((-160834459405.915649+(((-29950382416795252.000000*(((0.000000*x1)+0.000000)*(-41.024000+(((x1*x0)aq(x0+-54.450000))*0.000000))))+-162.605898)*-113171733849437697474560.000000))*(((-47.252000*x1)+(x1*(39.226341+(-2.191987*((((x1-0.000000)+(x0+27.279000))*((x1+x0)*(x0aqx0)))aq(((x1+x0)+(x1*x0))aq((x0aqx1)*(37.302000aqx1))))))))*((-19360022528597189197824.000000+(-3565922787674494822221972179047677952.000000*((-0.000000+(0.000000*(10725474624183710.000000+(x0*0.779798))))*(-41.024000+(((x1*x0)aq(x0+-54.450000))*0.000000)))))+((9226.863793+((((-517.819595*(19.162000aqx1))+329.479321)aq((4.745000*x1)-(x0*44.645000)))*-11.444220))*((9307.095501+((((-68.701000-x0)aq(-68.461000*x1))aq((x0+x0)-(20.839000-x1)))*-11284.391475))+(((((x0+10.554000)aq(x1-x1))aq((x0*x0)-(24.468000+x0)))aq(((x0-8.586000)*(x0aqx0))aq((x1*x0)-(x0*x1))))*-430.662581))))))+((((-342274930407.074341*(-21944994930327121920.000000*(((0.000000*x1)+0.000000)*(-41.024000+(((x1*x0)aq(x0+-54.450000))*0.000000)))))+((-89.115895*(-2.094015+(0.031598*((0.000000-x1)+(x0+27.279000)))))+((((-11908752536167.527344*((x1-x0)*(x1aq-37.214000)))+457584400812588087176241086464.000000)*0.000000)+11916300328245400.000000)))*-28462181227170508800.000000)+((((9307.095501+((((-68.701000-x0)aq(-68.461000*x1))aq((x0+x0)-(20.839000-x1)))*-11284.391475))+(-9307.095501+(-1.000000*((((-68.701000-x0)aq(-68.461000*x1))aq((x0+x0)-(20.839000-x1)))*-11284.391475))))*-122605659001943910669596464513024.000000)+(((-221413349127147844572229414502268928.000000+((-4390325089542873284608.000000+(0.000000*-27786302922956226560.000000))+(((1032957992033363820544.000000+(-2500660624108927488.000000*x1))*((x0+-20.467000)*(-13.982000-x0)))*-0.002164)))*3.735675)+(((((-2518797073758329743127840946101772069708882014761251673124896768.000000+(301658503671835335135142895688112830660986535936.000000*8349829502895259.000000))*0.000000)*((((x1*x0)*4778583931947.315430)+-649884653587756342358711468032.000000)+((9079352249733.900391*(x1-x0))+688798938835392917729831813120.000000)))+(((((0.000000-x1)+(x0+-20996081276898688.000000))*-30942925542996668416.000000)*0.548780)+-34818351422433468432102393691242496.000000))+(((-0.000000+(0.000000*(10725474624183710.000000+(x0*0.779798))))*(-41.024000+(-0.000000*((4.745000*x1)-(x0*44.645000)))))*((((-1395368.078847+(x0*126063.122374))aq((x0*x0)-(24.468000+x0)))*29745183486275669616565944320.000000)+((((0.000000-x1)+(x0+27.279000))*-1335431865616531291572001394655232.000000)+(-59256405137947777506166734205646723704419346546688.000000+(9.303648*(x1+x0))))))))))))
sbp,197_cpu_act,ok,21,200,0.937109,5.143577,399,2004.06,,-2413385032245.552246+0.000000*(((472022.908127*((((((x13-x17)+(70.373055+(((-11943293.835000-x12)aq(x2+x20))*0.329980)))*11.546941)+(((x17-x2)*0.583263)+(6073060.875379+((((x5aqx0)*(x17-x16))+((0.000000aqx8)-(x10-x5)))*10.577630))))*(-0.309263+((((-400958.777981*(x5aqx20))+1256.086593)+(((1167176.025000-x8)aq(x20aqx0))*0.027891))*0.000000)))*((-3.041974*(((0.412179*(x16*x10))+((x1*7.992377)+(((x17*x13)*-1.887490)+-12136328.077156)))*(((6755.653732+((0.000000aqx17)*0.284783))*0.000000)+-0.000000)))+((21354178.386634*((((x19aqx16)*((x5*-3795763.807117)+-237177.236357))*0.000000)+(-0.000000+(-0.000000*((0.000000-0.000000)aq(x0+x18))))))+((((-537120480.200789*(x17-x16))+((x12aqx8)-(89110487569.930679+(x6*-17575111408.150192))))*0.000000)+((0.000000*(((x15-0.000000)+(x13+x4))*((3196943.159000-x8)-(154630974.431558aq5152303.818000))))+(0.039647+(((-386.775312*x1)+-0.002422)*-0.000000))))))))+(((((-515908925178256.312500+(-0.005232*((729782020.279038+(-237546415.466890*(0.000000+x9)))*(x17-x16))))-((((x18*x18)-(x1*x18))*((x1-x14)-(x6-x6)))+((-5452110.479986*(-20416782.144445+(0.068917*(x7aqx3))))+((-111314199191547.453125+((x19*x8)*-1.108155))+(-111315435922993.687500+(14586442.589975*(x17aqx5)))))))*(-0.008287+(((0.000005+((x7aqx17)*-0.000000))aq(-229058645919234.437500+(x19*336535569904.229858)))*-14750176869.880337)))*0.918653)+((-68235.543250*(((((-11943293.835000-x12)aq(-679581.831584+((4165681.241000aqx17)*30.987565)))*-0.205924)+(-17616177.576883+(((18832240.744276*(x4aqx20))+((x18*-454371.565898)+-663557.875842))*0.000002)))+((-2020.708012*((x15-x3)aq(x20-x3)))+((0.650021*((-168.784940*(x3aqx20))+-280.525259))+-58.081964))))+(((-339.957503+((-0.000000+(-0.000000*((0.000000-x16)aq(x0+x18))))*1332.221618))*(((-0.000000*(((-6522551668.148207*x15)+21814919546.876274)+(x12*1703823713.137605)))+-16410857930959680.000000)+(((((-6522551668.148207*x15)+124389998614.112427)+(x12*1703823713.137605))*-0.000000)+339.958007)))+((((0.000005+((x7aqx17)*-0.000000))aq(-3304378406336.568359+(2494.842698*(17505413884.474777aqx0))))*-105234292970419164020736.000000)+((((((-0.000000*x8)+-0.000000)+(x6*0.000000))*73507341278732264223020224906757406720.000000)+(5578994771487303680.000000+(-85.747673*(-962231.197155aqx16))))+(5578994401491361792.000000+((((x3*0.000005)+-0.001923)*(x17-x16))*-24985311.888354)))))))))
sbp,201_pol,ok,48,200,0.462142,28.275211,357,2014.09,,-4093.977515+0.000000*((((-157803565091464992.000000+(0.380354*((114908816965.802383*((0.471263*((x8+x4)*(0.000000+x4)))+(-1335.862160+(2943.858047*23191207704173872.000000))))+(1587048096518923167724109561856.000000+(((((223.989368*x4)+73393679629887537152.000000)*-83658441434.679153)*0.749273)*2.050209)))))*((((-3147.232422*((137.091140*((x5+x6)+(-240.925000+x29)))+((0.471263*((x8+x4)*310.937846))+(-1335.862160+(2943.858047*(x7aqx4))))))*0.828707)+69950977.362418)*((((((x8*x20)+((60.388461*(x7+x4))+-9436.840205))*((((x28+x18)+(x31-x17))*-0.002045)+0.023365))*-19.054018)+(12200.998655+(((13066.312378+((x7aqx4)*802.414868))*(((x8-x11)*(0.000000+x8))*((x6+x5)aq(x2-x36))))*-0.000034)))*(((((((0.000000*x20)+-0.000126)*((18.185993*x4)+-1023.862962))+((60.388461*(0.000000+x4))+-9436.840205))*0.011968)+-64.925000)*(-182.532555+(((((x5*x5)*-0.896923)+-64117.974820)*(((x8-x11)*(x44+x8))*((x6+x5)aq(x2-x36))))*-0.000000))))))+((49234786671442260682197511962624.000000+(-20098113152337715321110528.000000*((95.956106+(-340468.644710*((((x5*x5)*-0.896923)+((x5*184.239850)+-9065.155220))*((-0.000000*x19)+((x19*0.000000)+-0.000001)))))*((x5+x6)+(-240.925000+x29)))))+((((((23704656141188587145390301642752.000000+(((150756443104179648.000000+0.000000)*-83087458906176.812500)+-11178686369920187858128845406208.000000))+((((x25*-410.436298)+-410.864487)*((x28+x18)+(0.000000-x17)))*634764621998.821289))+((-155696543060695936.000000+(-2431082326658980864.000000+(1343833787350312.000000*(x18+x32))))+((((223.989368*x4)+73393679629887537152.000000)*-2640149769327.555176)+(393701704023986233556507633385472.000000+(223529167159958.250000*(-894430915746970624.000000+x4))))))*3317597220059.493652)+((((-0.000000*((x37-x0)aq(x5-x0)))+((((x25-x2)+(x3aqx32))*0.000000)+-0.000000))*-24486106465688281766878069328171735125933948928.000000)+(((((-7966033186249685811037230445367494272321945840902432873519998986750266544103910680122552745984.000000*x15)+5535771078980314384364227749511078449027113386629885875770777051422777198286101928557460325534860836864.000000)+(140875902068633566597381579542873399706503562738807427986888294285008177012594408256759084884386279852081152.000000*((223.989368*x4)+(-223.989368*x4))))*-0.000000)+((-7892269347992687380929708032.000000*x27)+-47687727889018563322100244288123174912.000000))))*((-0.000000*((((x8*x20)+((60.388461*(x7+x4))+-9436.840205))*((((x28+x18)+(x31-x17))*-0.002045)+0.023365))*((-293305190469825757184.000000*((-0.001451*(x17aqx15))+(0.001451*(x17aqx15))))+553.446990)))+1.169932)))))
sbp,210_cloud,ok,5,108,0.851165,0.478238,473,2031.56,,19.698628+-0.035893*(((((((((6488616476.414605+(((x3aqx4)aqx1)*-25079109434.274433))aq((((0.000000aqx4)aqx1)*41671524.523669)+((-12863571154646448734208.000000*(x3+x0))+35999292474133820997632.000000)))*(((-191787829520.930573*-35184372088832.000000)+(4636228622114744734580736.000000+((0.000000+x0)*-5949734113.424584)))+(-15687666243479063857463296.000000*((x3aq-32.935000)+(x0*x3)))))*(0.000117+(-0.000000*(((54.454207+(0.000000*0.000000))+(x3aqx2))*(631299156178.802856+((x3aqx2)*-11143157374.315615))))))*-0.000000)+-19.007774)*((((-0.567766*(((((x2+0.000000)+(x2+x3))aq((x0+x1)*(x1+16.479000)))*0.658375)+((81.766133+((x2+x3)*-2.448005))+-0.131032)))+44.362189)+(((0.320564+(0.246813*(((x2+0.000000)+(x2+x3))aq((x0+x1)*(x1+16.479000)))))*(x2+(-0.227948+(((-19.911000aqx4)*(x3*x3))*-0.047779))))+((0.436467*(x2+(42.151343+(-0.166614*(-39.798000aqx2)))))+(((((0.000000-x3)+(x2-0.000000))*-0.700683)+-82.945275)+((0.364106*((x1*x2)+x2))+-21.832134)))))*(((((((x1*x2)*0.233982)+-0.396847)+(0.246813*((448.645620+(x2*-200.721911))aq((x0+x1)*(x1+16.479000)))))*(x2+(-0.227948+(((-19.911000aqx4)*(x3*x3))*-0.047779))))*-0.000064)+((-0.009918*(((((x3aqx1)*-218134.607016)+107656.505451)+-14620.885305)aq((((x3aqx4)aqx1)*41671524.523669)+-6057664.890307)))+((((((x2aqx1)aq(x1*-8.380000))*0.000006)+0.761453)*-364.692061)+((((4756350.391359+5176223.788974)*(0.000000*x3))*931941.799094)+((((x3*x1)*(x1*x2))*-0.000064)+((-0.000479*(x1*x0))+((x1*0.000142)+278.050187)))))))))+(((((((-1138339175.835185*((-27497582811.602272*(x4aqx4))+((x4*3041837232.587389)+14967952275.232185)))+1158553964171865856.000000)aq((((x3aqx4)aqx1)*(2429170142441527.000000+((x2aqx2)*-2603604855993100.000000)))+-6057664.890307))*0.000003)+((-0.000024*(((-375144597251.349548+((x1*-8.380000)*-23758417765.246174))+-14620.885305)aq((((x3*8500822.627410)+-538036.079476)+(-32822041.772571*(x3aqx4)))+-6057664.890307)))+(((0.000000*(((x3aqx4)aqx1)*(-146120864681.176880+(958221352359.734985*x0))))+0.037319)+(((((x3aqx4)aqx1)*(146120864688.892517+-146120864688.892548))*(0.336127+((x4aqx4)*-0.336277)))*0.000000))))*1.090598)+((((-391042885890055805661480915280589188235264.000000+(1308942899922490716593857930388464700751872.000000*(0.324670*(x4aqx4))))aq(((((x3*-25348578701013033114664960.000000)+47911709402980209750179840.000000)aqx1)*(2429170142441527.000000+((x2aqx2)*-2603604855993100.000000)))+-6057664.890307))*-0.003935)+((((((((x3aqx1)*-218134.607016)+107656.505451)+(-79395.883597+(27154.454414*(x2*x3))))aq((((x3aqx4)aqx1)*41671524.523669)+-6057664.890307))*-14.980992)+-14.810114)+(-14.486285+(0.000002*(((-375144597251.349548+((x1*-8.380000)*-23758417765.246174))+-14620.885305)aq((((x3*8500822.627410)+-538036.079476)+(-32822041.772571*(x3aqx4)))+(((x3-x4)*5795539.777594)+12626379.193265))))))))))
sbp,215_2dplanes,ok,10,200,0.892893,1.070233,353,2009.87,,86.647344+0.119554*(((14.821777*(((((0.194463+(1.937541*((x5+x0)+(x1+x0))))+x4)+((((x0*x4)aq(x4+x2))*-3.011887)+((1.496252*(x0*x1))+-0.231314)))*0.461516)+(((((0.672416*(((x0*x2)+(x4+x6))aq((x6+x2)aq(x1-x4))))+-0.033409)-(((-0.160138+((x2-x6)*-0.934809))+(x0*x5))aq((x6+x7)aq(x9-x8))))*0.553970)+((((-0.862127*(x5-x6))+((-0.949420*((x0*x6)aq(x3*x6)))+-0.285002))*0.369222)+((1.733339*((x3-((0.610610*x9)+0.282827))*0.145431))+(((x0*(-0.602931+(4.047998*x3)))*0.055362)+-0.710055))))))+(((((-20.615530+((x0*(-3.179019+(x4*2.326942)))*-0.617609))*(((x0*x4)aq(x4+x2))*-3.011887))*0.063094)+((((((4.242627+(x6*11.242843))*(1.278579*(x0*x5)))*-0.010389)+((0.000000*((3660647.714485+(0.000000*x6))aq(x4+x2)))+-2.357990))*16.107965)+-562.023770))+((((((((-0.000000*(x6+x2))+-0.000000)*((3660647.714485+(760275.744300*x6))aq(x4+x2)))*-133214537750677.953125)+-2.190379)+(0.002860*(((-5.629993+((x6+x2)*-30.227620))+2.862576)*(x0*((5.581675+(x7*16.582564))+(7.765426*(x5-x4)))))))+((-59.537787+((((-1030.747732*(x6+x7))+563.672835)*(((x6*223.123691)+113.762214)*(x0*x5)))*0.000009))+(-60.104193+(((((x8-x4)*3386.463729)+4846.104527)aq(34426672971.011902+(17433111616.661812*(x8-x4))))*-1057993.056283))))+((-0.000001*(((0.000086*(((x2*-11.862380)+0.324618)*((x4*x0)aq(x4+x1))))+0.000582)*((15864193961929196670287872.000000+(((0.000000+x0)+(x1+-2901.763213))*5462483350113488994304.000000))aq((((x5+x0)+(x1+-0.285887))*2578657507270.595703)+6215422463946.681641))))+((((((x5*-2.585900)+(0.224846+(4.434020*x5)))*(((x7*x1)*3.621885)+((0.000000*x9)+0.061901)))*-0.266400)+1.645603)+((-0.000000*(((x2*-11.862380)+0.296560)*((x9*98160705524833.515625)+1840513228590.629639)))+1.589118)))))))
sbp,218_house_8L,ok,8,200,-3.699601,104056.39544,431,2010.02,,35711008466768100.000000+15883.267016*(((-0.000003*((((((x5-x4)aq(x7*x7))*((x4*-251305.777000)-(x3aqx2)))+(-1416460.673359+(-6.033105*((-101687.483000-x5)aq(x0*x1)))))+(-1530331.856549+((((x2aqx7)aq(x4+x1))*((((x2aqx7)-(x1*x7))*-4331105.986095)+3059307.611040))*3.098972)))+((-273027.851477+((((x1*x5)+(12639.889380+(-14947.809645*x3)))*((x1+x7)*(x1*x5)))*-41335.768691))-((((x2*x1)aq(x6*x7))*28402449.284517)+((-117.554523*(((-29936.276898aq240800.486000)-(x7+x0))*((x1+x2)-(0.000000+x3))))+(-1819448.714686+(((-16.525312+(x7*-6.586353))aqx7)*-123291.416659)))))))+(((((((((371574234003398852608.000000+(x1*243607399306583768825856.000000))*((0.000000-x6)aq(x1*x0)))*0.000000)+(-5640506.645112+(((x1*x5)aq(x2+x0))*11538082757.253916)))*0.000001)+-2248341505043.903809)+((((((535942950539106892453516142022981391261717693301800511495893726918722255198222435641356045954406828298207232.000000+(-84814364031777223044542083792815982933476911157576000384220732800503904008971431992733294085913614873341722624.000000*x1))*-177134740357626274132455849984.000000)+1281240939897329408.000000)+(((x7*x7)*-4720346136299580416.000000)+2248429907418650112.000000))aq((-3188247.383687+(613595196619848064.000000*((0.000000aqx7)aq(x4+x1))))-((2830683.948144*((0.000000-x6)aq(x1*x0)))+3001756.644397)))*0.000000))+(-0.453717*(((0.088315+(-0.000000*(((x0aq240800.486000)-(x7+x0))*((x1+x2)-(0.000000+0.000000)))))-(1352844.777678+((((0.000000-x6)aq(x1*x0))*0.845260)*1244950.547393)))aq((((-2831162.368662*((0.000000-x6)aq(x1*x0)))*0.024172)+33097.254533)-((2830683.948144*((0.000000-x6)aq(x1*x0)))+3001756.644397)))))+((-0.000000*(((0.088315+(-0.000000*(((x6*-218383268564519994150354944.000000)+1364270564246329519557836800.000000)*((x7*-1148409684273202892636160.000000)+800349131695281504518144.000000))))-(1352844.777678+((((0.000000-x6)aq(x1*x0))*0.845260)*1244950.547393)))aq(((0.000311*((140305886282.698181+(x5*-2202781432935.196777))*((0.000000-x6)aq(x1*x0))))+-18950435.923499)-((2830683.948144*((0.000000-x6)aq(x1*x0)))+3001756.644397))))+((-0.000000*((((226537847866.319946+(4372.129629*(0.000000*x0)))-(34207962133522830146231706090148014405238942386807831590653465376437687671017110730305955043410295439824955431627192351858867830784.000000+(-520686304073702123051323904145595781655172965341299562647376689993790224345576197146229308139509008036502773250052325376.000000*(x4+65697833543.590439))))aq((-3226694689314773197291334126215652563727790497469562880.000000*((0.000000-x6)aq(x1*x0)))+2631219938066167237817789638459243170746804607366725632.000000))aq((191405037946.435669+(((x6*x5)-(x4-240861.511000))*-794668.211501))+2536.435124)))+(((((((x0*x1)*4619776071777996992751136017143096672256.000000)+((-109953431436597345373329078627925491712.000000*x0)+48306125626633540659747333158339860234240.000000))*0.000000)+0.000583)+(-0.217361+((((0.000000*x2)+-0.000000)*((0.000000-x6)aq(x1*x0)))*-475577391457209703167636325531648.000000)))+(-0.000000*(((((x2*-854373528004422502509352761395630090670770435484377916467343945930303622993852788370877793083843639129176277461952422405554417226210357458916398333952.000000)+402275053303473390683620473690186318185137108470117005017851708511671376522023617809366717843195405793399371867003177381077745967387380784960534216704.000000)+(4372.129629*(0.000000*x0)))-(34207962133522830146231706090148014405238942386807831590653465376437687671017110730305955043410295439824955431627192351858867830784.000000+(-520686304073702123051323904145595781655172965341299562647376689993790224345576197146229308139509008036502773250052325376.000000*(0.000000+65697833543.590439))))aq(1089092046730530870918750820378090079086470997911912981181713261353530200702001257105063936.000000+(((1.504625-x6)aq(x1*x0))*(-2390777629590289362687325968566135115793275792722611015929682436554264758265135403901124608.000000+(5697312801022391646841746298069947246140921286155385963560859330072136739087998693408768.000000*x0))))))))))))
sbp,225_puma8NH,ok,8,200,0.526143,3.919749,553,2021.76,,20791.367742+-0.000002*(((((-0.222401*((((523.992416+(((x2-0.000000)aq(x0+x5))*-16.354627))+(-0.001456*(((4265.730255*x1)+-4770.897860)*(x3aqx4))))+(-0.029141*((((x2*x2)*-170.037490)+(209.636722+(-47.440461*0.000000)))*(-0.876291+(-0.932146*(x5-x4))))))+((-10.610543*((((x2*x2)*-170.037490)+(209.636722+(0.000000*x5)))*(-0.876291+(-0.932146*(x5-x4)))))+-312330.546340)))+-52.821272)*((((((x2aqx4)-(x6+x2))+((x2aqx0)+(x4*x3)))+((-189.052831+((-67.002927-(x2-x7))*-3.307602))+(-0.086931*((((x0*0.000000)-(x6+x2))+((x4+0.000000)-(x4+x1)))*(((x2+x1)-(x4aq-8.038000))*((x1*-8.516000)-(0.000000*0.000000)))))))-(((-5.159538*(((4.237056*(x1aqx2))+-0.211188)-x1))+-15.062019)+(((((-2.848319*0.000000)-(-4.174000-x2))-(-0.068435+(1.011394*(x1*x1))))*-4.471576)+-1.350156)))*((0.247736*((((4812.514147+(-516.457770*(x1+x3)))*0.295426)+((0.327982*(465.179836*(x3+x1)))+-1421.730231))*((((x0*x6)-(x6+x2))+((x4+x6)-(x4+x1)))*(((x2+x1)-(x4aq-8.038000))*((x1*-8.516000)-(x4*x0))))))+((((-9256.343941+((6.451512*(x1aqx2))*183.445327))*(x7*(((x2*x6)*-1366.248986)+(17.651118+(74.689956*x2)))))*0.000000)+(-2.150230+(-0.000000*((((x4aqx2)aq(x1*-6.831000))*648948.183455)+142447.603818)))))))+((((((-50.014915+(-0.001456*(((4265.730255*x1)+-4770.897860)*(x3aqx4))))+(-0.029141*((((x2*x2)*-170.037490)+(209.636722+(0.000000*x5)))*(-0.876291+(-0.932146*(x5-x4))))))+(44.965327+((((-0.000838*(x2aqx2))+0.000149)*(((x2+x1)-(0.000000aq-8.038000))*(0.000001+(x0*-0.000002))))*-6764616030.769048)))-((-0.001004*(((-8481.031015+(-1.608501*(x2+0.000000)))+(2.311758*((x2-0.000000)aq(x0+x5))))*-14597.839679))+((-2.548092*((((0.000000*x6)-(x6+x2))+((x4+0.000000)-(x4+0.000000)))*(((x2+x1)-(0.000000aq-8.038000))*((x1*0.000000)-(x4*x0)))))+((-0.000015*(((x2+0.000000)-(x4aq-8.038000))*(-271549.214767+(341654.422860*x5))))+((124270.882997+((x2*x2)*3.843596))+((-148.811603+(x4*x3))*4.008106))))))*-28440.987923)+(((((((((x2aqx2)*104030.623781)+-23938.422134)*(((x2+x1)-(0.000000aq-8.038000))*((x1*0.000000)-(x4*x0))))*-0.309779)+15068.228171)*(((-9256.343941+((6.451512*(x1aqx2))*183.445327))*(x7*(((x2*x6)*-1366.248986)+((x2*74.689958)+17.651119))))*(0.000000+(-0.000000*((x2*x6)*(3641759.768424+(x5*5368478.256142)))))))*6.275377)+((4245750115.064360+((((((0.000000*-8.516000)-(43153.246868*x0))*-0.008672)+746.193492)*((((0.000000*x6)-(x6+x2))+((x4+0.000000)-(x4+0.000000)))*(((x2+x1)--5.224470)*((-12.171553*0.000000)-(x4*x0)))))*-26.072223))+((304482461161736.375000*(((-0.000000*(-15503.862459*x0))+-0.000017)*(((0.000000+x1)-0.181310)*(0.000001+(x0*-0.000002)))))+4245744940.302271))))))
sbp,227_cpu_small,ok,12,200,0.96796,3.662196,363,2010.36,,562348.411734+-0.000000*((((-242922177.271026+(1.057570*(((((142061095872171623037573869338624.000000+(1667412380818586522619189884092416.000000*-0.085199))aq(-29137905555627331846250323657632091703298764144746144027530756096.000000+(1051227601226666999808.000000*(552904654960201712563569081950254099595264.000000*x4))))*-822704325591365630777473650946400738599470366720.000000)+(((((16826000375517105402973885241702464797956181531105860729614925594781871938282915717014995733577728.000000*x4)*0.000000)+((x4*-629322914.381295)+-0.000015))*11954920.831208)+((0.000019*(x6*x11))+220204675.121331)))+((2323820875576257513599849997255580191785858268921856.000000*((-7789165061910750716993458408793770066396704608157171712.000000+(96632161347206841833116781248594347671187092666318848.000000*x4))aq(-129600931598659603307660829452065958296400261586945452683900627838625909810792105493939139321686764027904.000000+((552904654960201712563569081950254099595264.000000*x4)*2576535087372214460507352427195829536790979888949622273474560.000000))))+((2108692.066102*((0.703470+(x4*-0.015514))aq(x8*x6)))+(220204619.742468+(0.000000*((x2*101230259881156617961472.000000)aq(x8*x6)))))))))*((((((-0.616416+(((x5+x2)aq(x2+x11))*-39.090845))-x5)*2179.308567)+((-0.291029*((x10aqx6)-((-102363.913346+(2.248743*x10))+(249210.691098+(-6.441523*x2)))))+((-0.000000*(((x2*x5)aq(x8*x6))*(-543923667739856601088.000000+(-57211520321396136.000000*x8))))+9264.875955)))*-0.384419)+((-0.000000*(((((-188117362672.168518+(932590.716895*x7))+22435994.727080)*15043135996.546751)+-337507719896937344.000000)*(((-12028289.749000-x10)-(x4aqx5))aq(43.639194+(-0.000012*((x8-x7)*(x5-x1)))))))+(((((-12028289.749000-x10)-(x4aqx5))aq(((8503613763434011410803689714056802156412928.000000*(x7+5152621280.836725))+-43816412655289952035543016526925192241757326751563776.000000)+(-0.000012*((x8-x7)*(x5-x1)))))*-2080587274813302100270888504994853300469760.000000)+((((((x0*x4)*0.001547)+59.747056)-x5)*9.432846)+(((0.000253*((x8-x7)*(x5-0.000000)))+((-0.000634*(0.000000-0.000000))+208394518.654076))+(0.000000*(((x5+0.000000)aq(x2+0.000000))*((-86052250759495941112585635638733960260878336.000000*x5)+601992775755540978146774845935462844737781760.000000)))))))))+(-988719497888447.000000+((((((((-188117362672.168518+(932590.716895*x7))+22435994.727080)*15043135996.546751)+(2829537562269392568320.000000+(((-932590.716895*x7)*15043135996.546709)*1.000000)))*0.000516)+-348114.183271)*((-0.000519*((((-188117362672.168518+(932590.716895*x7))+22435994.727080)*15043135996.546751)+((-15043135996.573626*(932590.716894*x7))+2829537562269089005568.000000)))+((1967238668128713359798833250304.000000*((((x4aqx5)*-369709103624879680.000000)*-0.000000)+-0.000000))+(-174379.948794+(0.000000*(((x5+0.000000)aq(x2+0.000000))*((5699737088702321580110515182798710505472.000000*x11)+-6263965943681134227014901275996291617746059264.000000)))))))*((-52807106243139299142302705761063567902313038356271235564830720.000000*((-0.000000+(0.000000*((x8-x7)*((x8*201311540193465.718750)+-43801260234333560832.000000))))*(((-12028289.749000-x10)-(((x4aqx5)*6485858360356557.000000)+-60407424019520.000000))aq(43.639194+((795017219675146458102373660440784276266032300032.000000+(552904654960201712563569081950254099595264.000000*0.000000))+((x7*-0.015336)*-6902256422896097058531546987267477648449732608.000000))))))+-814.953845)))))
sbp,228_elusage,ok,2,55,0.553089,10.69698,513,2033.1,,-2138.416036+2.565274*((((((((((5893081902.994946+((x1*x1)*-288137235.677758))+x0)aq((((x0-86.599000)*(x1aqx1))*9.219886)+((12518281086427936.000000+(-150507106290620.750000*x0))+((x0*3168314766573079.000000)+-127339091420329728.000000))))*39008810.149202)+((((((x0aqx1)aq(-391.211000-x1))+((x1*0.005882)+-0.068288))aq(85836857370411.812500+((x1aqx1)*-86787690705658.375000)))*265264647325738624.000000)+-239904.664134))+(((-4365586160330196.500000*((((x0aqx1)aq397.074626)+(-0.068289+-0.068288))aq(((x0*34486.317721)+-1895175.225980)*((0.000000+363.665000)*55518.125904))))+((-0.157272*(((x0-x0)-(x1*x0))*((x0+x1)aq(x0aqx0))))+-2093162.038224))+(((((225.719800+(-7.556026*x0))*2.335535)+1107184.508227)+(((707529173.438367+(x1*89830593.729703))aq(-2139.329443+(x0*52.601058)))*-0.000000))+(8108067030399.609375*((((x1*0.005882)+-0.068288)+((x1*0.005882)+-0.068288))aq(((x1*577.666612)+-4298.003908)*(-1868334.822625+(35306.332726*x0))))))))*(((((92088.384884+((x1*-19922393076194.347656)*0.000000))+(-117622.571608+((5221.185033+(-50.776640*x0))*1185.986599)))*(-1868334.822625+(35306.332726*x0)))*0.000000)+(((((((0.000000*x1)+15226240083.805048)+((x1*x1)*-288137235.677758))+(-5397519930902.806641+(-52664106601.855942*(x1-x0))))aq((((x1-x0)*-513964362653.913452)+-12854619385069.302734)+(149059.038341+(2359.132260*(0.000000-x0)))))*-0.000000)+((((-418645772.185949+(x1*89830593.729703))aq(-2139.329443+(x0*52.601058)))*-0.000000)+(((((x0*-11834203158231572807680.000000)+949292165252927652364288.000000)aq(15937071920662475675009024.000000+(x0*-274235125150046847238144.000000)))*0.000002)+((((0.000000+-33.373971)aq(x0*x0))*-0.000030)+-0.000382))))))*1.819108)+((-0.000000*((-228645944858088.656250+(((((-17341723454.119125+(x1*3225741723.589973))+((x1*x1)*-288137235.677758))+x0)aq((((x1-x0)*-1035688734122.775146)+(34279527334604.000000+(-1994178952217.666992*x0)))+(149059.038341+(12155070026.546785*(x1-x0)))))*-43067179854151488.000000))*(((((((7493295643548319.000000*0.000000)+-1534339819491325905985339392000.000000)aq(15937071920662475675009024.000000+(x0*-221320821250882466217984.000000)))*0.000000)+-0.000205)*(((((30075257081080798248960.000000*x1)+-176350632851615061639168.000000)aq((7262.835796*x0)+-393084.717324))*0.000003)+-27632320640263.894531))*((((-111644051432267743232.000000+(60394181196488696.000000*(x0*x0)))aq((195953.183651+(-4005.620511*x0))*(-1868334.822625+(35306.332726*x0))))*0.000000)+-19387.642065))))+(((((((((x0aqx1)aq(-391.211000-x1))+((x1*0.005882)+-0.068288))aq(((8059475.300871*x1)+-47291903.815955)*(-1868334.822625+(35306.332726*x0))))*((((0.000000+x1)aq(x0*x0))*-471602699708266971136.000000)+1693930852113689088.000000))+(((((x0-x1)aq(x1+34.084000))*1429.915534)+-914.234051)+(0.000000*((-28801794029072552.000000+(x1*7493295643545152.000000))aq(-2139.329443+(x0*52.601058))))))*-0.000247)+-0.042587)+(((-0.220973+(0.000000*((-111644051432267743232.000000+((x1*-944971931368299520.000000)+122594925999317680128.000000))aq((195953.183651+(-4005.620511*x0))*(-1868334.822625+(35306.332726*x0))))))+(((-111644051432267743232.000000+(60394181196488696.000000*(x0*x0)))aq((195953.183651+(0.000000*x0))*((-1215500524223323904.000000*x1)+3535754849925871104.000000)))*-383.713719))+(0.005578+(-10135.611231*((((-17336088189.073654+27549436963.039799)+((x1*x1)*-288137235.677758))+(((x1-x0)*190590408.804308)+21142475765.926956))aq((((x0-86.599000)*(x1aqx1))*9.219886)+((12518281086427936.000000+(-150507106290620.750000*x0))+((x0*3168314766573079.000000)+-127339091420329728.000000)))))))))))
sbp,229_pwLinear,ok,10,200,0.770094,1.7911,393,2004.31,,9.059384+-1.188284*(((((-0.462261*(((((((x0-x4)aq(-1.076000+x2))*4.627686)+-5.821426)-(x1+x1))+((x0*x1)-(x5aqx4)))-(-0.224911+(((x4aqx0)-(x2+x6))*-1.159407))))+((-1.961716*((0.292372*((((x0*x5)*-0.951855)+-0.216017)+(0.559507*((0.000000*x1)-(x5aqx4)))))+((0.339937*(((0.552000aqx8)-(0.000000+x4))*((x0aqx6)-(x2aqx5))))+0.072583)))+(((((3.418059*(x5*x9))+0.485790)*(x2*x2))*0.112709)+((-0.007069*((-21.862869+((x2+x5)*-13.287640))*((x5+-2.124000)+(x6*x0))))+(((((x3+x9)*0.246919)+2.489927)*0.459871)+(((x6*x2)*-0.135234)+-3.410477))))))*-1.446270)+((0.009357*(((((x0*((97.258595*365.253161)+0.250566))*(0.309186+((-47.059174+(-57.946214*x9))*((0.328829*x3)+-0.059093))))*0.000041)+((1403.567150*((0.003883+(-0.012606*(x1*x8)))*(0.781060+(-1.822814*(x2+x5)))))+791.836895))+(-0.003991*((x0*((97.258595*(x2-0.000000))+0.250566))*(0.309186+((-84.559029+(-57.946214*x9))*(x1+x5)))))))+(((-0.005144+((((((x1-x4)*0.032694)+-0.006631)*(0.693227+((x5+x4)*-2.277003)))*(0.004128+((x8*x3)*0.083780)))*-44.187759))+((65.387575+((-66.935338+(0.419311*((x0*x1)-(0.806353aqx4))))*0.971966))+(((-0.246963+(0.260113*(-16.769777*x7)))*((2.274840+(-22.591542*x2))*(x1+x5)))*-0.002988)))+(((((((-1.606439*(x0*-14.617973))+-11.512901)*(0.063063+((x6*x2)*-2.220396)))*(77.376378+(-141.563851*(x3+x9))))*-0.000034)+((0.000001*((((-166.883140*0.000000)+-7822.615413)+((x6aqx4)*-27036.644627))*((3.069985+(22.268091*x8))*((x0*x1)-(x5aqx4)))))+(67.212407+(((0.112123*(x0*0.000000))+(45.922916+(0.100062*x7)))*-1.463601))))+(((0.009873+(((-285.788536+(x2*-2691.112435))*(x3+x9))*0.000054))+((0.057497+((x8*x3)*0.214642))+(-0.058189*(((4.034393*x3)+0.340277)*((x0*x1)-(x5aqx4))))))+(((((431775649.984352*(x2*x2))+-252227203.040894)*(0.004128+((x8*x3)*0.083780)))*0.000000)+0.020404)))))))
sbp,230_machine_cpu,ok,6,200,0.820353,82.188962,361,2146.03,,-55.445950+1.977234*((((((0.056727*(((x1-x2)+(x2aqx5))-((x1+x3)*(x5+x4))))+((-0.000010*((((x3*x5)aq(x5-x4))+((x4-x2)*(x2-x2)))*(((x4*258497.755000)*(x3*x5))*((298426.117000aqx2)aq(x0*x2)))))+-5400.414225))-((0.673639*(((0.000000*(((x1-x0)-(0.000000+x2))*((x0-x3)*(0.000000+x2))))+865.151027)+x2))+((((((9772061130.207989+(-327569232.257554*x3))+((x4*-2228363965.468071)+66017854541.194771))+(((x3*283496.845000)+(0.000000+0.000000))*41007.578365))aq((-1730118.479956+((x3aqx4)*169589.771463))+(x1+x1)))*0.001270)+(-342.709183+(0.000846*((((x3*-17730.263295)+2852654.127120)+((x3aqx4)*169589.771465))+((0.024332*(x1*x1))+-497789.600720)))))))*-0.002904)+(((((((x3*283496.845000)+(555341.623170+(-23785043092.346115*((x3+x4)aq(x0*x1)))))aq((((-794030.262048*x3)+2700032.821965)+-1947824.671874)+(-8224902.157003+((x1aqx2)*312365992.507296))))*10.320134)+0.633925)+((((130.263100+(-573.225153*((x5aqx4)aq(x1-x2))))+73.422015)+(((-5349889971.322657+(-493999532.147446*(x5-x4)))aq((-6093007.531549+((x5aqx4)*1989796.715486))+(x1+x1)))*-0.054637))*0.005890))+((0.007459*((-0.058548*((55.573126*((0.133108*(x5*x5))+1546.261720))+(-7393.362157+(((x3aqx0)*(x5*-210210.038000))*0.001586))))+((((((x3*-17730.263295)+2852654.127120)+(-2233078.680623+(x5*23684.518662)))*((0.022293*(x3aqx4))+0.076525))*0.001965)+(1641.112463+((((x2aqx5)*(x3+x2))*-0.000021)+((x0*0.778475)+((x3*7.244056)+3147.296807)))))))+(((0.199956*(((-123192469117659.328125*((x1*x1)*-0.000000))+-71210848342879.250000)aq((151163591274.635712*(0.000012*(x1*x1)))+-12070489215563.957031)))+(3.925224+(-3.584908*(((x3*283496.845000)+(-5250620.135279+4590313.490637))aq(((x3*438817.001112)+-1947824.671874)+(55080747.301917+(x1*-8195.615457)))))))+((-0.913242*((673441.554245+(-118292.954490*((x3*x5)aq(x5-x4))))aq((((-794030.262048*x3)+2700032.821965)+-1947824.671874)+(-8224902.157003+((x1aqx2)*343847097.392544)))))+1.219052))))))
sbp,294_satellite_image,ok,36,200,0.250296,0.752745,297,2003.61,,-134327872919167.625000+0.013624*(((9065695088.388155*((((0.000000*((((x23+x20)aq(x24-x18))*185759.571140)+((-97114.234892*(0.000000-x18))+((x3*64316.936558)+-9763509.276428))))+1223818.085328)+(1891.317931*(((((x3aqx10)-(75.228580aqx0))aq((x32*x21)*(x33*x15)))-((-0.000000+((x12aqx15)*0.000000))*((-43.995294*(-4523.583727+0.000000))+-194349.826703)))aq((-0.000000*(((-213731978551005685242531448073748480.000000*x22)+16661177239848108268011927127130636288.000000)*((x25aqx10)aq(x8-x22))))+-12617.635822))))+(((((x26+x15)+(12.029282+(-1.029787*((x8+x35)aq(x22-x24)))))*-0.000001)+0.000354)*(((x22+(20.144788+(((0.000000+x33)aq(x8-x2))*-2.303520)))*-0.000002)+(0.000444+(((((x8-x2)*17382773420.860126)+120356629177.304016)aq(-131983907058.212463+((x8-x2)*-19453990451.275322)))*0.000109))))))+((0.000000*(((-0.000000*((x15+((-751719.526760*(x22*x7))+3466716572.861594))aq((((x6*x16)*1246.532123)+-6859839.948254)-(136214886.634639+(-1016940.577599*(x8+x35))))))+((273919731489309988270202949452963416932748427494686720.000000*(((-315013038206684959342592.000000*x22)+34843026932309699929833472.000000)*(0.000000+(-0.000000*(59864441281109504819200.000000*x21)))))+(-151189800.317259+(0.000000*((139303012420.319733+(x12*-1966930842.358150))*((x8+-79.406254)aq(x22-x24)))))))*(1005841561181968.250000+((((((1752716001834.715088*x23)+-151531973888914.875000)+(10228363366.430742*(0.000000-x2)))aq(-131983907058.212463+(-27662025627024.925781+(366124566380.460571*x15))))*1.970706)+(-0.039400+(((139303012420.319733+(x12*-1966930842.358150))*((19012722743708.433594*x26)+-2129413054127429.000000))*0.000000))))))+(-935352294901417.750000+(1.094707*((-0.000000*((x15+((-751719.526760*(-233859253648776.343750*x7))+3466716572.861594))aq((((-0.821213*x16)*1246.532123)+-6859839.948254)-(136214886.634639+(-1016940.577599*(x8+x35))))))+((((((x3aqx10)-(75.228580aqx0))aq((x32*x21)*(x33*x15)))-((0.000000*x33)+1941.214746))*472383573.271518)+-2082578330015.941895)))))))
sbp,344_mv,ok,10,200,0.999567,0.178491,439,2017.93,,-1152604.564876+0.000000*((((-31757529007389918264521578773597301798835160326196389266571272981505149763584.000000+(((-24.791404+((0.000001*((879903.136584+(x0*0.000000))aqx3))+24.382269))*(-0.000000+((261778561232380700382948475490259282867303034549616445191356416.000000+(-3179782186946449287835730633414060133022916985163257741312.000000*((0.000000+x0)aq(x5+x1))))*0.000000)))*1559708545374173892483958656298903879690611948290669932945006638265612623752310015150029442192087087017132773202484160388988750900800973176832.000000))*((((-127003855682211648724978508544016524198682196840041194278348266668032.000000+((((-28355.365154+(0.000000*x7))+((x5aqx7)*-0.000650))*(((2142.459000-1404.925000)aq(x6-5718.551000))aq((x8*x1)+(x8*x5))))*-6432240028446049393858314527999424675582552848405449833663430656.000000))*((0.845829*(x3+x0))+(41286.653500+(-0.000631*(24597461.330843+((x7*x0)*5938.070042))))))+0.000000)*(((-947.392359+(((x5+x0)-(-904.593422+((x5*x7)*1.059746)))*1.045314))+(((60.515244+(-102.846732*((x5+x0)*(x5aqx5))))aq(((-4662.274000*x7)-(x8*x7))-((x0aqx6)aq(x9-x6))))*0.011369))+((-0.246126*(((x5+x0)-(-904.593422+((x5*x7)*1.059746)))*(-4.045373+(0.000356*((x5+12.965326)*(x5aqx5))))))+(3216.946719+(((-5191110526681446953447774496356661819111741849600.000000+((x3-x7)*114302055292677146800035931897203627686625280.000000))*(((x5*x7)*-2.252170)+((x7*-48.064291)+-882.564500)))*(((-0.000122+-6.325360)*-0.000000)+-0.000000)))))))+((-1623036328608133002660995992901235237414873426942612635988260028988973862574383192382435775642801640350344179206788404189027627280711506967458008268800.000000*(((((-253504539357257304505319424.000000+(751123602134222448587964416.000000*x6))aq((24471579013486449120177192697856.000000*x1)+(x8*x5)))*((-2565907455013274624.000000*((x5+x0)*(10270.809030aqx5)))+((((0.000000+x0)*(x5aqx5))*-6619481121185286062080.000000)+-25879041503791924903936.000000)))*-0.000000)+((-0.000000*((((11596310976011894385541120.000000*(x7*x0))+-2329294310465485286670336.000000)aq(x6-0.000000))aq((x8*x1)+(x8*x5))))+(-242433.180397+((((7227.107963+(x0*-3052.717232))*((x5+x0)*(10270.809030aqx5)))+(123870709.969141+(1270754.780296+(x0*-38872341.908431))))*-0.000000)))))+((165952809369127370910393227302474688246014401539873713991715692366836141050938367615856327686649579399993884677605464101792835181884925048858326521530548224.000000+(((242380.140966+(-0.000703*(((x5*x7)*-2.252170)+((x7*-48.064291)+-882.564500))))+(((-253504539357257304505319424.000000+(751123602134222448587964416.000000*x6))aq((24471579013486449120177192697856.000000*x1)+(6107273373870991006730779570827427840.000000*x5)))*-152714516.980930))*((((-253504539357257304505319424.000000+(751123602134222448587964416.000000*x6))aq((24471579013486449120177192697856.000000*x1)+(x8*96208996009792345527213298030583517503025880385299979034774058615434520914034688.000000)))*-2658592571095128031940085065901874740951798042926316220376573532976246038316804270288062252467607180584852582790512445302322603359088636640996913179553117330159586676414037144351609299008334415790080.000000)+((-19878609169825765609239165852991396765167817867161260120176667006321621317149057522382638990879767309531542946911099504254740953552948458525142748837012606790743986331472910591459328.000000*((-0.000000+(x9*0.000000))+(0.000000*(x4-x7))))+-1728502986107086735900907475351401177316339608811270889388518178819088649132798694319367603703367040314316015997213988935171953160666368215106784854016.000000))))+((4685750460894843877137863643127945951669784637735007068744878052363982829985030755482637924419122162106870775933140454449844057057562585989120.000000*(((((x0*-3052.717230)+7227.107967)*((x5+x0)*(10270.809030aqx5)))+((-41200174.848547*(x0aqx7))+123870708.966437))*(-0.004063+(0.024159*(x7*x0)))))+(((-680411646609328391579728133519805989107057308847877324076665944775279935931119569147229780147106839802619198726733824.000000*(((-0.000000*(x4-x7))+-0.000000)*(5372215102079774402319838742640286314160802203195882239714724904743993344.000000+((x8*x5)*7069229827847187047117841965004325435859892841034764149813268965228544.000000))))+224955372828632676570726075679442806389290166873750934457228837232194107051053261950154773756422769222142579093331197433726678167813522243092033843494912.000000)+((((-2565907455013274624.000000*((x5+x0)*(10270.809030aqx5)))+(((x3+x0)*6106377709202086821888.000000)+15013038514213318819840.000000))*-469197539884908341988944605672311004999306898555037017643125984923150366673483758696023729987850486422183095042900901048090624.000000)+(((((544146142189202140083278129646160018610316028383486385102920645181579468996608.000000*x7)+-122432881992570370961400134151855046900329153314297383120591172909708311789568.000000)*((x5+x0)*(10270.809030aqx5)))*2920453126919902327257407349464285065861863769625837029599073009664.000000)+((-11.771216*(87328942673548334746631356048647525567791822334860570264758506409514912275659453906670609470486712935181334388943038586395496751648852273238457458062524416.000000+(x2*901637113377627351951117531339802902301190806018233921610193344271423383462949712298933797739246037816454943117110817775006792408569455618157445120.000000)))+1028192807811762579148377168203258391210798295225140372899932045700326040627242999255294258048149909719783423992977137743913983313714684541921528560922656768.000000)))))))))
sbp,4544_GeographicalOriginalofMusic,ok,117,200,0.697797,0.461145,429,2029.59,,5586.635128+0.000046*((((-584.263566+(0.181164*(((-0.069961*((8.286718+(28.823712*(x44aqx77)))*(((x69*-0.006855)+(x70aqx71))aq((x110+x110)+(x7-x5)))))+-0.713915)*((-0.000434+(1.038818*(((-1.591270*0.000000)+(x70aqx71))aq((x110+x110)+(x7-x5)))))*((((1.546783+(0.000000*-5.688294))*-0.006855)+(-1.394300+(18.277150*x70)))aq((x110+x110)+(x7-x5)))))))*((((-0.715767+(((((x98aqx8)+(x41+x101))*-3.035061)+((x44*6.960415)+((x66*-3.306419)+-6.119057)))*1.088339))+((((((x99+x101)aq(x47+x83))*1.490886)+-0.095171)+(x70aqx77))*-3.620037))-(0.037011+(0.001884*((((x14+x41)*2005.989102)+54.427912)-((-4349.962584*((x14aqx99)*(x17*x92)))+372.807859)))))+((-0.484549+(-2.891704*((-0.763011+(((x98aqx8)+(x41+x101))*2.370193))+(((x40aqx58)*-3.258718)+0.047662))))+(((-0.763011+(((0.355781+(x102*0.539854))+(x41+x101))*2.370193))+(-0.252971+(((84.613492+x25)-(x44+x103))*1.969970)))*((-0.025459*((0.889775*x90)+-0.243744))+((((-119.707929*(-1.079327aqx93))+((0.000000*10.283983)+-100.564320))*0.000805)+(12516.143176+((5171280551.346945+(-10317.240185*x72))*-0.000002))))))))+((((((-0.000434+(1.038818*(((x69*-0.006855)+(x70aqx71))aq((x110+x110)+(x7-x5)))))*(((((x116*0.052536)+-1.059631)*((x14aqx99)*(x17*x92)))*2.525469)+-0.001049))*-0.288109)+(((2.941537+(0.000000*((141422235.841493+(x33*-189809674.362369))*(x17*x92))))+(((((x70aqx71)*-349320908269.333130)+37977730378.321404)*(((x69*0.000000)+(x70aqx71))aq((x110+x110)+(x7-0.000000))))*0.000000))+((-0.022335+(((228.154673+(x32*426.585502))*((x14aqx99)*(x17*x92)))*0.000544))+(0.018341*(((0.614585+(0.000000*-0.922368))+(x41+x101))*(-0.988685+(-23.477338*(x40aqx116))))))))*-9240.141091)+((-12909.544167*(((11.809928*(((-1679481.303970+(5966099.029598*x70))+(x70aqx71))aq(((x32*4365803510630744.000000)*0.000002)+6693511907.752673)))+0.372883)*((6.747662+((((x36*-3.476752)+65.319241)*(-65.378525+(-2.616844*x40)))*0.001483))+(0.565603*(((-119.707929*(-1.079327aqx93))+-98.594649)*(0.216025+(0.014610*(-14.288399+x101))))))))+(-121208703.682457+(((-0.069961*((8.286718+(28.823712*(x44aqx77)))*(((-59784.234078*x90)+-6154.513053)aq((x110+x110)+(x7-x5)))))+-0.713915)*-0.031317))))))
sbp,485_analcatdata_vehicle,ok,4,48,0.605809,194.725113,433,2011.31,,-870.143780+-58.636353*(((((1.197377+(-0.836318*((x1-x0)-((-0.757674*(((x2-x2)-(x2+-4.969856))aq((x0-x2)+(x1+x0))))+2.799152))))+((1.097016*((x2+x0)+((0.294452*(((x2+x2)*(x0-x2))*((x0+x0)+(x1*x3))))+((0.570256*((x2aqx3)+(x3aqx3)))+0.041676))))+((4.964103*((35.261405+((-278.905347+(x2*266.715761))*(x3*x3)))aq(-77205.449630+((x3*x3)*19891.163750))))+((((((x2+-5.044000)*-1533.452506)+-6094.501459)aq(((x3*-11786.951959)+10865.465886)+(x1+x0)))*0.577916)+((-0.002014*(((220.737390*x3)+-447.671409)*((x2aqx3)+(-0.494064aqx3))))+((((x0+x0)+(x1*x3))*0.037262)+((-0.164991*(x2*x1))+0.038679)))))))*2.103352)+((((((((((x0*2286494105040.615723)+-1310174499645.385010)+(-7.717068*-21612140239.864185))aq(-77205.449630+((x3*x3)*19891.163750)))*0.000000)+(-0.280855+(-0.012650*((-1098.241112+(2211.473842*x0))aq((x0-x2)+(x1+x0))))))*(-0.032801+(0.000453*((154.241299+(-151.766876*x2))*((x2aqx3)+(x3aqx3))))))*((13588.971969*((-0.012420+(((x2-x0)aq(x1+x1))*0.012921))*((35.261405+(-105.746174+(x2*74.969781)))aq(((x3*-11786.951959)+10865.465886)+(x1+x0)))))+((-7201.228942*(((-976673003760.331177+-1310174499645.385010)+(-21630896172.931622*(x3*x3)))aq(((x3*x3)*-115190303076836128.000000)+(-333328347724283648.000000+(544733093779775808.000000*x3)))))+(2.247986+((((220.737390*x3)+-510.950297)*((x2aqx3)+-0.275644))*0.018906)))))*0.391938)+((((((-241901778.207099+((353.364818-x3)*((1963.655566*x3)+684549.021345)))*((-278.905347+(x2*266.715761))*(x3*x3)))*0.000000)+(0.297981+((((-104297193171207651328.000000*(-0.494064aqx3))+-1665396974087385088.000000)aq(((x3+x2)*-173229284033643616.000000)+816820815227707136.000000))*-0.003577)))*1.155203)+((0.074727*((((((x0*2286494105040.615723)+-1310174499645.385010)+(-21630896172.931622*(x3*x3)))aq(((x3*x3)*-115190303076836128.000000)+2832735446073751552.000000))*(-289037.375369+(x1*844270.000721)))*(-0.246027+(0.009726*(-564.100124+(5.211159*(497.324513aqx3)))))))+((0.000066*(((((x0*2286494105040.615723)+-1310174499645.385010)+(-7.717068*-21785333633.502937))aq(-77205.449630+((x3*x3)*19891.163750)))*((((x2*x0)*-54607235.203262)*-0.000000)+-0.000008)))+((((((x2+-5.044000)*490.004882)+((x0*-74430.503413)+7557.386100))aq(((x3*-11786.951959)+10865.465886)+(x1+x0)))*0.005323)+((0.000000*((-9145224.208664*(x2aqx1))+-951494.374772))+(-27.064819+(-0.189698*((1.129157aqx3)+(x3aqx3))))))))))))
sbp,503_wind,ok,14,200,-6.657131,12.702704,503,2019.01,,-1008499.507060+0.000000*(((((((-711987295895369085790527160320.000000+(84445731114450841656248773575180288.000000*((((118347.306718*x12)+-700895.318041)*((x1aqx1)--0.592905))aq(((x5-0.000000)-8.052350)*(108483332204.026016-(x12*x1))))))*(((-10596723454013412340891084235210752.000000+(((x12aqx7)*-1044798621510.672607)*-21505901941468432433152.000000))+(0.000696*(22527629743190.445312+(-18732584219876.671875*(x13aqx4)))))aq((-225.754817+(1.383077*(x9--160.145000)))+((326.667773+(-15.142750*x7))*((-876.919195+(x1*185.061225))-x6)))))*-0.000000)+9842070452784.892578)*(((((((x12*x0)-(x0-x11))*(-0.040166+(0.000000*((x13aqx4)*-70869.429737))))*-0.273588)+((((((x1*-47891.857518)+-19246.105124)aqx1)*0.000845)+42.293201)+(-0.112109*(((-8.085359+(x4aqx11))*((x1aqx1)-(x10*x3)))aq(((x5-x1)-(x11*x3))*((x8*x6)-(x12*x1)))))))+(((991548.482889+(((144622.541882+x11)+(x13+x11))*0.449676))+(0.961991*((515415.674718+((x11aqx7)*4.898630))+(515420.990912+((-2310.655751aqx2)*0.003469)))))+((((3.881349+(-0.014614*(-2310.655751aqx2)))aq(((x9*1.381405)+-4.255633)+(2.240300*(x9-x6))))*-0.764192)+((((-65744.150396+(x11*-0.119926))+(0.018133*(x12*0.000000)))+((x3+x2)*-0.056970))+(-0.000000*(((x1*2921590918.006370)+1409815674.293234)aqx1))))))*((((((((118347.306718*x12)+-700895.318041)*((x1aqx1)-(x10*0.000000)))aq(-1957518919539.801758+((x12aqx7)*2398908747755.245117)))*-301505.046716)+488103.418530)+(((0.000000+(-0.000000*(x9*x8)))*(0.000000*(((x1*-47891.857518)+-19246.105124)aq((x12*-2368.535409)+29498.719820))))*1419783591559845463982080.000000))+(((2.463758+((((118347.306718*x12)+-700895.318041)*((x1aqx1)-0.918836))*-0.000003))+(1983042.869362+(193.501358*(((x1*-47891.857518)+-19246.105124)aq(-456408851.157140+(x11*110802755.763737))))))*((-0.000000*((((-381421013084604792832.000000*x4)+2503139417278075371520.000000)*((x6*-556955.962072)+2116637.291624))aq(1113960258501764224.000000+((x12-x4)*-263907490467505056.000000))))+1.073659)))))+((23648380247845548333203456.000000+((((((917207358301.691650+((x12aqx7)*-1048757298053.655273))*(((x1*-47891.857518)+-19246.105124)aq((x12*-2368.535409)+24578.593048)))*146814.101488)+2424164021371321475661824.000000)+(((-6702474809217937400650388209664.000000*(((x7*-0.000000)+0.000000)*((0.000010*x6)+-0.000052)))+-9696662502186524426108928.000000)+(((917207358301.691650+((x1*-2787862.402904)+-917194652336.127197))*((85189540.397156+(x9*-14101226.661544))aq((x12*-2368.535409)+24578.593048)))*7219928.318289)))*3.252310))+((((((((x6aqx9)*-10938423403.836697)+7790857721.049461)*((-1709616.282666*((x8*x6)-(x12*x1)))+(-55140018.346001+((23869078.093204*x8)+-79864937.000239))))*0.000000)+((-1681671726.372764*(((-8.085359+(x4aqx11))*((x6*-556955.962072)+2116637.291624))aq((541306967576399360.000000*(x12*x1))+-11352398335805421568.000000)))+(-4.936945+((((x5-0.000000)-7.484792)*((x8*-5648467.613154)-(x12*x1)))*-0.000000))))*(((((-674714034945715527454031872.000000+(38290974704123694662287360.000000*(x12*x1)))*((228191909966947450880.000000*x6)+-1161451836230248824832.000000))aq((541306967576399360.000000*(x12*x1))+-11352398335805421568.000000))*0.000000)+((((((0.000000*x1)+-2752755373.731194)+-19246.105124)aq(((x12*x1)*15739302710566.208984)+-229304670007806.500000))*-74920.716106)+17650.078110)))*46184768436519488.000000))))
sbp,505_tecator,ok,124,200,0.937891,2.665493,387,2005.78,,-210.163942+-0.926909*((((((0.108652*((92.738094+(-0.018078*((-131.209591+(x111*-168.692126))aq((x35+x95)+(x3*x119)))))-(x122+x13)))+(8.501103+(((((x42aqx92)*33.531243)+-20.801543)+((((x108aqx93)*-1.251518)+3.603314)*(x122aqx123)))*(0.067930+(((-0.527715-(x109*x25))+((-11.825721+0.000000)*(x108aqx93)))*-0.000523)))))*(((((-8.255755+(3.076932*(x122aqx123)))+x2)*(0.060460+(-0.039126*((0.502465*(x111+63.513067))+-31.922556))))*-0.001347)+((0.000031*(((-9.885841*(x107aqx80))+-3838.219853)+(((38.678315+(x122*-0.662801))*(x108aqx93))*-2.067104)))+((((-334.150100+(-8.205378*(0.000000-x122)))*(((738.554872*x111)+942.692513)aq((x35+x95)+(x3*x119))))*0.000000)+(0.060105+(((-6809160.637940+(13195151.192418*x109))*(x108aq2051783542630544.000000))*-10856.021362))))))*218.001736)+(((((((-6.690170+(-65976.647757+(x96*18600.117496)))*x112)*-0.000011)+-173.294909)+((((((x112*1631.222125)+-209.751515)*(x108aqx93))*-0.000853)+(((-6.690170+((x123*x74)*0.113551))*x112)+0.202996))*0.115872))+(((45.275615+(((-0.352192*((0.000000+x28)+(x107-x64)))*(46.632849+(-51.259549*(x9aqx24))))*-4.031067))*((((((x109*-0.393973)+0.042525)*(x108aqx93))*((-9803.329237*(x75-x63))+-1010.702607))*0.016149)+(((((x112*1631.222125)+-209.946693)*(x108aqx93))*-0.000853)+((0.000833*((-992.747392*x113)+174.274887))+(((x47-x16)*-13.597683)+(50.073704+(0.000000*0.410492)))))))*(((-0.275905+(((84744416340261797888.000000+(-30977345124846383104.000000*x96))aq((x35+x95)+(x3*x119)))*-0.000000))*-0.000015)+0.005397)))+((((((((6.572477+(-2.145699*x96))+3.991032)*((0.502465*(x111+63.513067))+-31.922556))*((((x79+x25)*(43.790251aqx93))*2.760552)+-233.161848))*-0.026244)+-4.464049)+(0.084799*((((((738.554872*x111)+942.692513)aq((x122*14482293505.236755)+-704227487757.609131))*-112123216.553064)+-107.188472)+(((((x112*1631.222125)+-209.946693)*(x108aqx93))*-0.000853)+((((x73aqx55)*-33.689283)+87.042833)+(54.702181+(0.929117*x112)))))))+(-2768.138871+(((((2.881881-(x109*-3481847.191728))+(-2.881881+(-3481847.191728*x109)))*(((x42aqx92)*-41528.425730)+39761.518108))*145326.234435)+2854.648292))))))
sbp,519_vinnie,error,,,,,,,TypeError: predict error: wrong data type,
sbp,522_pm10,ok,7,200,-0.047106,0.863266,519,2008.0,,-26651642.229880+0.000056*(((((-0.000002*((-9918.984268+(((x6*-217.045000)aq((-87.848617*x6)+((x6*-4.978321)+130.973840)))*-3.286593))*(((((816.132000+x4)+(x4-x0))-((19.852633*x4)+-3220.420645))aq(((x2+x3)+(x6+x2))-((x1aqx3)*(x2+x0))))*((((x2aqx1)-(x6+157.287000))+((x5*x5)+(x4aqx4)))aq(((x2aqx2)aq(x4+x0))*((x0-x0)-(x0*x6)))))))+253.774506)*((((((x1-x4)-(1377.893000-x0))*((-24.559699+(((x2aqx3)*x3)*-248.820929))+(-2469.049000aqx3)))-(((131.904807*(((x5-x5)-(x1aqx5))*((x6*x3)*(x3*x2))))+5682580.070628)+((((x0*1636.897000)+(x6*x3))aq((x2*x5)aq(2417.915000aqx5)))*505.894711)))*-0.000019)+(((((-0.088694*(((x2aqx0)aq(x3-x1))*(446.610703+(x2*-53.798000))))+74.853544)+(((-88.642895*((x2aqx0)aq(x3-x1)))+(12.867209+((0.000000*x2)*0.403888)))*1.309351))*0.864617)+(((((x6*-217.045000)aq((5.483081*x6)+-311.319306))*0.063622)+6.288268)+((186.803501*((-532.964000aq((x4*7.100085)+-290.353904))aq(x6+-364.036000)))+3.435130)))))+((146.279916*((((((-532.964000aq((x4*7.100085)+-972.530141))aq(x6+-364.036000))*1046.900311)+-4687.706435)+((((-18086.956897+((x6*x3)*-6.822628))*(((x5-x5)-(x1aqx5))*((x6*x3)*(x3*x2))))*-0.000001)+1323.044575))+(((((x6*-217.045000)aq((8.845481*x6)+-817.043202))*-0.085249)+((-0.270647*(((-383.454633+0.000000)-(x5*x0))+((x6*-217.045000)aq(-326.914000*x5))))+(-87.301912+(0.085456*((-131.443533+-1780.251302)aq(x3aqx1))))))+((-0.000000*(((-85835888.129819+(x2*19648755.026271))aq((8.845481*x6)+-943.634302))*(-102224.412930+((x2aqx1)*110612.535261))))+((-0.012878*(((x0*1636.897000)+(x6*x3))aq((x2*799.441523)aq(2417.915000aqx5))))+(((-6575574.576345-(x6+157.287000))*0.000002)+1852061503.764451))))))+((107.661565*(((((x6*-217.045000)aq((1479.807674+-710.808796)+(803.367889+(-8.649379*x6))))*-0.085249)+((-0.270647*(((-383.454633+0.000000)-(x5*x0))+((x6*-217.045000)aq(-326.914000*x5))))+-530.873211))+((((11753.682763+((x1aqx5)*-26340.499520))aq(((x1aqx5)*-656757.706429)+235145.242663))*497.553445)+(1918130805.062154+((((-1685.060397*x5)+9120.701000)*((x2aqx0)aq(x3-x1)))*0.006859)))))+((((((((x1*-0.708195)+2.428492)*(x1aqx3))+-6.096758)*((x6*-217.045000)aq(-585401.671680+(4848.247945*x6))))+(0.075983+(((x6*-217.045000)aq(-585401.671680+(4848.247945*x6)))*7.288917)))*341.163686)+((57464.900968*((-6101.823679+((27.536576*x1)+6259.184565))aq(((x1*-705.883207)+-4170.411914)+-817.043202)))+(((((62.313892*-217.045000)aq(220.025134+(-0.400213*x6)))*-0.992782)+-1482.895654)+(1897.177039*((-24316.870786+(75.307074*(x4+x0)))aq(((x1aqx5)*-656757.706429)+(-43633.899883+(x1*65249.735965))))))))))))
sbp,523_analcatdata_neavote,ok,2,100,0.942542,0.851186,189,2032.59,,-151952.767677+0.000000*((((-1571263.617034+(461459486.980756*((((((x1-x0)+(-9.970907+(x0*1.013969)))aq((x1*x0)*(x0aqx1)))*(-218.333539+(((x0aqx1)-(x0aqx0))*-608.860979)))*-0.000000)+0.019512)))*((((-214.437745*((2.620507+(-0.088061*((x1+19.802000)aq(x0+x0))))aqx0))+194.825649)+x0)+(x1+((2.315879*((x0aqx0)+(-10.750000+x1)))+((0.071530*((((0.000000-x1)-(x1-x1))aq((3.389000*x1)-(x0*31.889000)))+(((0.000000--27.749000)aq(35.660000-29.454000))+(103912232.065266-(x1*1.535000)))))+(6.244356+(((-72503.654418+(x0*36859.447791))aq((3.389000*x1)-(x0*31.889000)))*-0.000071)))))))+(((((-472236648286964547584.000000*((-0.100558*0.000000)+(((x1*x0)*0.000000)+0.000000)))+590561487.874965)+(8880475336.812752+(-136.702808*52848230.400000)))+(2798.248740+(-27572472055302.679688+(0.175193*((-3323800571396490.500000-(-1253525807947096.000000+(20587884010836552.000000*-0.100558)))*-0.047352)))))+(-0.143894+(-4.405810*((((x1-x0)+(-9.970907+(x0*1.013969)))aq((x1*x0)*(x0aqx1)))*(-0.520844+(((7180333676178.609375+x0)*-0.443736)+3186175292994.580566))))))))
sbp,527_analcatdata_election2000,ok,14,67,0.999926,1011.681718,403,2010.19,,64332284361005.726562+-0.000000*(((((((((x0-x9)+x8)*-0.852238)+(((((x10-x11)*(x6-x7))*((x9-x5)+(x10*x5)))*0.000000)+((0.006538*((-550309330.450091+(x7*-287.110637))+((x2+x1)*-121.540890)))+(1189382.902292+(19484.805631*((0.000000-0.000000)aq(x4+x10)))))))*((-0.000000*((x2-(-3358.660701+(x0*0.069451)))*(((x3*0.000254)*-3743.506641)+61.389912)))+((((47743371476582691093086208.000000+(-47742383712489473642070016.000000+(-91338060607326448.000000*x12)))aq((-20091337596161696.000000*x0)+925864154473180430336.000000))*0.000060)+1.033550)))*((((((x0-x9)+x8)*-0.852238)+(((((x0-x9)+x8)*15.276762)*0.055787)+(601.097091+((5077514383378504704.000000+(x10*-1.036366))*((0.000000*0.000000)+-0.000000)))))*-3702466729497.933594)+(3813086817571.330078+(((0.006538*((-340618846465.217285+(x7*-287.110637))+((0.000000+0.000000)*-121.540890)))+((-11955305.953658+(1729844.556020*-0.882128))+(19484.805631*((-0.000024*x9)+61.213385))))*(((((0.000000*x0)+-0.000000)aq((-20091337596161696.000000*x0)+703962632247435067392.000000))*-2257840303781937664.000000)+(((x11aqx2)*0.000000)+((x6*-0.000000)+-0.001137)))))))*1055375579971672576.000000)+((((((((-59849213537738286876508850158595291626864640.000000+(4201872886853339965949641555334861422592.000000*x2))+(59849213537738296780029164441637490819858432.000000+((-2.636201*x2)*1593911926219933082151086597566804000768.000000)))*-0.000000)+(2.658141+(((x3*0.000254)*((x0*0.098158)+-2724.940508))*-0.005372)))*65.154540)+(((((-274020233996999822671872.000000+(-45443323855122835963904.000000*(x11aq4427.897810)))aq(((x11aqx2)*63311543632620848.000000)+(-2072002269292020992.000000+(484555246868563904.000000+0.000000))))*0.000004)+-43968579143649.164062)+(((520969534378442.500000+((x10-x11)*-0.006182))+((((x4+0.000000)*0.990257)+((-0.990266*x4)+203475597236531.625000))*-4.090927))+(-0.000000*((-59849213537738286876508850158595291626864640.000000+(4201872886853339965949641555334861422592.000000*x2))+(59849213537844462517798278654012839713308672.000000+(57939103621.691589*(-72522228067060012535966072832.000000*x2))))))))*-90524392974576013803520.000000)+((1.759551*((27749182892491533145638824837120.000000*((0.006538*((-340618846465.217285+(x7*-287.110637))+((0.000000+0.000000)*-121.540890)))+((-11955305.953658+(-4736.678134*-0.882128))+(2238946811.610463+(1.877058*(x7-60931.997646))))))+((-23195521447500728762368.000000*((((13095166170289350979330195780798513152.000000*x4)+746160134815717604804217591139286384640.000000)aq((-20091337596161696.000000*x0)+925864154473180430336.000000))*(((x13aqx7)*-0.000000)+0.000000)))+((-3687293537890317155597086694274236416.000000+((x6-x7)*-72999555390013454680064.000000))+((((0.000000*x4)+746160134815717604804217591139286384640.000000)aq((230277084587478798991023615983423897051594752.000000*x2)+-264001812781673457027450473962986019921233707008.000000))*-323084957418751392924794026459136.000000)))))+((49247337495545790074015563806701501418951970265967766115559680245760.000000*((0.000000*(((13095166170289350979330195780798513152.000000*x4)+746160134815717604804217591139286384640.000000)aq((230277084587478798991023615983423897051594752.000000*x2)+259209923413016101800422497769898807639905665024.000000)))+((0.000000*(((x2*-4201872886853338152560912133391099363328.000000)+119698427075476553945977071751106184867741696.000000)+((x2*4201872886853339965949641555334861422592.000000)+-119698427075476553945977071751106184867741696.000000)))+0.000000)))+(-201954076816289359508689297305822560256.000000+(((-274020233996999822671872.000000+(-6.030038*(x11aq4427.897810)))aq(12813693727096822562816.000000+(74226489093580570624.000000*(-549366.358189aqx9))))*-73893583852662383706112.000000)))))))
sbp,529_pollen,ok,4,200,0.574225,2.232058,421,2016.23,,-55776.061682+0.044089*(((((53.482088*(x1-((((x0+x0)+(54.811000+x3))*2.741743)+(((x2-x3)*0.168306)+((((x1aqx1)aq(x3*111.168000))*23.861289)+-151.463166)))))+((((((-0.000002*(0.130872aq(x2*-50.053000)))+-0.000085)*-8607338482.093586)+-734803.747900)+(-1248.750489*(((((x0+x0)-(x3*x1))aq((x3aqx2)-(x2-x3)))aq(((x0-81.827000)+(x3*x2))-((x2aqx3)+(x3*59.378000))))*((((0.086000+x3)aq(-117.804000+x0))aq((x1+92.142000)*(x3-x3)))*(((-32.420000+x3)*(x0+-16.212000))aq((x1aqx0)-(16.276000+x2)))))))+(((((x2*x3)aq(x0+141.927000))*((((0.000000aqx1)aq(x3*111.168000))*417949.522411)+279.179550))+(((((-0.001538*x0)+-0.034466)*((x0*-1085.728573)+-2940.137543))*-0.002486)+-58.705441))*0.337062)))*0.070048)+(((-22701.240774*((((((-0.000000*(x2aqx3))+-150022.673456)+(-8579890.470306*((x2-x1)aq(x2*-50.053000))))*x3)*0.000000)+((-0.000003*(((-32.420000+x3)*(x0+-16.212000))aq((x1aqx0)-(16.276000+x2))))+(2.497432+(-0.010813*((x2-0.000000)aq(x2*-50.053000)))))))+(((((-297492.372520+(259117.006491+(x3*-537.670119)))aq(-431.331433+(0.000017*(347305912.347905aqx0))))*-0.048420)+59439.779020)+(((0.000247*((-297492.372520+(3001240787.601291*(0.000000aqx1)))aq(((x0-81.827000)+(x3*x2))-((x2aqx3)+(x3*59.378000)))))+((-0.125335*((-9.530992+(0.376186*x2))*(24.434578aqx3)))+629781.990854))+(0.002050*((307206183.579535+(-2350.766138*(x3aqx3)))+(((-88.472154*(x0*x0))+-184420.061387)*0.000068))))))+((((9.209648*((0.123496+(-0.507841*(x0aqx3)))*(x3aqx1)))+-283799.588889)+(((-515373828088826682686391446542795086478966784.000000*(((-32.420000+x3)*(x0+-16.212000))aq((x2*-1765984494766534523379034595523926361410485400633344.000000)+8742784416552076921429259469630312411250180380164096.000000)))+(-17.481292+(((-751545164751036701580842557452143082161484076532367360.000000*(x0+-16.212000))aq(30137689281911339780102748654088046772346067581285611601920.000000+(x3*2396343211101736966328551695947512413254243326311788445696.000000)))*-0.049746)))*-16339.153217))+(((0.000234*((-297492.372520+(252339.836852*(0.000000aqx1)))aq(-111.580669+(48.291235*(24.434578aqx3)))))+((-0.203920*((-297492.372520+(252339.836852*1.182945))aq(-13901.175728+(10382.999198*(24.434578aqx3)))))+(((0.130872aq((x2*-2.777764)+30.465579))*-231.883069)+925.357852)))+(((-0.000000*((((x1aqx0)*-1.000000)+-0.000000)*(224314623.762571+((x1aqx1)*2412947932.500233))))+-10.990181)+(-5.147978+(-4.209621*(((16082391836974.617188*(x3aqx3))+-688790273210.759277)aq(((x2-x1)*11365359530725.148438)+95637813265626.765625))))))))))
sbp,537_houses,ok,8,200,0.540688,67607.371706,491,2030.87,,2569076977.664729+-0.001938*(((-447417856.537917*(((((x7+x0)-((0.072917*(((0.000000-x2)-(x2-0.000000))aq((x2-x3)+(x7-x1))))+3975.989423))*(736.136385+(0.092351*(((x7-x2)*(x5+x1))aq((x7-x5)*(x4-x5))))))*(((43298.078082+(23.978095*((x0*x6)aq(148671623.240316+(x7*1215737.388289)))))*-0.002439)+((0.000009*((1.001765*((x6*x3)aq(x6-x3)))+(71.136172+(-840.691969*(x0aqx1)))))+(((((-4079537270.799750*-0.630652)+-765.247101)aq((x2aqx0)-(x7+x3)))*-0.000000)+95.403340))))*((-0.000000*(((11957.158769+(-118692.662478*(x4aqx2)))*((x4*14662.126000)aq(-157.982619+(-0.997175*(x7-x5)))))+((((-0.000000+(x1*0.000000))*(x3aqx4))*2133993270382156805308416.000000)+61917703984.132423)))+(((((((x4aqx2)*0.000533)+-0.000088)*-0.000000)+1.460966)*(((0.000000*((x7-x2)*(x5+0.000000)))+((0.000000*(x6+x7))+0.000000))+(((1792.077504-(0.000000-0.000000))aq((x2-0.000000)+(x7-x1)))*-0.000000)))+((((((x6aqx6)*8517798236622.586914)+-8514833404084.376953)*(((x0*-1106602094.615197)+3474373694.801969)aq(148671623.240316+(x7*1215737.388289))))*0.000000)+(-0.000006+((((x6*9195987.720390)+-347692272.994401)aq((x7*-12785129426379432001536.000000)+-1562754151190630213091328.000000))*115785.972767)))))))+((3.498266*((-0.000000*(((-18735408018801971941763547757538496732987392.000000*((6193810319237990.000000+(x6*-163776502797192.812500))aq((0.000000*-12785129426379432001536.000000)+-1562754151190630213091328.000000)))+712169467541227694334490984002355200.000000)*((((x1-0.000000)-(0.000000-0.000000))aq((x7*259288440446765.656250)+31698977055564492.000000))*(((3066774021963890176.000000*(x7-647486093.236619))*1127958851499490410411778375680.000000)+2239781016821933465934404160262215769769443305482291773440.000000))))+((-56785911628238269433687031529867577043346241093632.000000*((((x1-0.000000)-(0.000000-0.000000))aq(-2402806266490077307469291966067716280673150710305426701947236905374575514052373251750015008768.000000+((x5+x1)*8271537765384509996328944734069957203958506499907365562287891364275698408017233932711886848.000000)))*(((3066774021963890176.000000*(x7-647486093.236619))*1127958851499490410411778375680.000000)+2239781016821933465934404160262215769769443305482291773440.000000)))+((((((10542524233913629657996948095236508221440.000000*x7)+1289262699074884950558028434109203868549120.000000)+(-1568598436904764416.000000*x7))aq(148671623.240316+(x7*1215737.388289)))*-0.000000)+(((((0.000000*0.000000)+-765.247101)aq((x2aqx0)-(0.000000+x3)))*-9365.440222)+142198521608.706299)))))+(((((((((36.523882*x0)+-9400222.760037)+(-840.691969*(x0aqx1)))*0.000098)+(922.065073+(-0.000000*(-5122546793670530756197652093923753984.000000aqx1))))*((0.072917*((1835329162902539008.000000+(x2*17.065912))aq((0.000000-x3)+(x7-x1))))+(-5804.341494+(((139407915039398.718750*x6)+-5272848137734157.000000)*((x5*x0)*(-26441.639000aqx4))))))*((-0.000000+(-0.000000*(((0.000000*x6)+-8746481554937110855697641862998090617668532508295168.000000)aq((6262089.061162*x0)+-19660708.108224))))+((((x1-0.000000)-(x2-0.000000))aq((x7*259288440446765.656250)+31698238647246548.000000))*(390940.916219+(0.026009*(-10324861715.095470aqx2))))))*-0.000034)+((((((((x4aqx3)aq(x0*x0))*0.022953)+-0.010001)+(((6193810319237990.000000+(x6*-163774654202686.156250))aq(148671623.240316+(x7*1215737.388289)))*0.000000))*-116742301.145115)+371005994066.128479)+(-630326.507645*(((6.275952*((x4aqx3)aq(x0*x0)))+-150260891023.866302)+((((0.000040+-765.247101)aq((x2aqx0)-(x7+x3)))*2.336354)+((3.452740*((x0*x2)aq(x5-x2)))+150260302423.046875)))))))))
sbp,542_pollution,ok,15,60,0.259826,70.963542,525,2005.63,,192454.567141+-0.000000*(((((((((((0.000004*(x3aqx12))+143996850.754899)+(0.000003*((0.000000+53205043375036.500000)-x3)))+(57.052767*(-0.000000*((-165.497974aqx10)-(0.000000aqx3)))))*1.103529)+-317809382.996244)*((((-1.375976+(((x1aqx10)-(x0aqx3))*1.516056))-(x0aq((1791275.697199+-3582541.737220)+((-18.042654*x4)+1791276.188601))))*(0.002065+(0.000018*((-3638.498000-x3)aq(x6-x13)))))*(0.000520+(-0.000000*((((x8*x7)*-0.000189)+7.879889)*((136787147826.557999+(x5*-13304637899.880308))aq(x13-x0)))))))+1298817881083.179199)*(((((-10625449953961.144531*((((0.000000-0.000000)-(x10*x11))+((x13*x8)-(x9+x3)))aq((0.999993*(x12*x2))+-0.794477)))+(((((x9+x1)+(x11*x7))aq((x3-22983.478000)*(x1-x13)))*454350188.677872)+8863222147.931152))*-0.000000)+((-11156.839788*((-1.375976+(((0.000000aqx10)-(x0aqx3))*1.516056))-(x0aq(((x6aqx7)*1595.995020)+-19.123220))))+-1223400.653416))*((1.073725*(((x8*x7)-((-1621011.360787+(-5805.698412*(x0+0.000000)))+x13))-(((((-26472.013000aqx1)aq(x3aqx12))*278.182290)+197066.671798)-(x6*-13892.183000))))+((((x8*-16233.683000)+(1122724344600.353027+(1122724076348.824951*((x8*0.000000)+-1.000000))))*-551496462.222979)+(-2299939.395571+(-8057.546537*(x0aq(((0.008009*x7)+-59.109291)+-19.123220))))))))+((((16224722017045348.000000*((43046394315.488403+(-4053851949449287680.000000*(((0.000000+x13)aq(x11*x9))aq((x8*x7)*(x14*x8)))))aq((-59.043823+((x9*-31336.419884)+((59976.283640*x9)+-1475754.393282)))+-19.123220)))+(((-339021615626.404846*((((x8*x7)*-0.000189)+7.879889)*(((x10*x12)*-64130371.862899)+56611893161.076523)))+90427545582419415400448.000000)+(((-24214560.191682+(-2705492991813679251980288.000000+((x8aqx8)*2734414409486051154329600.000000)))aq(3978231695720187008865294276171224291405746667520.000000+(827918180648362678950542275054966946136064.000000*((x8aqx8)*-4856167.581617))))*-142180778830558415587615673937277907416104566784.000000)))+((884443360881418430098440192.000000+(0.000000*((((x9+x1)*556443227353649574875031688044859097088.000000)+-46319726651117646443885928589311235588096.000000)aq((-59.043823+(-1702907.843247+(x9*33563.400092)))+(-4552809341387332150481716240142526914425056657408.000000+((-4503599627370496.000000*-847907495663128207123160236032000.000000)+734173459874217503715466709861277379552144785408.000000))))))+(((0.000000*((((-13507.963000-x10)*4466560103446698.000000)+60391957745755168768.000000)aq(x6-x13)))+((0.000000*((76266738724895457280.000000+(x13*-2536317203230931456.000000))aq((x3-0.000000)*(x1-x13))))+(-0.000000+(-0.000000*((x11+x6)aq(x8+x13))))))*-1385104004206665608299654181552128.000000)))+((0.880228*(((((0.000000*(17813333865.451366aq(x11*x9)))+0.016649)+(0.000000*(((0.000000*-67561.005715)+7961767.381398)aq((x3*-15664011.014761)+170711730.751993))))+(((((x0aqx3)*16924380069048650.000000)+-82831333497524144.000000)aq(((66.691245*x12)+6.208939)-((x12*x2)-(x9aqx14))))*-0.000000))*((70077219826176116973686079628596358414336.000000*((((x8*109318184.398924)+-332288179.315584)+616164942.892419)aq(-40187586102927190680141824.000000+((x10*x8)*510148788525996598886400.000000))))+((827999891622810842300416.000000*(((0.000000*-67561.005715)+7961767.381398)aq((x3*-15664011.014761)+138789665.929413)))+(12277476884344628441920831488.000000+(((x5+0.000000)*0.000000)*((-379242920919578346249251872477020160000.000000*x1)+60641116082062272237504900333187710844928.000000)))))))+((-0.000012*(((-2459399224209037883985873166875963391323530144460196794204922269501809412276224.000000*(((x9*-0.020430)+1.792176)*(x12aqx11)))+1964801334572766523604835507624501889785815272106061989866776040342699661852672.000000)aq(-99931446226665951320449183604917420448086168275255296.000000+(-176581682617812146908201122505166096004190262263808.000000*(-516.531652-(x9+x3))))))+(705148419141557895590576128.000000+((((14677780323996089716607079077583118008680417414604861980976517008565601807892480.000000*((x12aqx11)*-0.000012))+132402447282695840876195772633343968962068557292972698210673068184046665728.000000)aq(-27775273819537185414079132656972410636760493719636960421992696899436544.000000+(1412655217634262254022505791827651001186183651515357703852548685824.000000*((x7-x6)*(x9aqx12)))))*-55702167515120184.000000)))))))
sbp,547_no2,ok,7,200,-19.591295,3.070081,427,2026.55,,7344163781882.901367+0.017380*((((((((((x6*x4)*(x2*x2))-(212827.994449+(-4746741.819541*(x3aqx5))))*0.000242)+553806.101017)+(-310.011562*(-982.354652+(((((x4*x1)-(x3-x4))aq((x6-x5)aq(x5+-1040.167000)))aq(((x1+x2)+(x4*x5))aq((x1+x0)-(x1+x5))))*0.188813))))+(-966.087388+((((-0.370971*(((x6aqx4)-(x3+x5))aq((x5-x3)-(x2*x3))))+-190.407656)+(19.484809+((((x0-0.000000)aq(x3+x4))+((x0-201.104000)+(x0-x2)))*1.103085)))*(259.076989+(((((x6*x5)aq(x1-x5))*0.001098)+(((x2*x1)*-0.022105)+-2.246360))*-0.433440)))))*0.037318)+((((((((((x0-0.000000)aq(x3+x4))+((0.587484*x0)+32.678331))*6.484929)+-39877544247924.695312)+(39750174128081.187500+(-6.483971*(((x0-0.000000)aq(x3+x4))+(32.677791+(x0*0.587562))))))*((((-0.000000+(x6*0.000000))aq(2361282657858973742399488.000000+(x1*-223393975369209550471168.000000)))*-27956018456644353886596879819125003649024.000000)+2197.640535))*((((292085632876927018191196632573221535744.000000+(198942761479262520706452676578090418176.000000+(55.411306*-8861519971899439546222587307672731648.000000)))*((((x1-x5)*-3665193572602782412814304673792.000000)+-85634058693403649071501830782976.000000)aq(((x4*915973793.264527)+-42799800895.378830)aq((x1+x0)-(x1+x5)))))*-0.000000)+((-0.000000*((((x1-0.000000)*1806713368235150603557458149376.000000)+-85634058693403649071501830782976.000000)aq(((13513675456.943298*x4)+-921808040536.072144)aq((x1+x0)-(x1+x5)))))+0.840250)))*1.306799)+(((((((200358988490761702436234955067120762866368512.000000+((x6*x4)*-6986942828071907533214678828552451784704.000000))aq(((1614667150356204836446371560774010218340090277843054948229192726798288510071208935424.000000*x6)+-174874033756640263034857768854127416227393022436161455605785007227984144727951609430016.000000)aq((x1+x0)-(x1+x5))))*93400058999342889021607062647239318962176.000000)+8029.775100)+(-0.240316*(((29.798078+(4905.548491+(-705.211882*x0)))aq(246467.474170+(483839.343332*(x1aqx5))))*(3743761238.383057+(652.590257*(-5736761.237495-(x3+x5)))))))+(((((200358988490761702436234955067120762866368512.000000+((x6*x4)*-6986942828071907533214678828552451784704.000000))aq((-507371.373641+(x4*9533.456016))aq((x1+x0)-(x1+x5))))*0.000000)+((0.000191*(((x4*9.875826)+-2470.600856)+(x4*x5)))+(259.867344+(-19.030515*(x3aqx6)))))*-15.388653))+((-57602846843377.953125+(((292085632876927018191196632573221535744.000000+(95004956461195712330121101897013133312.000000*(x2*x2)))*((((x1-0.000000)*-3665193572602782412814304673792.000000)+-85634058693403649071501830782976.000000)aq(((x4*915973793.264527)+-42799800895.378830)aq((x1+x0)-(x1+x5)))))*0.000000))+(4.242538*((0.000000*((2425488761.151362+((x2*x3)*463401050.302688))*(((x1+0.000000)+7284002948.240260)aq((x1+x0)-(x1+x5)))))+(((((0.000000+x2)+7284002948.240260)aq((0.000000+x0)-(x1+x5)))*-0.000000)+((-0.176758*(22.931731aq(x1+x5)))+((-0.000659*(x4*x1))+-13577450975566.808594))))))))))
sbp,556_analcatdata_apnea2,ok,3,200,0.807712,1599.63077,403,2096.64,,353.068471+-16.536215*(((-0.000000*((-1.499482+(((((-2358.974336+(343.830642*x0))aq((x1*x1)-(5.620000+0.000000)))*0.005755)+10.507128)*((-28.761569+(((-2223398390.360017+(x0*233391461.713802))aq((x1*x1)-(5.620000+x1)))*-0.000000))aq((x0-x1)*(10.958000--3.321000)))))*(3.846714+(((-4.080111*(30991.398046*((x1aqx1)aq(x0*13.836000))))+10109.286174)*((((((37.266000*x0)+(x1*x1))+((x1*x0)*(x0--29.215000)))*(((x1aqx1)*(x2+7.004000))-((x1*x0)aq(x0aqx1))))aq((((x2+x2)-(x2aqx0))*((x1-x1)-(26.237000aqx1)))aq(((x2aqx1)+(x0aq1.003000))*((x1*x1)*(x1--0.436000)))))-(((((3.753000aq-6.714000)-(x0+-35.140000))aq((x0-x1)*(10.958000--3.321000)))*-130.250968)+979.963317))))))+((((((0.000001*(((-35263144635645.140625*(x2aqx2))+34665725865213.804688)aq((x1*x1)-(5.620000+x1))))+-1612420.471877)+(0.000000*(-1899146542400.066162*((x2+x0)aq(x0-x1)))))*((((-799.746658*(((x0--13.118000)*(x0aqx0))aq((x2*x0)-(x0*x1))))+1525.743549)+(-1525.743549+((((x0--13.118000)*(x0aqx0))aq((x2*x0)-(x0*x1)))*799.746658)))*((((((x0+-23.970000)aq(x2-x2))aq((x1*x1)-(5.620000+x1)))*-56.942392)+-169.491140)aq((x0-x1)*(10.958000--3.321000)))))*106004.732339)+((0.000000*((519363372.139672+(((7.272845+((x0aqx0)*-9.335523))*((-2223398390.360017+(x0*233391461.713802))aq((-235317891.532521*x2)+1457813785.709882)))*5962249.510728))*((-31574.622036+(((-2512268.046853*(x0aqx2))+3399826.763144)*((2558.705986+(343.830642*0.000000))aq((x1*x1)-(5.620000+0.000000)))))aq((x0-x1)*(10.958000--3.321000)))))+(((((817651993960443281408.000000+(37838851132010009885484777472.000000+((x0aqx0)*-48115466176691109178424426496.000000)))aq((x1*x1)-(((175185870114651.218750*x0)+-524544168071547.125000)+0.000000)))*(-29745.000453+(((x1-x0)aq(-28.491000*x1))*167621.843785)))*-0.000000)+((0.000008*(((-0.000000+(0.000000*x2))aq((25655915782.339470*x2)+-50466541689.020134))*((((-1.908252aqx1)aq(x0*13.836000))*-159165682902389162055945265610752.000000)+-25828706672746574289067329978368.000000)))+((-17.883990*((-1.908252aqx1)aq(x0*13.836000)))+((0.000000*((715338363477017216.000000+-160005423.697966)aq((25655915782.339470*x2)+-114675673674.184250)))+(8.274027+(0.556515*((x2+x2)-(x2aqx0))))))))))))
sbp,557_analcatdata_apnea1,ok,3,200,0.774952,1681.992946,391,2013.25,,83.432360+-0.000000*(((596910.034060*((-28.644923+((((-1.410498*(((0.000000+-23.970000)aq(x2-x2))aq((x1*x1)-(5.620000+x1))))+((-3.366819*((-21.344000-x1)aq(x1aqx1)))+-70.112662))*(((3.753000aq-6.714000)-(x0+-35.140000))aq((x0-x1)*(10.958000--3.321000))))*-1.000000))*(((((((x0+-10.897770)aq(x2-x2))aq((x1*x1)-(5.620000+x1)))aq(((x0--13.118000)*(x0aqx0))aq((x2*x0)-(x0*x1))))*-82.858600)+-325.562515)+(0.133254*(((-1.410498*(((0.000000+-23.970000)aq(x2-x2))aq((x1*x1)-(5.620000+x1))))+-2.881604)*(((3.753000aq-6.714000)-(((x1aqx1)*658.112769)+-889.714389))aq((x0-x1)*(10.958000--3.321000))))))))+((((((((-5317.433485+((x2-x0)*1039.152019))*(((x0+-23.970000)aq(x2-x2))aq((x1*x1)-(5.620000+x1))))+-2.881604)*((183316976978156159074050479489024.000000+(((39.957000+x2)aq(x0-x1))*(-491791037240689021858218453126237352630240513244315461267846485569720826544770714997515341616495787199137040512774026267983872.000000+(206836042052098766942322605576056703119100787307330829633472731201349353994484690547506784340632371086189571867708763783823360.000000*x2))))aq(16869126340951813873319031078912.000000+(-33914910431566411944474865303552.000000*((x2+0.000000)aq(x2+x2))))))*(0.000000+((((-97761995875993797068324864.000000+(-77462170959484688707616768.000000*x0))+-351964769515323009991180288.000000)aq(((-68874143075563792393392777826792881880913265295360.000000*x0)+209247097943731904263009479442748775377267974995968.000000)-(5.620000+x1)))*-0.000000)))*((((459143.855810*0.000000)+-0.000000)+-0.000000)+(((((x0+-25.171475)aq(x2-x2))aq(((x2*1719.500168)+-3140.818431)-(5.620000+x1)))*-43144093614639974681935872.000000)+-212345104228495835267072.000000)))*-0.000000)+((-0.039649*((-971515.381835+(-36788.330820*((-1335884413799.488770+(1329181742764.781006*(x2aqx2)))aq(((x2*1719.500168)+-3140.818431)-((x2*3688445334.749092)+-22407247454.318565)))))*((((-19.017819+(7.792798*(x1aqx2)))*((-6320.649273+(x0*3079.492819))aq((x1*x1)-(5.620000+x1))))+(-6772.052247+(((x2*x0)-(x0*x1))*1192.600911)))*(((3.753000aq-6.714000)-(x0+-35.140000))aq((x0-x1)*(10.958000--3.321000))))))+((((-7100268795200610.000000*(((-0.000000*(x0*x0))+0.000001)aq((x0-x1)*(10.958000--3.321000))))+-1055515026.617267)+-282678536.458388)+((((-2.047184+(3.006160*(x1aqx0)))*(((16293543272928034694138691584.000000*(x1+x0))+-103627761577839060817750786048.000000)aq(6650746069560.456055+(x0*-2185399484574.057373))))*-0.000000)+(((0.000001*((x2*6227934127296378468001512423424.000000)+((-6227934127296378468001512423424.000000*x2)+-4503599627370496.000000)))+1333891446.429790)+(-1281095137.381701+(((-67.731931+(11.340112*x2))aq((x0-x1)*(10.958000--3.321000)))*-148546665.007092)))))))))
sbp,560_bodyfat,ok,14,200,0.83986,2.890462,295,2042.02,,1011.546332+0.835055*(((((x0aqx0)*(((0.000241+(0.001272*((((x6aqx6)*-2424118.195200)+(2426155.213151+(-2062.037314*x0)))aq((-6941.268196+(x9*185.251530))*((x11+x10)+-49.532106)))))*-0.000167)+-38.221108))*42.833908)+((-0.000001*(((7.305863*((((982.654000aqx2)aq(x6aqx10))*((x4aqx5)+(x3+x0)))aq((-6941.268196+(x9*185.251530))*((x11+x10)+(x3-x2)))))+-0.119759)*((((982.654000aqx2)aq(x6aqx10))*(((((x4aqx5)*-1955420656394.793213)+769884496193.180176)aqx5)+(x3+x0)))aq(((x10aqx11)*(x0*x9))*((x11+x10)+(((x1*-12.612374)+586.120003)-x2))))))+((-0.000000*((-898176.610659+(-0.087482*((582394041611.918701+(-6179423100.621195*x5))aqx2)))*(((-314367.262676+((x8aqx4)*197438.756988))*((x4aqx5)+(-17825545.347791+((x8aqx4)*11648675.685701))))aq(((x10aqx11)*(x0*x9))*((x11+x10)+(((x1*-12.612374)+586.120003)-x2))))))+((-0.100805+(0.000000*((((157274788487597.562500aqx2)aq((21065.210640*x0)+-21392.151238))*(((x13-x8)*0.042836)+1.898521))aq((-88.300613+(84.707040*x0))*((x11+x10)+(x3-x2))))))+((((1.314931*((982.654000aqx2)aq((21065.210640*x0)+-21682.596419)))+-0.047146)+(((((x1*3304756067120249462741647768771333237768192.000000)+-93186676996775124477265271165678162595020800.000000)*((x11+x10)+(x3-x2)))*((-0.000000*(0.002552*x1))+0.000000))*-0.000016))+(((44664400747108628219760191953300591598370816.000000*(((x1*3304756067120249462741647768771333237768192.000000)+-93186676996775124477265271165678162595020800.000000)*(0.000000+(x12*-0.000000))))+((-44537856223272887640028844440625279519424512.000000*((x11+x10)*-0.000000))+(((-2371.966137*x4)*0.000008)+-0.029644)))+(((-0.000047+(0.000012*(x6aqx10)))*((582394041611.918701+(0.000000*0.000000))aq((-63516635266756712.000000*x2)+11340121113041162240.000000)))*-2386241662.702120))))))))
sbp,561_cpu,ok,7,200,0.997544,9.709816,317,2005.2,,-35595.435865+0.010283*(((((-0.019022*((x6*x2)+((0.000623*((x3+(x4*x4))*x3))+((-98228.915339+(((0.000000-x4)+(x4*x5))*28.764194))+(2401.507818*((x4-x6)+(x5--18.910724)))))))+(-6378.747520+(((1882879.599553+(((-232819.378573+(x2*-5.708544))*((x3-204846.643000)-(x5*x0)))*-0.000047))*((0.000623*((x3+(x4*x4))*x3))+(-58594.794055+(2401.507818*(144.870197+(x3*-0.019782))))))*-0.000000)))*-0.995976)+((((((74.239514+(((-8132.961652*x1)+((x1*8132.961652)+0.000000))*100.916948))+((((x4aqx3)*-1507.300294)+-6.935132)*((x2aqx1)*((-0.027356*x1)+0.429860))))*((((x1aqx1)*-220207.588306)+220157.111050)+(-220207.069375+((-1.000000*((x1aqx1)*-220207.588306))+49.958324))))*13171603313.593422)+((-0.724312*(((((753.469147+(0.000000*x2))-x6)+(x5-x0))*14.883161)+(((422.899711+(-397053.718737*(x0aqx2)))*-0.003410)+((((-0.360757*x5)+-18643.090027)*(x5aqx2))+((-0.110144*(x2aqx5))+5471.823207)))))+(1764683.899076+((-0.400546*((((-181246.140000*x3)aq(x1aqx4))*0.000000)+22731.169849))*2.561141))))+((((((35872051093.964661+(((x2aqx1)aq(x5+x2))*-22293855161704.230469))*((((-0.597735*x4)+0.000000)+-97.311985)*(x2aqx1)))*0.000000)+((((-0.006573+(-0.615890*(x4aqx3)))*(-3460.043254+((x5aqx2)*163538.929751)))*-6.888212)+(2234894.521529+(-18633.052585*((0.375853+(x3*-0.000063))*(x5aqx2))))))*0.773947)+((((1882879.599553+(-1882879.599553+(-0.000000*((x4-x6)+(0.000000-188.889827)))))*10780437905442.548828)+-5.943037)+(((0.000014*((17.793231+((x3*0.034047)+-834.987178))*((-2530.633662+(0.281112*x3))+(392.304867*(x4-x6)))))+-53.556230)+(-53.323105+(49.899384+(((26541.580803+(-3.647854*x2))*(0.002201+(x6*-0.000081)))*-2.217851)))))))))
