algorithm,dataset,status,n_features,n_rows,r2,rmse,complexity,seconds,error,expression
sbp,1027_ESL,ok,4,200,0.712798,0.746788,515,2048.55,,-7.598747+0.000026*(((-123.719239*((((((((x0-x3)+(x1+x2))aq((x0aqx3)*(x1+x1)))*(((x0+x3)+(x1-x2))-((3.832000*x1)*(x0+x3))))*(-0.161105+((((x2-x0)*(x3-x1))aq((x1*x2)-(x1+x1)))*-0.058214)))*-17.858431)+(((9.225024*((((x0aq-0.785000)*(x1-x3))*((x1*x0)aq(x3*x3)))aq(((x1aq-3.476000)*(x2-x2))+((x0+x3)+(-9.847000aqx3)))))*4.321146)+-117.715092))-(((((1.003319*(x0*x3))*(((x2aqx2)*-14.814502)+13.771589))+-0.316104)*-18.660756)+(((((x0+x3)*(x0aqx1))+((33.507000+0.000000)-(x0+x0)))*-15.165697)+((25.330373+((-0.683165+(0.010137*(x2*x3)))*(((0.000000+0.000000)aq(x0*-41.140000))aq((x0aqx1)*(x0+x3)))))+((((-0.006847*(x3aqx0))+0.005716)aq(((x1-x0)aq(-40.540000--24.575000))*((x2+8.577000)*(x0+x3))))*-10019.702328))))))+(((((((144.907268+(((3.832000*x1)*(x0+-4.989774))*5.903335))aq((((0.000000+x3)*(x0aqx1))+(-37.321489-(x0+x0)))*(-526.668391+((x2*x3)*28.133161))))*19.899582)+-2.011770)*((-1.556638+(((929723818902.273438+(-815334632420.219482*(x1-x2)))aq(-1485091.806060+((x1aqx2)*2385009.030473)))*-0.000000))+(-0.001665*(((((0.000000*x2)-(x0*0.000000))*((x1+x1)aq(x1aqx2)))+(-117628.877618+(-105683.295516*(x2-x0))))aq((((x0+x3)*(x0aq0.000000))+((33.507000+x1)-102.430407))*(((-14.959000+43.738000)*(x1*x0))-(-2169.346499+(x0*512.901510))))))))*-5208.621699)+((((16.590577*(((-82981716.781161*((x2+-5.983217)*(x0+x3)))+-926956694.618968)aq((((x2+-5.983217)*(x0+x3))*954911.173055)+10291900.056665)))+145866.251033)+((-0.000001*(((((x1*-1437135087.558251)+5916057759.773445)*((x1+-4822431.468806)aq(x1aq0.000000)))+(-117628.877618+(9707221.943750*(x2-x0))))aq(-1485091.806060+((x1aqx2)*(25130920.571320+(-3335874.686208*x1))))))+(138083.081062+(((929723818902.273438+(-929723977978.870483+(x3*817625.138675)))aq((104525423902372741120.000000*(x3aqx1))+(-236443905542585974784.000000+(x1*22226423058854137856.000000))))*-32212865136753.296875))))+(((6.748660*(((((31.072000*0.000000)-(x0*0.000000))*((x1+0.000000)aq(x1aqx2)))+(-117628.877618+(9707221.943750*(x2-x0))))aq(-1485091.806060+((x1aqx2)*((x1*-230749.958109)+2883405.325342)))))+140263.765172)+(((((18163145.564187+((x1*x0)*-481558.260387))*(((-508313593.438624*x1)+2896140108.036596)aq(-9995.551706+(2007.582685*x3))))*0.000000)+((-1605975.330929*(((x1+0.000000)aq(x0*-41.140000))aq((x0aqx1)*(x0+x3))))+6097.270288))+(((((-30842.547757-(x0*x2))*((x1+0.000000)aq(x1aqx2)))+(-117628.877618+(-105683.295516*(0.000000-0.000000))))aq(((-123.642756+(74.116137*x0))+(104158.959906+-104571.275763))*(((-14.959000+43.738000)*(x1*x0))-((24.453000aq2.069000)*(x1*x3)))))*-581.032020)))))))
sbp,1028_SWD,ok,10,200,0.158281,0.631711,477,2050.05,,22.508460+0.248675*(((1.336595*((0.243281*((((16.655847+(((x3-x1)*(x1-x0))*6.557956))-(((-6.259960*(x8+x2))+-43.313528)+(-7.976390*((x4+x9)+(x2+x7)))))+(((x9+x6)aq(x5aqx2))+((((x5*x6)aq(x2-x0))*8.576655)+-4.218204)))*(0.264671+(0.007523*(((x1aqx2)aqx5)*((x3-x7)*x3))))))+(((-0.088339*(((((x9aqx6)aq(x2*x2))*-1.432152)+0.808626)*((-129.073195*((x9aq14.038000)aq(x4*x6)))+-0.016675)))+(-0.012216+(0.041491*(((-1.348311*(x4*x8))+6.642409)*((x3-x7)*x3)))))+(((-0.001848*(((x6aqx0)+((x3*384.775610)+11.438326))aq((x1*x3)+(x7-x4))))+0.413996)+((-0.180377*(((7.300781*(x5aqx2))+-4.951602)*(((x1aqx2)aqx5)*((x3-x7)*x3))))+((((4056.952358+(-15.689006*x2))+(7.436213*(x0*x2)))*-0.024831)+((-0.662199*((x1+0.000000)aq(x7+x3)))+((0.048817*(x7*x5))+((x9*0.085768)+-3.240891)))))))))+((0.906698*(((31.667567+(((2.530992+((x3aqx7)*-1.389481))*(((x1aqx2)aqx5)*((x3-x7)*x3)))*-0.439057))+(0.000206*(((((x4*x8)*-182.000810)+971.478418)+6.642409)*(19.701006+(0.088264*(-290.535361aq(x2-x0)))))))+((((16.655847+(-514.568786+(-11.744159*(x0*x2))))-(((-6.259960*(0.000000+x2))+-43.313528)+(-7.976390*((0.000000+x9)+(0.000000+0.000000)))))+(((((x0*x2)*5.995773)+364.349027)+(0.482051*(7.436213*(x0*x2))))+((((0.000000*x6)aq(x2-x0))*8.576655)+((3.376133*(x3*x8))+1156.021094))))*(((((-40999721747946744.000000*(x1aqx1))+(25894536202258728.000000+(4545433454171738.000000*x1)))*(9579.093237+(-5364.681926*x9)))*-0.000000)+((((x3-x1)*(x1-x0))*-0.000134)+0.019734)))))+((0.000000*(((((0.570022+((180509.440576*x5)+-243746.745905))*((-177.261726*x2)+277.408796))+((1787.278630+((15.688640*x2)*-62.059442))+((x4*x8)*57.904730)))*((0.004571*(x6aqx3))+-0.003775))*((((-7.815513+(x8*4.764878))*((x3-x7)*x3))*-7223.978770)+26271.174836)))+((0.030906*((-12.816816+(((x0*x2)+(x3+x1))*1.398140))*(((7.300781*(x5aqx2))+-4.951602)*(((x1aqx2)aqx5)*((x3-x7)*x3)))))+((((((-40999721747946744.000000*(x1aqx1))+(25892784174428816.000000+(x1*4546631910957116.000000)))*((0.000000*(x6*0.000000))+((1042573.420425*x6)+-2169046.245584)))*(-515918407646134796288.000000+((3770805335676003287040.000000*(x3-x7))+376804683784318156800.000000)))*0.000000)+((-0.002098*((((70.060029*x4)+-230.802334)aqx5)*((x3-x7)*x3)))+0.525638)))))))
sbp,1029_LEV,ok,4,200,0.586265,0.609976,337,2018.98,,10922.262886+9.546901*((((((x3*x2)+((((1.473517*((x2aqx1)*(x3*x0)))+3.144892)+(10.413830*((x1+x3)+(x0+x1))))+x1))+(((-601537.437520+(((((x1aqx2)*(x2aqx3))+((0.000000+x0)+(x3-0.000000)))*(-0.000027+((x0+x1)*-0.000000)))*1.138379))+(((x0+x1)aq(7.415000*x3))*6.357336))+((-0.000092*(((((x0+x1)*5213.059960)+-1965.187303)*(19.329000+x2))aq((x3*x0)-(x2*x2))))+-10.136113)))*0.002702)+((((((x1aqx2)*(x2aqx3))+((34.996144*((((x2aqx1)*(x3*x0))*-2.955003)+7.629045))+-87.699248))aq(((36545.668769*((-0.051384+(x2*0.438604))*((x0-x3)*(x0aqx3))))+-21273.111437)*(((-20.271257+(((x3aqx2)+(x0*x0))*-7.310468))aqx1)+(18.652000+x1))))*4.787121)+(((((((((-344216334765.696045*x1)+1460238217639.729004)+-1965.187303)*(19.329000+(-575682.074174+(127447.084962*x0))))aq((((-1695791401.528896*x3)+1449077320.274384)+-226653769.503353)-(((x1-x3)*-186181337.089127)+-727673184.064189)))*(-90487.891990+(90944.032141+((x0aqx1)*-442.798350))))*-0.000000)+39.514183)+((((((((x0+x1)*5213.059960)+-1965.187303)*(19.329000+(-575682.074174+(127447.084962*x0))))aq((((-1695791401.528896*x3)+7007339360.332936)+-226653769.503353)-(((x1-x3)*-186181337.089127)+-727673184.064189)))*0.000700)+(410.501062+(((0.004630*(x0aqx1))+(((-0.002215*x0)+-6.372286)+9.867576))*3.303610)))+(((((((x0+x1)*5213.059960)+-1965.187303)*(19.329000+(-575682.074174+(127447.084962*x0))))aq(((378197463.798948*(x3*x1))+-226653769.503353)-(((x1-x3)*-186181337.089127)+-727673184.064189)))*-0.001407)+((9.877288+(0.000000*((378197463.798948*(x3*x1))+((x3*-1695810276.684234)+1449093071.594038))))+((((165862.351899*(x3*x3))+(292953.582643+(x3*-639769.955317)))*-0.000000)+((0.001196*((14.553000aqx3)aq(x0*x2)))+(((x2*x2)*-0.000319)+((x2*0.000676)+9.871459)))))))))))
sbp,1030_ERA,ok,4,200,0.171058,1.689938,387,2008.06,,-11722.531911+0.092192*((((-6.285213+((0.240305*(((((x0*x2)-(-56.886000aqx2))aq((x0-x0)-(66.252000*x1)))+(((x3-x3)+(-45.115000+x0))-((x2*x0)+(x1*x1))))*((-0.052079*(((-39.102000+0.000000)aq(26.396000*x0))aq((x3*x1)+(-11.331363+x3))))+-0.675618)))*0.522215))+(0.065227*(((-8.074000-x2)+(x1*x0))+((x3-(15.758151+(0.002915*(((-17.202157*x1)+-375.834222)*((x0*x1)*(x3aqx3))))))+((((((x0*x2)-(0.000000aqx2))aq((x0-x0)-(66.252000*x1)))+(((x3-0.000000)+(0.000000+0.000000))-((x2*x0)+(x1*x1))))*-0.637798)+-41.469000)))))+((0.278194*((((((((x1+0.000000)aq(x3-x3))aq(-55.341648-(-61.381000+x1)))*-3.444831)+457206.158386)+(0.000019*(((143971869.513098+(77237565.381167*x1))aq(46.698976-x3))aq(-1857.113137+(-57.491550*(-45.115000+x0))))))+(-0.072891*(((211.951333+(-433.422529*(x3aqx1)))-(x1aqx2))aq((x2-x1)-(x1*x1)))))+((-19.109429+((((x1+1.964000)aq(60.098804-x3))aq((x1*x1)-(-815.673312+(-113.404627*-7.710601))))*985.231104))+((((x1+1.964000)aq(60.098804-x3))aq((x1*x1)-(-815.673312+(-113.404627*(x1-x0)))))*-23255.017005))))+((((-0.001677+(0.008902*(((x1+1.964000)aq(x3-x3))aq((x1*x1)-(-35.569701+41.187338)))))aq((x1*x1)-(-815.673312+(-113.404627*(x1-x0)))))*25654.074330)+((((((2.570111+(-4279956.685153*(x3*x0)))+(-320481987.918340+(331474789.400023+(x3*-33464803.782051))))aq(836.083014+(82.300741*(x1-x0))))*(-0.190177+((40.462544aq(x2-x1))*0.015197)))*0.000007)+(((((116736724.619677+((x1aqx2)*1401169332.848114))+((7370309358821.450195*(x0aqx3))+-285123034063.824219))aq((((-59.139107*x2)+440.528336)+(3.472417*(x1*x1)))-(776.874572+((x0aqx3)*-414.825489))))*0.000000)+(((((x0*x2)-(-56.886000aqx2))aq(((x2*-221.430316)+2789.772007)-(66.252000*x1)))*0.387259)+((-0.830139+(((-103408769726534439703903160261496545419553684170124008673757004946940231369621504.000000+902717669192930438680175689167441336729600.000000)aq(20390896735690181140275133273751857962011568278480058935254937393881717669888.000000*x0))*-0.000000))+(-1.221022*(((x1+1.964000)aq(x3-x3))aq((x1*x1)-(-35.569701+41.187338))))))))))))
sbp,1089_USCrime,ok,13,47,0.253054,30.093729,411,2010.37,,1515.441402+-0.000068*((((3415.834085+(108.989173*(((0.010544*(x5aqx8))+(-31.660012+(-0.000071*(((x7+x0)+(x2*x10))*((0.118806*x12)+-274.735840)))))*(((498134707.875642+(-4412249.618629*x3))*(-3281356395.103507+(5739109.511832*x6)))aq((230145971929234688.000000+((3985659587563449344.000000+(x3*33302698060971484.000000))*-0.029095))-(-3985659587563453440.000000+(x3*33302698060971484.000000)))))))*((((x1*(x12aq(93.075669+(((x2aq4270.296000)*(x1-x5))*3023.982435))))*0.488347)+((((x10*x2)-(565.632962+(0.620362*((0.000000-x1)-(x6aqx2)))))*-2.496191)+((0.286298*((180.723372+(x8*-3.145858))-((x0+x12)aq(x5-x10))))+-313.986820)))+((((x12*x3)+(97145.172099+(1.097517*(((x7+x0)+(x2*x10))*-76.160528))))*0.006177)+(((11.886992+((((0.000000+x7)*286963794987909.000000)aq((x7+x10)-(38.243243*x8)))*-0.000000))+(988284617228.122803*((x5*(-3281356395.103507+(5739109.511832*x6)))aq(((-3555567573963978.500000*x6)+2532953997759394816.000000)-(-34758890668852594606080.000000+(x7*34202042898969997312.000000))))))+((0.000000*(((x0+0.000000)*286963794987909.000000)aq((x7+x10)-(x0*x8))))+((42.472646+(0.000000*(-2908593330.258829*(x6aqx4))))+(0.028508*(((-0.111084*x0)+21.202380)*x8))))))))+((4378221.108161*(((1.717233+(45375.351673*((x5*(-3281356395.103507+(0.000000*x6)))aq(x5-(-3985659587563453440.000000+(0.000000*33302698060971484.000000))))))+((((x5*(3281356566.082100+(5739109.511832*x6)))aq(1678261416047.062988+(-14479595739.546082*(x1-x9))))*-0.002236)+(10.977082+(-0.000027*(((21.597256*x3)+640527.172503)+((x8+0.000000)*5.925833))))))+(-0.004231*(((((-2738.210419*-59.921465)+447609.366957)*x6)-(-35399344.193589+(((x0+0.000000)aq(x5-x10))*21791885.824639)))aq((x7*x6)*(((-2.609680*(x1-x9))+((-2.451460*x9)+344.388963))*x3))))))+((-0.000043*(-890554461829.571167+(-11249503200760476047511706773055193576689868478611456.000000*((-0.000000+(0.000000*x0))aq((x11*2025210265770471216709795577856.000000)+-55031896615490978953890524823552.000000)))))+(((((x0*x6)-((-35.824502+((0.000000*x6)*0.999783))-4372.944000))aq((x7*((-481.458401*(x12-1001.156052))+-55.547217))*(((-2.609680*(x1-0.000000))+((x6*-3.190290)+2034.275808))*x3)))*-193100043791.707916)+(((((-185960708058.155304*(x5aqx8))+128820644957.437622)aq(((x7*4966578.509358)+-4866577571.631542)-(-3985659587563453440.000000+(x3*33302698060971484.000000))))*1558041177.546800)+(((((13490012805645931118592.000000+(-66313527155246841856.000000*x10))*(-17364721269010444.000000*x10))*-0.000000)+-386317.836181)+((((x12-x8)*-5.027651)*((-0.695310*(x12-x8))+678.507192))*0.259291))))))))
sbp,1096_FacultySalaries,ok,4,50,0.885738,1.452047,565,2005.15,,19954522062.418610+-0.000000*(((((-16588221898.502804+(31463553985220320.000000*((((82291.045347+(-64687.374622*(x2aqx1)))aq(179.155652+((x1aqx2)*-206.686430)))*((332.476531*((x2+0.000000)aq(x1-x3)))+-2107.313120))*((-0.000000*(((x3*-110088527722.457977)+465657351188343.187500)*((x3aqx2)+(x2aqx1))))+0.000000))))+(((-0.800846*(1250821477549763985408.000000+(((x2+-249741212335901.187500)aq(12153365.286320+(x1*-170277.885198)))*0.000030)))+1001715519783963459584.000000)*(((((-64687.375350*(x2aqx1))+(((x2aqx1)*64687.375350)+-0.000000))aq(179.155652+((x1aqx2)*-206.686430)))*((332.476531*((x2+0.000000)aq(x1-x3)))+-2107.313120))*((-0.000000*(((x3*-110088527722.457977)+465657351188343.187500)*((x3aqx2)+(x2aqx1))))+0.000000))))*((((-1.000000*(-611.379880*((-226951500182826.125000+(-0.000000*-766247770432944429179173513575154591809369561091801088.000000))+(((1393796574908163946345982392040522594123776.000000*-0.000000)+-146.128770)*((x1aqx2)*x1)))))+-454721693658355776.000000)+(((((((x1aqx3)*-5720882.833242)+6115749.227572)aq(179.155652+((x1aqx2)*-206.686430)))*-181.573545)+((-1087994.952187*(((x1+x1)-(x3-x1))+((0.000000-x3)+(0.000000-x2))))+6678847150.754022))*0.714286))*((-0.000000*((((((x1aqx3)*-5720882.833242)+6115749.227572)aq(179.155652+((x1aqx2)*-206.686430)))*-181.573545)+((-3.224984*((-63956748.842666+(x0*-104791.972940))*((x3aqx2)+(x2aqx1))))+((134891.419046*((x3-0.000000)+(314.680000-x2)))+(8742995426.220957+(-9193731221.967253*(x3aqx3)))))))+((-0.000000*(((((x1aqx3)*-5720882.833242)+6115749.227572)aq(179.155652+((x1aqx2)*-206.686430)))*((((x2+0.000000)aq(x1-x3))*191.970632)+((250.211258*x0)+-1269.931502))))+(((((0.000000*(x1aqx2))+-0.000000)aq(179.155652+((x1aqx2)*-206.686430)))*560511.844284)+(((((-0.001379*x2)+0.135195)aq((-287.974961*x2)+28229.619421))*0.000149)+((0.000000*((0.000000+x0)aq(x1-x3)))+(((x3aqx2)*-0.000000)+(-0.000005+(0.000000*x0))))))))))+(((0.000000*((-6721971368902216646656.000000+(((((x1-x3)*-198018348.399320)+1841570513.837256)aq(145840.637108+(-173866.518234*(x1aqx2))))*-5663754837098392.000000))*(((248876683856117177163138964914176.000000+(-125935574448374664549914241925120.000000*((x3aqx2)+(x2aqx1))))*((332.476531*((x2+0.000000)aq(x1-x3)))+-2107.313120))*((-0.000000*(((x3*-110088527722.457977)+465657351188343.187500)*((x3aqx2)+(x2aqx1))))+0.000000))))+250628957401355649024.000000)+(((((((((2117862296933685760.000000*x2)+-90866614586677772288.000000)+(90866614586677821440.000000+(-2117862296933686272.000000*x2)))aq((23361.397142*(x1aqx3))+-25732.422741))*(-0.000000+(0.000000*(1622710728095109.750000*(x1aqx3)))))*-26756093207599835831599104.000000)+((1250821477549763985408.000000+(((x2+-249741212335901.187500)aq(x1-51.598750))*0.000030))+((((492847670497281489376951512336515830120448.000000+-90866614586677772288.000000)+(-3138397432969853213532231722973608524906509412145818135309582336.000000+(x2*73147807105275987479830905480473635147102907228040910925201408.000000)))aq((49046967683132510175232.000000*(x1aqx3))+(-48179092850872493801472.000000+(x2*-99130727947348230144.000000))))*0.000000)))*1.175649)+((-0.016340*(((248876683856117177163138964914176.000000+(-125935574448374664549914241925120.000000*((x3aqx2)+(x2aqx1))))*((332.476531*((x2+0.000000)aq(x1-x3)))+-2107.313120))*((-0.000000*(((x3*-110088527722.457977)+465657351188343.187500)*((x3aqx2)+(x2aqx1))))+0.000000)))+(((((444.231653+(1939.777991*x0))*((x3*x3)aq(-54.859000+x1)))*((1362753720302464322169208832.000000*(x2aqx1))+-1636432958708587084730335232.000000))*-0.000000)+((-1357450430.222241+(((16099267936270645095762257653811642368.000000+(-3684666871789221517908896378026721280.000000*x0))aq((-287.974961*x2)+21908.202051))*0.000000))+((((81697915751549.250000*(x0*-0.000063))+7636514912.252436)aq((-0.644314+(x3*0.013963))*(x1--4652355923.407953)))*-2756945.030559))))))))
sbp,1191_BNG_pbc,ok,18,200,-3.325963,2141.584391,497,2006.01,,-8070.692024+222.382710*((((3.832098+(0.000011*((13634.261065+(-0.000388*(x11*(997029.633136+(x11*-4178.598866)))))-(((((-23899909025836.003906aqx3)aq(x9-x15))*0.000000)+(-3151.687149+(((x14aqx3)aq(x9-247.466076))*861.967167)))+((0.000848*(((x12aqx17)+-1017.288920)*(43436.575454+(-164.036185*x15))))+-3569.093744)))))*((((-16716.324062+((((x0+x8)+(x15aqx8))aq((x15+x3)aq(x5+x0)))*22072.053599))+(((x13+x3)+(x10*23668.536000))-((x7*x1)aq(x17-x11))))+(-4280.270813+((((((x8-x15)-(0.000000aqx8))-((x0*x15)*(x16*x9)))aq(((x5+x9)*(x7+x10))-((x9-x14)-(x10+x13))))*((69582.372306+(-69582.740350*x0))+(((0.000000-x8)+(x0*x1))-((x2-x6)-(x17aqx2)))))*0.269049)))*(((0.627202+((0.000033+(((x6+x3)*(x3-x5))*-0.000006))*0.000035))*19002.212861)+(-11918.227061+(((((x12aqx17)+(x0*x15))*((-0.007730+(0.000001*x12))*(x8aqx14)))*0.000005)+((-0.000000*((x14+x17)aq(x7*x15)))+((((x5+x0)*(x16-x14))*-0.000000)+0.000000)))))))+(((((((-291176616297.808960*((x10-x7)aq(9.141561*x15)))+((-564695929.991299*(x16*x1))+162311047138.010742))+(((-43560560676.161331+(5100724375.968184*(x7*x1)))+(35917061483.865646+((x8aqx11)*-12332506930.025394)))+((-137809100803.533142+(-6798017459.117723*(x0*x1)))+(x3*x2))))+(((((x17*411305723121462738944.000000)+((-411305723121462804480.000000*x17)+-327680.000000))*-73628.191743)+48061515075.843277)+(((x14aqx3)+(x11*x1))*((((x0*27208778.328433)+-5600544.467880)-x14)+(x16*x1)))))*(((((((x8-x15)-(-2192.925212aqx8))-((x0*x15)*(x16*x9)))aq(((x14*3430.364366)+-448481.164800)-((x9-x14)-(x10+0.000000))))*0.000000)+(0.000000+(((x9-x15)*(31522.699348+(-3732.927059*x8)))*-0.000000)))+(0.000000+(((((x8--340956.410449)-(x8aqx8))-((x0*x15)*(x16*x9)))aq(((x5+x9)*4.300192)-((-502178.316005*x0)+1266.428201)))*0.000000))))*0.605104)+(-0.311852+(((0.000182*(((((0.000000-x15)-(x8aqx8))-((x0*x15)*(x16*x9)))aq(((x5+x9)*(x7+x10))-((0.000000-x14)-(x10+x13))))*((((0.000000*x5)+20119.975783)aq((x2aqx8)-(x14*x11)))+(((0.000000-x8)+(x0*x1))-((0.000000-x6)-(0.000000aqx2))))))+(5.033303+(((767.899962+((x7*x1)*-4472.908315))*((0.000000+(x17*-0.000000))*(31522.699348+(-3732.927059*x8))))*7226419385045108028927377408.000000)))*(((((((x4*-0.095182)+0.320604)+(0.293076+(-0.081323*x3)))*3.622237)+-0.723933)*1.043669)+(-0.095142+(22.263172*(((x12aqx17)+(x0*x15))*(((-6444127492.176729*x7)*-0.000000)+-0.000002))))))))))
sbp,1193_BNG_lowbwt,ok,9,200,0.47307,586.696782,521,2005.41,,1595291.472111+0.000000*(((((-4676295214194862.000000*((((0.000000*(((x0*x2)*2911557731446177280.000000)+60494130819797516288.000000))+((((x2+x6)*(x2-0.000000))*1329.663607)+-4253008.376056))+((((x8-x4)*84031234768323008135859027541441536447217664.000000)+-168472580239755490708262862244773667027288064.000000)*((x2+(0.000000+(x2*-1.000000)))*(0.000000+(-0.000000*(x5*x8))))))aq(((((-142785266566145431271512236621824.000000*(0.000000-x2))+-16678404204434088522171588802510848.000000)aq(((x6+x4)+(x8-x4))-((755.372000+x3)aq(x0aqx3))))*0.301616)+-44.325078)))+2301862.119161)*(((((-1196.395000*x0)+((((x7*x3)*169.987839)+-148.354520)+(133.979448*((x8+x5)aq(x3*474.835000)))))*0.000849)+((-10526555.408279*((((-636.272708+3432.736666)+(2448.465821+-2844.439000))+(((x2-x8)+(x5*x8))*((x2+x6)*(x2-0.000000))))aq(-1178450488748452.000000+(((x7+x2)aq(x4-x0))*17301278369453.931641))))+((((((1145.046000*x1)*(x6+x1))*((1004027827051.117554+x2)aq(x1*x1)))aq(((x6*-171728809648636.562500)+-3804067635032347.000000)-((755.372000+x3)aq(x0aqx3))))*213.070755)+1153.074585)))*((((-1196.395000*x0)+(((((x8+x5)aq(x3*474.835000))*132.949364)+(-476.118894+(221.577407*(x3+0.000000))))+(133.979448*((4.040078+x5)aq(x3*474.835000)))))*0.000883)+(((((8334563959132.906250+((x2*x1)*-2079314075.590071))+(x5*x8))*((x2+x6)*((30314.163117*(x2-x1))+-3038050.236989)))*0.000000)+((((((x0*9553979776732402133556032780107776.000000)+-19299276192643396434126641085546496.000000)+-16678404204434088522171588802510848.000000)aq(-35049568420968920657698140998074368.000000+(346070283559937970432726284632064.000000*(x2+x0))))*0.004953)+((((2356920410587069.500000+(36543988271.046600*x5))+(-893565811560.196655*(x5aqx1)))*0.000000)+-53542.947774))))))+((((((((((x3*1570426285756574369769227896766857216.000000)+-1953979853080538449030304470870786048.000000)+8960711019226767485488825177735168.000000)+-16678404204434088522171588802510848.000000)aq((-293079005521031982162957918273536.000000*(x3-x2))+-34004376093879343040796408632311808.000000))*7.041023)+-9637.211253)*(((-16926253242800194556418794493895569421734248448.000000+(14363143300795547656076887326720.000000*(1178450488749243.750000+((x8-x4)*352.906989))))+(-11755405820850135790810128284202917567660032.000000+((((x2+0.000000)*(x2-0.000000))*(24090090412612808.000000+(-9943019772663012.000000*x0)))*77298240122745155223552.000000)))aq((((((1145.046000*x1)*(0.000000+x1))*((x6+x2)aq(x1*x1)))aq(((x6+x4)+(x8-x4))-((755.372000+x3)aq(x0aqx3))))*0.301616)+(((((x2+0.000000)*(x2-x6))*(24090090412612808.000000+(-9943019772663012.000000*x0)))*239981269310.623047)+-56365471308338762174266949500928.000000))))*0.000000)+(((-4020013118597.754395+(-0.071367*((((-636.272708+(x2*-1.495437))+(-780.209473+(0.000000*0.014742)))+((-588265874297533759488.000000*(x2aqx0))+57450520395428032151552.000000))aq(-552099638340787.937500+((x2*x1)*225840889913.716644)))))+(((0.005394*(((7.649156+(-5.254973*x8))aq((x8-x0)*(x3+x4)))*(((x1+-38.137000)--5.541136)aq((x7-x5)*(166.134000-x4)))))+((0.000000*(((-865924318626836693139504642655989203468288.000000*x4)+229584272263899540869378104246501537480704.000000)aq(x3*474.835000)))+((((1004027827051.117554+x2)aq(x1*x1))*0.000000)+-1217.506481)))*3301992707.131367))+((36054.036197*(((-306.388891*(((x3*32403219.266429)+-66535599.266457)aq(27322.174221+(x3*-13305.988192))))+-746080.166773)*((30057024324233617664695599104.000000+(1079622387513979750394600882176.000000*(-25855.066814+(-550587.856955*x5))))aq((-293079005521031982162957918273536.000000*(x3-x2))+-34004376093879343040796408632311808.000000))))+(((((((x3*1570426285756574369769227896766857216.000000)+-1953979853080538449030304470870786048.000000)+8960711019226767485488825177735168.000000)+-16678404204434088522171588802510848.000000)aq((102471017749644654396884128614055936.000000+(-752243048769453531053381572886528.000000*(x7+x2)))+-34004376093879343040796408632311808.000000))*-635376.804711)+-3948418910602.444824))))))
sbp,1196_BNG_pharynx,ok,10,200,-0.12349,328.916479,357,2021.07,,26280.921426+-76.098137*(((((-0.153333*(((-0.000016*((((x5*x9)*239097.794118)+(-13053.455244+(0.000000*x9)))+(((x0-x3)aq(x5aqx6))*19566.011625)))+316.628295)+((((x9aqx2)*(x9aqx7))*-8.664559)+(0.316379+(-1.154999*((x2*x1)*(x8-x2)))))))+(((0.000333*(((0.153694+((x7*x2)*-0.539208))aqx0)*(3813.014119+(74.962748*((0.000000aqx9)-(x4aqx0))))))+(0.122927+(-0.346499*(((x1*x5)*(x0+x7))aq((x0+x6)+(x3+x1))))))+((0.000002*(((x3+x8)-((-30828.114169*(x8aqx6))+21981.050988))+((-4481.320782+(406556.148777*(x5*x9)))aq(x0+x7))))+((0.001137*((94.803180+(-108.944424*(0.000000+x7)))*((x2*x1)*(x8-x2))))+((((x2--75.614896)aq(x6-x2))*0.002496)+(-0.294799+(((x5aqx3)aq(x2*214.919000))*-0.175403)))))))*-6.977138)+((-0.004636*((((((-7156.264734+((x0+x7)*2319.008658))*(-2586.645455+(775.914179*(x0+x7))))*0.000001)+-12.669120)+(0.043733*(((0.153694+((x7*x2)*-0.539208))aqx0)*(-2586.645455+(775.914179*(x0+x7))))))*(20.672883+(((-742.620763+(((x0*x2)*-0.026722)*-29905.123768))*(-2586.645455+(775.914179*(x0+x7))))*-0.000006))))+(((((-44941060644174718038426513745979782675149357056.000000+(-564742148094952961438087557555421184.000000*(((x3*0.065071)+-79578017677.245743)+((x3*x3)*-0.028690))))*((17003341830467167977472.000000+(0.000000*-0.000000))+(((-272.374490+(318.423358*x1))*(-0.000014+(x9*-0.095217)))*((1945274424672906617271625973760.000000*(x5-x8))+5568303395594819436189950410752.000000))))*-0.000000)+-0.159068)+(((0.113040+(((94.803180+(-4686.655272+(x9*20211.493723)))*((x2*x1)*(x8-x2)))*-0.000097))+((0.000000*((((22806802098193262479275583966334156800.000000*x6)+-32949854526901514754841105041362780160.000000)*(-0.000014+(x9*-0.095217)))*((1945274424672906617271625973760.000000*(x5-x8))+(4779257903862172023401693480747008.000000+(-16253072099748647182500950198714368.000000*x6)))))+-0.039148))+(((((((x2*51173.705396)+-27186.030993)*((914.764836*x7)+-881.146917))*0.000457)+-4189.780387)*((-1012.453167*(442862861750.777161+((x0+x6)*-195142122636.339111)))+(((195142122636.339081*(x0+x6))*-1012.453167)+448377906990502.437500)))*0.001265))))))
sbp,1199_BNG_echoMonths,ok,9,200,-5.34735,38.063621,479,2014.57,,77896.675976+-11.960007*(((1.266063*(((((0.284093*(((460.591053aq(x3-x5))-((x2*-232660471.597758)+14535601.500972))aq(((x6+x4)*15.142251)+-186.097188)))+-10521669558.614464)+(-0.000002*(((((x2*x0)-(x6+x4))+((x2aqx5)*(x7*x5)))*(-12391141770294.830078+(-40327221864430.601562*(x8-x0))))aq((((0.000000-x6)+(x0-x5))+(-6626.927231+(651.459177*x6)))-(((x4aqx2)-(x5*x2))*((x8*x1)+(x4-x5)))))))+(((3957413.808293+(-0.000000*((x6*x6)*((x4*-674002367976.166138)+3398060722311.621094))))aq((((x7-x6)+(x0-x5))+((227.554166+x2)aq(x8*x0)))-((56.681786*((x8-x6)*(x4-0.000000)))+8258.586567)))*-33.470603))*((((19842.334218*((x0+x8)aq(x4+-226.052000)))+((-0.145838*((x8-x6)*(x4-x6)))+(((x1aqx5)*4.542204)+-261.300093)))*-0.000000)+(((((-14.649016*(x1aqx5))+76.777857)*(((0.000000+x5)aq(x6-x4))*((x6-x5)-(x0+x0))))*0.000000)+(((((-442246580.907308+(x0*1682806745.333985))-((x4+x5)+(0.000000-0.000000)))aq(((x6+x4)*15.142251)+-186.097188))*-0.000000)+(0.000000+((((x2*x6)*(x0-x2))*-0.000000)+(-0.000000+((x4*x8)*0.000000)))))))))+((0.721228*((((-0.000000*((-63151536363985175064870912.000000+((x7*x5)*10093411147963852843384832.000000))*(-6668449.027651+(205244201.878753+(x5*-44934963.782074)))))+5721.980685)+(7.653121*(((((x2*x0)-(x6+x4))+((x2aqx5)*(x7*x5)))*(((x6-x3)*(x7+291.166000))aq((x2-x3)-(x8+x5))))aq(((27733780.450741+(x6*-970957.575591))+((x6aqx0)*1136059.629698))-(37066957.974672+((x4-x5)*-1590640.114828))))))+(((0.000000*((-51955950138295490759990295134208.000000*((-0.328099+x5)aq(x6-x4)))+-740381613349142048999141857818574848.000000))+2341.786056)+(0.001025*(((6.284975*((x1aqx5)+(0.000000+x8)))+-80.438467)*(((-0.260110*x6)+4.947863)*(x6-x4)))))))+((2063.463694+(-0.000000*((((((x5*-61221860301.875267)+300864889131.032043)*((4.303350+x8)aq(x4+-226.052000)))+3228804739.560309)+(95922.376540*(15766047.230438+((x4*x8)*-2796648.097745))))aq(((127930180627.729935+((0.000000aqx5)*-130794764946.760468))*x5)*((-0.309725+(-0.000137*(-2253.411429-x3)))*x7)))))+((((((-0.059322*(x5aqx7))+0.189523)*(((-825493548.741957*(x0*x4))+3950038770.455949)aq(-4266724.801767+(445122.947205*(x6aqx0)))))*((-0.000447*((14.018385-x6)*(x4-x6)))+0.009826))*0.015128)+(((((((x2*x0)-(x6+x4))+((x2aqx5)*(x7*x5)))*(((0.000000-x3)*(x7+291.166000))aq((x2-x3)--61.847183)))aq((-14053111.396499+((x6aqx0)*1136059.629698))-((-1437487.185453*(x8-x0))+1187826.342816)))*1260.907963)+2063.403427))))))
sbp,1201_BNG_breastTumor,ok,9,200,0.061518,11.342295,625,2022.06,,-30.165671+1.611833*((((((0.004391*(((189.077560*((x8+x3)aq(x2+x4)))+0.007975)+((x4+x0)*(x3+x7))))+(((((((x1+x2)-(x1*x6))-((x1*x2)-(-179.525000aqx8)))-(((x5*61.848000)-(-307.769000*x8))*((x2aqx1)*(x1*x4))))*((((x5aqx6)+(x5aqx5))-((x2aqx2)+(x4-x7)))aq(((-221.012000*x6)-(x7*x7))-((x0aqx5)aq(x8-x5)))))*-0.005288)+((-0.000165*(((x3+x0)*(x4+x4))*((x7*x6)*(x4*x2))))+-0.002072)))*4.707645)+(((((-8.477988+((((x5*x1)-(0.000000-x5))aq((x8-x6)aq(x7+-157.522000)))*138.610670))*0.001505)+-3.667756)+(((-0.000627+(-0.018330*(-0.141431+(0.247896*x8))))*((((x3*x6)aq(x6aqx7))aq((x1+x0)*(x3+x8)))aq(((x2+x3)+(x2*x2))-((x8-x4)+(x1+x8)))))*642805.733573))+(((((x1*x0)-(x1+x6))+(((((x7+-132.096000)*(x1-x3))*-0.013113)+-0.048929)*(x3+x7)))-((((-124.437668*(x7aqx2))+104.386476)+(174.575813*(((x1aqx1)+(0.000000+x7))aq((x8-x2)+(x4-x6)))))-(-3.906289+((((x3*x5)*(x5-x4))*((x0-x1)-(x4*x2)))*-6.779729))))*-0.023728)))-(((-0.774161+(((((0.151190+((x8aqx1)*0.673638))aq(((-221.012000*x6)-(x7*x7))-((x0aqx5)aq(x8-x5))))*-3182.602548)+((-193.839641*((-0.465950aq(x6aqx7))aq((x1+x0)*(x3+x8))))+26.277989))*0.038760))+(0.001029*((-120.997765+(((((x4*x3)*111.538716)+-223.343270)+(((x3*x6)*-113.803814)+500.158590))*0.551358))*((5.631219+((((x5*x2)+(x1aqx6))aq((x4*-152.494000)aq(x3-x2)))*31.676651))+(-29.124256*((((x5*x1)-(x4-x5))aq((x8-x6)aq(x7+-157.522000)))aq(((x2+x3)+(x5*x6))aq((x1+x0)-(x2+x7)))))))))+(((((-75.691420+((((x3+x8)aq(x1--3.770000))*1.432719)*438.420293))*(((((x1+x2)-(x1*x6))-((x1*x2)-(-179.525000aqx8)))-(((x5*61.848000)-(-307.769000*x8))*((x2aqx1)*(x1*x4))))*((((x5aqx6)+(x5aqx5))-((x2aqx2)+(x4-x7)))aq(((-221.012000*x6)-(x7*x7))-((x0aqx5)aq(x8-x5))))))*0.000590)+((1.577685+(0.000000*(((9490621.028131*(x6aqx6))+-1599301.607333)*((-173161917.151366*(x6aqx6))+126383739.153458))))+(68.362189*(-90.519825*((-0.000013+(0.001986*(x2aqx1)))aq((64.705961+(214.287476*x6))-((x0aqx5)aq(x8-x5))))))))+(((0.002413*(((((x8aqx5)aq(x2*x2))*-82.733794)+-22.778569)*((-1.704569+((x4*x4)*0.592971))*(((x4-x5)*-11.669250)+7.569945))))+(((-0.018332*(((-0.036982*x6)+0.005679)*((x6*822.550445)+-2153.273338)))+-17.837707)+(-0.052399*((-1.704569+((x4*x4)*0.592971))*(((x8aqx2)*-58.418856)+-3.906476)))))+(((-0.000113*(((x2*-129.758095)+-29.442546)*((x1*x4)*(x2aqx6))))+(-7.929335+((((0.000000-x1)-(x4*x2))*-0.892298)*-0.219699)))+(-0.001011*(((((x8aqx5)aq(x2*x2))*-82.733794)+-22.778569)*(((x8aqx2)*325.157928)+((7.130087*(x2aqx6))+((x1*8.980051)+-405.124680)))))))))))
sbp,1203_BNG_pwLinear,ok,10,200,-0.14506,4.494758,549,2012.75,,55.916828+-0.000061*(((((0.000000*(((((-0.664767+(8.474897*(x2-x0)))*(((0.000000+x8)aq(x9+x0))aq((x4+x9)*(x8-x6))))*-216.078383)+-333.328517)*(((0.114952+(0.395873*(x7aqx1)))+((((x4+x8)+(x2*x0))*((x7*x9)-(x7aqx7)))*-0.619545))*(31185.803742+(308.135529*((444.980907+(x3*-139.254744))*(x1*x0)))))))+-1287.821407)*(((-1.557387+(((x2+x4)+((((x0-x6)*-1.524922)+0.171032)+(-2.105131*((x2*x0)+(x0aqx9)))))*3.985347))-(1.266586+(-5.299376*((x2+x4)+((((x7*x0)*1.518754)+(-17.304212+(x5*1.239019)))+(-2.105131*((x2*x0)+(x0aqx9))))))))-((((-15.406180*((0.885997+(-0.432771*(x4*x2)))*((x5*x3)-(x1*x0))))+1.358912)-((-14.221455*((x0-x4)aq(-1.076000+x2)))+0.155234))-(((87.715769+((((4.871370*0.000000)+(x9*x5))aq((x3*x7)aq(2.643000aqx7)))*10.230880))+(2.831148*((2.750166+(0.844760*(x6*x7)))*(((4.156000+x8)aq(x9+x0))aq((x4+x9)*(x8-x6))))))+((17.059189+(((x5*x0)-(8.497748*0.960000))*7.521416))+((((-230.899660+(x6*2.376002))+((x1+0.000000)+(x2-0.000000)))+(((x4+x8)+(x2*x0))*((x7*x9)-(x7aqx7))))*((-0.014113*((x4+x9)*(x8-x6)))+3.057792)))))))+((-0.004451*((((1795522.867604+(-52147.579646*(((x4*x2)*26.908224)+48.704731)))+((((-2.730434+(x3*-0.006313))+(-5.925703*(x6*x7)))*(((0.000000+x8)aq(x9+x0))aq((x4+x9)*(x8-x6))))*-311556.460036))+((((((x2*-5.517020)+2.337445)+0.080102)+(((x7aqx1)*(x0-x5))*1.606756))*(((-0.892453*(x6*x5))+8.387186)+(10.975026*(x8-x3))))*-14168.646380))+(((((-0.664767+(8.474897*(x2-x0)))*(((0.000000+x8)aq(x9+x0))aq((x4+x9)*(x8-x6))))*-216.078383)+-333.328517)*(((0.114952+(0.395873*(x7aqx1)))+((((x4+x8)+(x2*x0))*((x7*x9)-(x7aqx7)))*-0.619545))*(32199.751996+(-302.857338*((116.663408+(6.191196*x9))aq((x3*x7)aq(2.643000aqx7)))))))))+(((((40878.139388+(-3295.879166*(((x5*1.693155)+17.062305)aq(x8-x4))))+(9579.930978*(((-0.334013+(x6*2.376002))+((0.000000+0.000000)+(x2-0.000000)))+(((x4+x8)+(x2*x0))*((x7*x9)-(x7aqx7))))))*((-0.000386+((((x4+x8)+(x2*x0))*((x7*x9)-(x7aqx7)))*-0.619545))*(32199.751996+(-302.857338*((116.663408+(6.191196*x9))aq((x3*x7)aq(2.643000aqx7)))))))*0.000155)+((-0.010118*((24626.123114+(-7844.435172*(((x5*1.693155)+5.056537)aq(x8-x4))))*(((((x2*-5.517020)+2.337445)+0.080102)+(((x7aqx1)*(x0-x5))*1.606756))*((((0.000000*x6)+-8.386115)+((0.132237*x3)+8.360446))+(10.975026*(x8-x3))))))+-27410.231881)))))
sbp,1595_poker,ok,10,200,-0.321094,1.642333,527,2008.02,,0.583758+-0.000000*((((1123750648039733378156399037513543356749023930827314993463726864858482498440656236224446464.000000*(((((((-32471652.129816aq(x8-x0))*2423475308293592513773235811123200.000000)+37253121814710667639668041852227659235328.000000)aq((x8-x6)*(-44.994000-x4)))*0.000000)+441662961870143.500000)*((-397.569522+(((((54.030000+0.000000)aq(x9+120.508310))aq((x4+x9)*(x8-x6)))*-0.060182)*-197966.995182))*(((((-2686481.846746aq(x8-x0))*-1987.700404)+(-4257378986.456217+((x8aqx0)*607372221.196081)))*(-170.466990+(((x7*71.713038)aq(x8-x0))*13.902320)))aq(x4-x0)))))+(((((-40482843743337918152800317580823194561937408.000000+((((x0*x2)aq(x6-x3))aq((x5aqx4)aq(x0aqx1)))*49236241266898232190141769005032062343708672.000000))*(((-44508383869338064.000000*(x3*x0))+603162762193343744.000000)+((-0.362981+(-0.000000*105553116266496.000000))*((-2862400954530580660224.000000-(0.000000aq9.055000))aq((x8-x6)*(-44.994000-x4))))))*-1406374683095456248315541200181961960095185864076778536960.000000)+-23655752554801317087261273192390683916580991224225105712145689886184069535913051765857730429272151887945189723183874310144.000000)+((((0.133524+((((4527638947499.138672+0.000000)aq(x9+x0))aq((x4+x9)*(0.000000-x6)))*(0.153981+(-0.048830*(x9+x0)))))*((((x4*x2)*1198290562.163901)+-8219542701.346800)aq(((x9aqx3)-(x2*x7))+((x3*x6)*(x4-x9)))))aq(((2916.434989+(((x1+x0)+(x4-x2))*-1044.449125))*(((x0aqx4)-(x1+x6))-((x5aqx3)*(x4aqx3))))aq((((-43.728000aqx2)aq(x8aqx8))aq((x7-x9)+(x4-x8)))aq(((x6+x1)-(x5aqx4))-((x1+x0)+(x4-x2))))))*-189174705981396470897148159139323909492153146693437805820662415369870004436756138131245173941287224623497216.000000)))+(((((((((-32471652.129816aq(x8-x0))*2423475308293592513773235811123200.000000)+37253121814710667639668041852227659235328.000000)aq((x8-x6)*(-44.994000-x4)))*(0.000000+(0.000000*((-2686481.846746aq(x8-x0))*((9.354116*x5)+2076.645650)))))+441662961870143.500000)*((-397.569522+((1.388391*((3201304122845154.000000+(-739448957738867.250000*x7))*((x5aqx3)*(x4aqx3))))+-7030904881184902.000000))*(((((-2686481.846746aq(x8-x0))*-1987.700404)+(-4257378986.456217+((x8aqx0)*607372221.196081)))*(-170.466990+(((x7*71.713038)aq(x8-x0))*13.902320)))aq(x4-x0))))*88332291575055789010094893782409171865791359493837523705759329130846879744.000000)+((-12568221753220055397513294868184466408219537522066936341017252034908811914061377979734885823988257737670656.000000*((((-0.000000*((7.176861aq(x8-x0))*491329671494224357513890681697517418494189605654067257314992384347182614594088599552.000000))+18181766668114452.000000)+((((29209461840953534293385147992300042962459192767232696057120210015310858633684424661235230232998136391397277696.000000*(x1*x6))+-136752636592091061537912273957948413875894223131643636323932996072746562588625442475969256082262726655816499200.000000)aq(((x7-x9)*(x1*46.182000))+((0.000000*x4)-(-17.940000-x7))))*0.000000))+((24523556.349914*((((x4*x2)*1198290562.163901)+(1008038153.869348+(x2*-3709921961.743842)))aq(((0.000000aqx3)-(x2*x7))+((x3*x6)*(x4-x9)))))+-1159714440994838.000000)))+((((((((x8aqx0)*6.676675)+-6.550832)+(-0.001402*((x5aqx3)*(x4aqx3))))*((((x4aqx3)aq(x3-0.000000))aq((x3aqx9)aq(x1*x8)))aq(((x7-x9)*(x1*46.182000))+((x0*x4)-(-17.940000-x7)))))*(-517112552173931868015283404456591881043853976864792688652871818662912646388271545142079975829309914728042604052255758216119451648.000000+(2354320031755652562944.000000*(((x3*51439353604627037046905184763785336422109570210713080212445767660037218219188804205344902214276029863726625823150470856704.000000)+-666105390039228449260153934264375714389427962934122223329355401800822784748130819777391628416880023397432557568.000000)+((-51439353604627037046905184763785336422109570210713080212445767660037218219188804205344902214276029863726625823150470856704.000000*x3)+666325565906363496125268573070324714735744433173082378317234210329403929344235314318966350197978595463341801472.000000)))))*0.006320)+((1.545573*((((-2862400954530580660224.000000--2862400954530588000256.000000)aq((7212704510227178328890837827584.000000*x5)+-29688550316133268727971551641600.000000))*19371871866509712716494426764303656620432734499810715378144419399749635275077295071822202177570301166287627496108637945476671578982289912262295552.000000)+(214674335569341826124150906245398927866198864264998160374026679820210193307634750663877003879861061186973081649946678001664.000000+((-8543929242257018586453494018265326586923109102688979126282950033946913923059185682976062125668522700850200129999321694208.000000*(x9+x0))*0.788565))))+((1220865339375.063477*(((29209461840953534293385147992300042962459192767232696057120210015310858633684424661235230232998136391397277696.000000*(x1*x6))+(-10236389521739914851221252425743808870941212638354597860342426292051787678356447447653353285409409404177611751424.000000+(1043662317654234453645477729716649462509268554251108557128548574997115419998089111837605857567002252960375767040.000000*x9)))aq(((x7-x9)*(x1*46.182000))+((x0*x4)-(-17.940000-x7)))))+-54920169384442198060852237729564952811129412028853732051320395198522311710931409624692698336277024992879589661761429569536.000000)))))))
sbp,192_vineyard,ok,2,52,-0.987328,6.089953,557,2013.37,,-314.606727+-0.000000*(((((-1586547563.711575*((-0.000000*((2005542266.552510+(((x0-8.586000)*(x0aqx0))*367632201.882559))aq(((x1-6.835000)aq(x0-x0))*((x0aqx1)+(-726.575974+(x1*81.294986))))))+((((-1.804696*(x0aqx0))+-3163.106165)+(((x0*x0)aq(x1+-10.146000))*0.038441))+(((((-68.701000-16039.803437)aq(-68.461000*x1))aq((x0*-14.672589)+86.691725))*0.109844)+0.188906))))+(-4964836023864.154297+(-149327227.456186*(((19697557.070389*((x1*10008092184.762737)+-45801220355.556908))+-47365104.439429)aq((-64199529796825194496.000000*((-1.089305aqx0)aq(11.984000-x1)))+-7662399760907759616.000000)))))*((((((-0.049851+(0.178674*(0.174869aq(11.984000-x1))))*((0.113405+((x0*x0)*-0.011135))aq(((-600.125548*x1)+7206.940240)*((0.010564*x1)+-0.068523))))*521927.867900)+2073.490029)*((((819.567147*((-146.314281aq(-68.461000*x1))aq((x0+x0)-5.300051)))+706.819369)+(((((x0+10.554000)aq(x1-x1))aq((x0*x0)-(24.468000+x0)))aq(((x0-8.586000)*(x0aqx0))aq((x1*x0)-(x0*x1))))*-25.959043))+(-1476.630313+((((16.127574+(x1*-7.464524))*((x1+x0)*(x0aqx0)))aq(((x1+x0)+(x1*x0))aq((x0aqx1)*(37.302000aqx1))))*-19.789067))))*((8.398808*(((4.087352+((x0*x0)*-0.157192))+((((x0*-5125.168066)+29253.974440)+7.944895)+(x1-24.341000)))aq(((x1-6.835000)aq(x0-x0))*(-61.466816+(151.263850*((x1-0.000000)aq(x0*x0)))))))+((((-2796.997061+(((x0+-42.571000)+-38.412698)*-0.247946))*(((90151295.542824*(x1-x0))+-626179675.863496)aq(825680074611.531738+((-51760.499877*x1)+-825679480293.998779))))*-0.000043)+(((((2137455039303691.250000*(x0aqx0))+-1070570931368532.500000)aq(((-600.125548*x1)+5763.309018)*((x0aqx1)+(39.918000+x0))))*-0.000000)+(-23260.732703+(((0.035626+(0.101903*x1))aq((14.765000*x0)+(x0+-7.912000)))*-2757.156828)))))))+((39096432843.912788*(((-0.000000*((2005542266.552510+(((x0-8.586000)*(x0aqx0))*367632201.882559))aq(((x1-6.835000)aq(x0-x0))*((x0aqx1)+(-726.575974+(x1*81.294986))))))+((((5141.381001+((-40.910618+x0)*124.135673))aq(((x1-6.835000)aq(x0-x0))*((x0aqx1)+(39.918000+x0))))*-0.035994)+440.426027))*(-1966213302.201621+(0.000756*((-127528647903.905060+(6631222187.717776*(x1+x0)))aq(-63046282502950278137905152.000000+(2147512540.026758*(29357818093190156.000000-x0))))))))+((((2584.993530+(34.372951*(((21129347.357981+(7476926.800526*x0))-6.835000)aq((6479611213.761257*(x0aqx1))+-1300119620.915798))))+((((((-5.252000*x0)aq(x0*-21.979000))*72.470700)+536.451050)+((307.043862+((x1aqx1)*-86.738343))*(((-68.701000-x0)aq(-68.461000*x1))aq((x0+x0)-(20.839000-x1)))))*(5.021633+(-26.663488*(((0.000000-x0)aq(-68.461000*x1))aq((x0+x0)-5.300051))))))*920582916350761472.000000)+((50583794245030100992.000000+(((((2478198676106225123328.000000+(x0*-2094483616121532973056.000000))aq((x0*x0)-(24.468000+x0)))*-0.015217)+-8346648012953112576.000000)+(((0.113405+(-0.126007+(x1*0.000027)))aq(((-600.125548*x1)+7206.940240)*((x0aqx1)+(39.918000+x0))))*-1048204297812163468197888.000000)))+(40219752824566390784.000000+(((-2796.997061+(2796.997318+((x1-x0)*-0.000061)))*(((90151295.542824*(x1-x0))+-626179675.863496)aq(825680074611.531738+((-51760.499877*0.000000)+-825679480293.998779))))*375700018423828774912.000000)))))))
sbp,197_cpu_act,ok,21,200,0.976735,3.131411,543,2007.81,,17.085441+0.000000*(((((-0.271307*((((((-43995234828663.492188+(x4*271666465770.835785))-x12)aq(-8319.951565+(0.400066*(x19*51.475366))))*0.000000)+-46.867169)*(((((27094780451656.410156-(18924942720312289525760.000000aqx3))aq(-5759195574.908435+(8343158.697958*x19)))*-0.000000)+-25.079906)+((((-1336902.484841-(273941432.795179aqx3))aq((x2aqx3)+(x18-x1)))*-0.000028)+(-43.561810+(((0.000000-0.000000)aq(x2+-1636.590508))*-0.000210))))))+(((((-0.000025*((-840755.112242+(18887.517038*x4))*((11767302.020634-x12)aq(x2+-2225.202555))))+-909077.981765)+(((((-316417979054.991516*0.000000)+1398639504360119.500000)+(78985556119.003525+(-28960.661935*0.000000)))aq(14580296.045977+(-4207.610981*(x7aqx3))))*-0.032139))*-0.000114)+((0.002733*(((((x7aqx3)*0.011586)*1703.099239)+-122705.119078)*((44725173.015819+((x20*0.000000)*1.003895))aq(14580296.045977+(-4207.610981*(x7aqx3))))))+-33603.104599)))*((135.865431*(((x2+((((-11943293.835000-x12)aq(x2+x20))*-4.042957)+(-2309.271385+(14.061994*(0.000000+x16)))))*0.013309)+(((x9*x6)*0.270744)+11.168384)))+((-0.031235*(x2+((((-11943293.835000-x12)aq(x2+x20))*((0.149656*x2)+-211.615069))+((((x19*x2)*0.005255)+(-6708.161842+(x0*-182.065461)))+(14.061994*(-1332.639911+(x2*0.000000)))))))+((((293.649031+((25747.551270*(x18aqx17))*-1.132199))+(((-25.160702*-1146.048588)+((-2574.549960*x15)+54033.921292))+(((x2aqx3)*6077.138019)+-76405.725968)))*-0.008433)+((-0.033059*((-11943293.835000-x12)aq(32475.225577+(x20*-0.018189))))+(((((x19*x10)*0.250677)+((x10*-34.603828)+-14.968233))*1.190697)+-8860.726963))))))+(((765674735.959289+(((((((-0.158606*x2)+560.952622)+((0.000000*x6)*0.216635))*2.352659)+-11848.999919)*(((((x10-x13)*-27.735700)+-5933.518585)+(-86.398055+((x3*x6)*0.216635)))+((((x16-x10)*(x13+x9))*-0.856974)+(((x19*x10)*0.250677)+(6298.928929+-5663.116395)))))*3.059350))+(((((5.324220+(((-11943293.835000-0.000000)aq(x2+-2225.202555))*-0.000129))*((44725173.015819+((x20*0.000000)*1.003895))aq(14580296.045977+(-4207.610981*(x7aqx3)))))*((-15481.158614*(0.000000*(1172640.676932+(-238.610250*x2))))+-2608.338625))*63.511762)+1001628883.252939))+((10404.028003*((((((-43995234828663.492188+(x4*271666465770.835785))-x12)aq(-8319.951565+(0.400066*(x19*51.475366))))*0.000000)+-46.867169)*((((((x20+x12)-(18924942720312289525760.000000aqx3))aq(-5759195574.908435+(8343158.697958*x19)))*-0.000000)+-25.079906)+((((-1336902.484841-(273941432.795179aqx3))aq((x2aqx3)+(x18-x1)))*-0.000028)+((((-11943293.835000-x12)aq(x2+0.000000))*0.002512)+(-20.817583+((-0.000060*x7)+28.353868)))))))+((((((((-11943293.835000-0.000000)aq(x2+-2225.202555))*-0.000041)+(((x3*x6)*0.002978)+-1.057805))*7.009677)+(((-0.569750+((x19*x8)*0.000000))+(((-11943293.835000-x12)aq(x2+-1636.590508))*-0.000159))+(((-71111782310086.234375aq(x2+-427.342619))*((0.149656*x2)+-211.615069))*-0.000000)))*-427179.533084)+((((((144.365105*0.000000)+245109.181124)aq((0.000000aqx3)+(x18-x1)))*-135.025988)+((1533774.473990*((-6628.000744+(-560.632223*x0))aq(32475.225577+(x20*-0.018189))))+-183154782.526971))+((-0.677896*(((-11943293.835000-x12)aq(x2+-2143.127993))*((0.149656*x2)+-211.615069)))+-207358008.375318)))))))
sbp,201_pol,ok,48,200,0.803363,17.103124,371,2111.73,,-24.945329+-0.000000*(((((((344659172408488287011551393363725670476926158953524519501824.000000+(((((x5+x46)-(x2*x39))*((x4+x5)-(x31aqx36)))*((-81129638414606681695789005144064.000000+(36857655218142687769519097065475278206705405526016.000000*x32))+-8148756860525296025912318605941626914703109259264.000000))*2805064.216294))+((((((x4*1048.117872)+-5310.202774)-(x2-x5))*78498376867745958939088444729849654911187490932124482011136.000000)+-5931135270489233995326255089114682717349275291743394233208274944.000000)+20591091342961510605677989793736985266463224117841172103168.000000))+(((((987732.944712+((-83908971182383719562027518802829993050112.000000*x4)+6566559967445272589754639636986042618216448.000000))aq((203.762000+x6)-(x2-x5)))*-137190931242663844773888.000000)+-81107763981682929807519275241658356308453679334171894349824.000000)+((433773100128201914089767948873717482489420698497746731008.000000+(221434737207717103671110151331395557783808668461957120.000000*((41584.865318+(x4*-429.626005))aq(x3-x4))))*((-8872343969779646464.000000+(3023560077301883758046334889847352953069093185890865114955420532736.000000+((x6+x5)*-11880979921417429409400642645976574928796495174907658898908381184.000000)))*(4925.977018+(-1060.796959+((x30+x8)*-15.581233)))))))aq(23796085006818936.000000+(((-289306997316.178711+((-485.894965+((x18aqx13)*0.004854))*-595361529.489411))+(((0.005274*((x19aqx41)+(x4+x6)))+((0.180699*(x7aqx4))+-1.116957))*((9750927534.074772*(-95.291374-(x31*x22)))+928771875633.182251)))*(((0.595980*(289520715742.665833+(-147116593.686731*(x31-x32))))*-3.095947)+534003136016.877869))))*-0.000000)+((93576667332.369827*(((8539822.390944*(((-85.394318*(x14aq(x3-x4)))+70.671630)*(x4-(-1204.045532+(43.567660*(x14aqx21))))))+((115486964652.094177*(x18aqx13))+(((-26.190952+(0.664639*(x18aqx13)))*-236466137868.937225)+((-378933617147.574158*(x32*x17))+7899598625113.621094))))*(((4804995318.387777+(-0.533260*((-42.988336+(-252488.106778*39031.646459))aq((-51.623754+x6)-(x2-x5)))))*(6009341224.527238+(-0.000000*(((x12*13052983549.529654)+-120294791671.541290)*(-2725390530133.951172aq(x3-x4))))))+((((-30.325054+(12.487165*(x7aqx4)))-((2.143372*(x7-x26))+-697.272919))*-124858690946667216.000000)+(64445090933404672000.000000+(4725491.971313*(((x17*26661587059.175846)+66945302921.744934)+(-110054961202.733109+(x19*40759775788.082169)))))))))+((-12562234326148139008.000000*((1403670703781435408384.000000*((-85.394318*(x14aq(x3-x4)))+(((5.500600*x14)+0.008421)+(-0.006819*(-806.678245*x14)))))+((8579934245942272720896.000000*((-375.574630+(10.757558*x31))-((x20*1.818143)+0.861883)))+(-3296656848136746158784512.000000+((((x4*0.003442)+-1.348316)+((x7aqx4)*1.378168))*126215704900966587301888.000000)))))+((-143065455437667631104.000000*((8579934245942272720896.000000*(((x32+x20)aq(x36-x16))-((x20*1.818143)+0.861883)))+(-3456036282479307667800064.000000+(3465336358621989035835392.000000+(-273094721165426262278144.000000+(x20*7589551045375895273472.000000))))))+((((x2-x4)*(28538161.206288+(-0.000000*(2833791168862072181806191345664.000000aq(x3-x4)))))*3827366961649727371645059573219328.000000)+-165932892373393221970312140550881381208555520.000000))))))
sbp,210_cloud,ok,5,108,-0.216588,1.372999,383,2011.88,,0.411803+1.429658*(((((1.557829*(x2+((-0.417078+(0.853830*((x3*x3)aq(x0+x4))))aq((x0-x1)aq(x1+x0)))))+((-0.078939*((-2.797848*(((x4+-24.494000)aq(x3*-46.065000))*((x4+x2)+(x2-x0))))+((2.114688*(((x4*x1)-1.647344)*-0.549450))+-24.593894)))+(((((((-901.021313-0.000000)aq(0.000000+x2))aq((-44.720000aqx3)+(x3-x3)))aq(((x1+x0)-(x3*x0))*((4.403000--22.205000)aq(x1*x3))))*-0.049630)+(((1.027406aq(x1+x4))*-1.802623)+0.572234))+(((((25.979000-x0)aq(0.000000+x2))aq(206.137918+(x3*-62.254189)))*1.539458)+-0.086195))))*0.218911)+(((((((-134.353532*(((0.000000aqx1)-(x3*x1))aq((x4+39.481000)*(x4+x0))))+-5.962049)+(-0.000010*((((x3-x3)*(x1+x1))-(438924357.389338+(-67746238.835787*x4)))aq((47.365851+(x4*-11.778754))*((26.096000+x4)*(x3+-26.023000))))))+((19.345230+((((x4*x1)-1.647344)*(18.728519+(-8.539381*x1)))*0.181112))+(0.969974*((((25.979000-x0)aq(0.000000+x2))aq(206.137918+(x3*-62.254189)))*(-40.860381+((x3-x2)*28.717063))))))+((3.599973+(3.966106*((((x3-x3)*(x1+x1))-((-21.982000+0.000000)--101.600719))aq((-5291.116387*(x3aqx3))+4571.453758))))+((-0.692795*((((x3-x3)*(x1+x1))-((-21.982000+0.000000)--101.600719))aq((-5291.116387*(x3aqx3))+((x3*1300.984924)+1877.324284))))+(3.171726+((((-226070.309571-x0)aq(0.000000+x2))aq(206.137918+(x3*-62.254189)))*0.001152)))))*-0.015511)+((-0.000000*((68.894042+(((x1*x0)*(x2aq37.158000))*1821.052881))*((-38.160158+((-114851925108.196564+(135930069678.684860*(x1aqx1)))*((x0-x1)-(x4aqx2))))*((((x1*x1)+(-9.288792-x2))+((1.101920+(x1*-9.395312))*(-10.893000aqx1)))aq((((x3*x0)*514792742.080438)+-454463032.504223)+((-7.993000+x2)-(x4aqx3)))))))+(-0.188678+(63857.763450*((-0.001219+(((x4*x1)-(x2+1.474075))*-0.001423))aq(((-99.829393+(x4*78.949383))+(x4*-11.778754))*((26.096000+x4)*(x3+-26.023000))))))))))
sbp,215_2dplanes,ok,10,200,0.87748,1.144576,465,2031.82,,49315.104882+-0.000218*((((-16538.508127+((((7063.941869+(((-3.900855+(-1.343049*x0))*((0.000000+x4)-(x5-0.000000)))*-0.075448))+(-0.000001*(x0*(681338.911547+((0.240000aqx4)*-3833549.556119)))))+(-0.000033*((x0*(((x6+x2)*-0.798185)+0.009538))*(-6625.931883+(((0.000000+x4)-(x5-0.000000))*18698.917900)))))*0.179274))*((0.460170*((x5+x0)+(x1+x0)))+((((x0*x2)+(x4+((((x4*x0)aq(x4+x1))*-1.800956)+(((x0*x5)*-0.788562)+((0.662938*x2)+1413.252575)))))*0.368786)+((-0.029392*(((-5.997174*(-86641.538895+(0.903273*x3)))+-3.552081)+(((x0*x1)*-7.076973)+((5.977102*(x0*x6))+3.430691))))+(((((x6*-2.820735)+((1.660389*x5)+0.134821))*-0.054036)+0.118838)+((-0.028249*((0.639452+(x0*-5.835669))*(0.103139+(0.903273*x3))))+(-0.049327+((-0.078925*(x0*x2))+0.026128))))))))+((((-180.581336+(((x0*(((x6+x2)*-0.798185)+0.009538))*(-6625.931883+(((x7*336854107.564860)+-8421352.689112)*((x3*-1606790010841872896.000000)+1196075921598514176.000000))))*-0.000000))+(-86768013.450431*((((((x4+x2)*-134.427262)+85.708518)*(((x8*29.380802)+-1.836299)*(0.103139+(0.903273*x3))))*0.000000)+((0.000001*(((-11.691427*x2)+-1.588855)*((0.480124+x4)-(x5-0.000000))))+(0.000002+(0.000041*(-0.140253*(x6+x9))))))))+((((((((x4+x2)*-134.427262)+((x4*2269962.235197)+-89503.805376))*((-0.247832+(x5*2.560324))*(0.103139+(0.903273*x3))))*0.000000)+(0.425750+(0.000000*(((x8*965.088571)+-1174.724219)*(79479.292349+(x8*85865.116905))))))+((((177093735561.326721*(29.279896*(x5+x0)))+-1977228944116.327637)*((((x4+x2)*-134.427262)+85.708518)*(((x8*29.380802)+-1.836300)*(-0.103139+(0.903273*x3)))))*-0.000000))*-1730.247365))+((1.096497*((((-320.591295*((-1.293897+(x5*1.831912))*((0.163955+-0.042323)+(0.903273*x3))))+-942543.590723)+(-119.023624*((((-11.691427*x2)+1.526174)*((x9*-4.041354)+-0.682436))*(0.121093+((x0+x4)*0.091420)))))+(-8100.938922*((-174.543070+(-0.131774*((x1*x6)*(x5*x7))))+((((x8*965.088571)+-1174.724219)*((0.000000+x4)-(x5-0.000000)))*-0.000043)))))+(((150.816675+(496.956126*((0.428195+(-1.292881*(x0*x1)))*(-0.103128+(0.903273*x3)))))+((((0.704762+((x0*-5.819093)*4.023444))*(0.000003+((x9*x9)*-0.000003)))*((((x4*x0)-(x0aqx8))*-0.157577)+0.110957))*-71844954.442938))+(192.414648+(-0.000120*((((x4+x2)*-134.427262)+85.708518)*((-0.000302+(82285.951852*(x1*x6)))*(((-0.000042*1439.252862)+-0.042323)+(0.903273*x3)))))))))))
sbp,218_house_8L,ok,8,200,-5677.244874,3634196.385917,445,2016.26,,-105901.490313+-38367.546618*(((-136417.797791*((((((((x5-x4)aq(x7*x7))*((x4*-251305.777000)-(x3aqx2)))+(-1416110.845107+(-6.027225*((-101687.483000-x5)aq(x0*x1)))))+((((x3-x1)+(x5*x4))+((x5--303039.636000)-(x1*x2)))+((5700.152899+((0.000000*x0)*-0.000010))*((x1+x7)*(x1*x5)))))+(((((x2aqx7)aq(x4+x1))*((x6+x3)+(x2+x4)))*(((x7*x1)aq(-386478.047000*-12974.885000))-((x6*x5)-(x4-240861.511000))))-((-554095.827628*(((x2*x1)aq(x6*x7))*-51.028027))+269903.924256)))*-0.000000)+((((-0.000000+(0.000000*(((-477826722000928505856.000000*x2)+324094420513989984256.000000)aq(x0*x1))))+((-52069806618966.992188*((1.636477+(x2*-3.886686))*(-0.270292-(0.000000+x3))))+98345517061158.734375))*((((-1.000000*x0)--246971.314000)aq(4369382319.567348+(((27480715619806.851562-x6)aq(x1*x0))*0.001077)))aq(x0*(-3066584429092.296875+(1152974464567940.750000*((x5+x6)aq(x0-x7)))))))+(((((((x2aq91438.876000)aq(x7+x3))*-2.241277)+0.000014)*((x2aq91438.876000)aq(x7+x3)))*-738090.133702)+(0.000017+(0.000000*((-48.286842+(0.007664*0.000000))*(((0.000000-x6)*(x7+x1))aq((x7*x6)-(x1aq-66487.534000))))))))))+(((0.342497+(((((276808621720833724032544232496438841973827490319291574648832.000000+((x1*-501794317110556793693088227890575881994290024460562169168077296983094113337344.000000)+2011974103263671802486220097303234488670014018599953586615307005042182062080.000000))+30159986196543625139477638077436638756077568.000000)aq(((42617211426.716614*(x1aqx0))+-4369684841.737722)+(((27480715619806.851562-x6)aq(x1*x0))*0.001077)))aq((((x4-0.000000)*(x7+x1))*189522539195594112.000000)+-556496554885497.000000))*0.000000))+((-0.714914+(((((0.000000*643515389292053618115823150067268766648891227151517987385735380460195032111675005270934475476503079042819293184.000000)+-12388002616376494378700911631348826802197889024.000000)+(x4*-1851799624137297367789642888293228224961339981824.000000))*((x1*x5)aq(x2+x0)))*-0.000000))+(-0.000000*(((-23.803585*((-166.254601-(x7+x0))*(-0.810480+(x1*80.469270))))+297299.606287)*((((165.649760-(x7+x0))*((x1+x2)-(0.000000+x3)))*-325.694561)+((8701.854942*((x0aqx2)*(x1*x5)))+(((x1*x5)*-18066289.073511)+56542.824554)))))))+(((-0.135868+(4890148309742926168064.000000*(((48632272351510029221756928.000000*(x7*x1))+263622922515696416980992.000000)aq((((x1+x7)*(x1*x5))*76211109094300351226859789124942841519006992564224.000000)+-26688405044220346320264632360619376050364743680.000000))))+(((((-1.000000*x0)--246971.314000)aq(4369382319.567348+(((27480715619806.851562-x6)aq(x1*x0))*((x0*524571636.198398)+-242300301657.770386))))*-96777849315165904.000000)+0.028657))+(((((((-1.000000*(0.000000+x0))+-166.752018)-(0.000000+(1.719942*(-0.581415*x0))))*-7923171562873174964446429184.000000)*0.000000)+-97946283021464.703125)+((-0.030144+(((160.595223-(0.000000+x0))*(743154.139358+(-1220920.967294*x3)))*0.000000))+(-0.004203+(3863.377013*(((0.028229*(x6+x3))+-0.185987)aq((2155.800623+(x0*-0.994338))-x7))))))))))
sbp,225_puma8NH,ok,8,200,0.323006,4.690005,497,2007.19,,-7.606681+0.033133*((((((((((((956610.573326aqx2)*59732538481665161356640256.000000)+-34157853361405766130360716886016.000000)*((0.146624+(-0.504382*x2))*(x1*x4)))+((-1792964479818969883112347009024.000000*(x1*x4))+-525165817417112729423785754624.000000))aq((x1+x1)-((((-473852693.584360*0.000000)*-220506429042957604499772645756277763476553728.000000)+15904455899147097851292659932760905680905088276627456.000000)+-108008348903065215873373347199516074261606376455274496.000000)))*-0.000000)+((0.011531*((((0.146624+(0.000000*0.000000))*(x1*x4))*(((-0.310979aqx2)*50674303.071252)+11046866.706227))*-0.000014))+(2.305871+(((0.425920+(-0.000471*(x7*-8119.545335)))*(((0.000000aqx2)*50674303.071252)+11046866.706227))*0.000000))))+89.934716)*(((((-1.603828*((x2aq((x1+x1)-x6))+((-0.733909*(x1*x1))+0.941230)))+-9.915017)*(((4.247634*(x1aqx2))+-0.212095)-((((x1+-6.181000)-(x3aq4.464000))*1.498722)+((-0.088799+((0.000000+x7)*0.603577))+(-1.051673*((x4aqx2)aq(x1*-6.831000)))))))*-0.061918)+((0.535669*((((17.726407*(x1aqx2))+((-8.123425*(1.572654*x1))+(-1.396767+(x3*-0.727093))))*0.131290)+(((((x1aqx4)+(x6+0.000000))aq((x6aqx7)+(x3+x1)))*-0.445047)+((((x1*x1)aq(x6aqx6))*0.426456)+-3.829839))))+((-0.000018*(((17.726407*(x1aqx2))+((-8.123425*(x1*x1))+8.114999))*((((x2aqx0)aq(x3-x1))*-1587.039873)+343.068757)))+((-0.044131+(-0.176855*((1.488121+(x7*8.549026))*(x2*x6))))+((((-0.203403+(-0.080991*x0))+((0.000000*x6)*-0.306855))+(((x7+x1)+(0.000000aqx6))*0.091031))+(-3.948081+(((0.880135aqx6)*3.011205)*((x1*0.017923)+1.495068)))))))))+((((0.000846*((-1.026123*(((-1.055642+(x1*1.457541))*(x1*x1))*(((x1*x1)*2984.511700)+-6385.634116)))+((2110403.622159+(-37905.975223*(x1*x6)))+(((0.146624+(-0.504382*x2))*(x1*x4))*-29083.043390))))+-1700.742536)+((((-0.000000*(((-1.055642+-233271068592.073090)*(x1*x1))*(-372503367891.626831+((x4aqx2)*721413686714.468384))))+0.000000)*(x2aq((x1+((28417539.798796*(x1*0.000000))+-7232151.625071))-((-0.072433*((0.000000*x3)+-4855811516.144865))+(((x7*x4)*-63549819889.358177)+-13028369103.201630)))))*18.276740))+((2215.589049*(((((17.726407*(x1aqx2))+((-8.123425*(x1*x1))+((x1*-12.711278)+9.559839)))*(-3.400850+((x7*x4)*((75594064.663527*x6)+-18237855.673648))))*0.000000)+((-0.056751+(((x2aqx0)aq(x3-x1))*0.009983))+(-34709353211146797056.000000*(((0.000000+(0.000000*x2))*x4)*(11475.572976+(x6*-50366.448180)))))))+((-1.467968+((((-105416302053052332140529635592021083103385598465933312.000000*((-0.100639*x5)+-133278.839660))+-14049752352646255514171222734872786924570153152897433468928.000000)-(((-46.075800+(-0.546929*x5))*-19397406026487988085541576925912421837142180136747008.000000)+-883684757141555349219766385230326660728418730587979776.000000))*-0.000000))+((((-45557.772703*((8044691.234227+(-8819106.803132*x2))*(x1*4.301268)))+(((x1aqx2)*1824070850578.425781)+50646542586.603546))aq((x1+((28417539.798796*(0.000000*x1))+-7232151.625071))-((((x2+1.056866)-(x1*x1))*5833886915.793210)+-6880570931.601090)))*0.003856))))))
sbp,227_cpu_small,ok,12,200,0.863105,7.59386,421,2014.6,,471498106.481708+-0.000000*((((((((-0.616048+(((x5+x2)aq(x2+x11))*-39.104633))-x5)*97902.015679)+((-0.000000*((194578278682.160034+((x4aqx8)*-65878666826712.531250))+((-185657797.327789*((x10aqx6)-(x2+x2)))+(((x1*x3)*8296310.724034)+(-11071107252967.605469+19639758288788.835938)))))+((0.000000*(((-12028289.749000-x10)-((x7*87156954145048868481522113304794372670608059708473344.000000)+-33711135726038077560122769408.000000))aq(-173.931354+(x4*1.860626))))+(((((x1*x3)aq(x1+x1))*-396.043475)+41005.458155)+(0.009390*(((-12028289.749000-x10)--62514689.869174)aq(-173.931354+(x4*1.860626))))))))*((-0.000000*(((27833203664891521861502818558796405504350705001805667180216320.000000+((-14673219718548382.000000*(x8aqx8))*1896870911448288700817063067885283229810294784.000000))*133666194056815140929536.000000)+(((-14673219718548382.000000*(x8aqx8))*-253547516643313821243824062023631791850265054616967796702244551786496.000000)+(-6730186281949740760520790705236217633120595652944495565586281589392626859137380122624.000000+(-3024.924830*-995009142288873986645912602898696689433831700989897240464084023731435221228191744.000000)))))+(((((((5088545.619000aq-2096006.069000)aq(x3+x1))*(-2515856.712645+(x11*x7)))*((0.000000*(x9*263.690629))+-0.000005))+(-1740.960285+(((x3aqx8)*(x7-x10))*1.733969)))*-546283575070300154501928142766080.000000)+(299356368699670755472292109070784004096.000000+(96396066417499246933280631478550528.000000*(((-12028289.749000-0.000000)-(-952224535.026780aqx5))aq(117808593.941555+(-26335.788513*x2))))))))*-7255980740996914000153638539339310473325423790518635069440.000000)+((((0.000000+(719959801.189551*(((-27802305401508124924259538852172060419437577109504.000000*((x3aqx8)*(x7-217951.318392)))+-370279066721181437599296152023560580809016869912576.000000)aq(-2892390251017091197880353698371788334317764251484160.000000+((-134376724236269828348180117878358490970455398481395712.000000*(x7-x10))*5333124620800365513196741477095000667971244785664.000000)))))*(((((2853192067310276197257150055174523272200326943954356404224.000000*((x3aqx8)*(x7-217951.318392)))+144867545513872222223654662461088276019234516170023874068480.000000)aq(-2892390251017091197880353698371788334317764251484160.000000+(((x3aqx8)*(x7-x10))*5333124620800365513196741477095000667971244785664.000000)))*-0.000000)+(0.000000+(((3483533186504.230469+((x2aqx6)*22.749416))+(((x2aqx5)*-13.578329)+(-3959229439968.116699+(-0.062796*x8))))*-0.000000))))*796154862345388197116851919446708708654651856863227212852746906336156420067594717746420579821367723872487059258786786931648338099812526018251152875239915954878328889623744541097984.000000)+((((((((639996839804423734954924944695791803086116428061133323808937607487619591796354194769427828628776982612942678258595247124809666002944.000000*(x4aqx8))+1059515616799161189984451848980941742534544531495123053498033411238224709588018432984688101369417618142755742662691441949898318501711446016.000000)+-1059504146193892385561351738767424822077520356585625839788073447720014446775786956550749253699125291583694143116717025886039737299973963776.000000)+(-11470605268802955454183410215358758054489259347886698349835171913305324493443712594203125564225705103010084021078275093301818789199872.000000+(((x4aqx8)*-639996841650707101699086501044119727924525626006810104489220780344780208918551718758091981579760882249305591619424617230154346790912.000000)+((x6*4344416867689137928149811516782040776651190935294416310250334214745921967434642020296812096604872225518622425160938946560.000000)+-2706268603637272297255950731483429710524639453492987019980762925083759105277000418207001265957521061473094845142092742656.000000))))*0.000000)+11177174311472001134157932323821220076529913324238172957737746858787242819574588194717816063529058304.000000)+(((((-176947983666067374225635381746617182267226099463735508964679578812416.000000+((x7-x10)*5144779518321163918945481107928415709459153320546083723190206464.000000))+(353895967290494545862633264378350538286237572944774447870947411099648.000000+(-8739456211345287760170290622075620596045505929417394435034972160.000000*(x7-x10))))+144867545513872222223654662461088276019234516170023874068480.000000)aq((((0.000078+(x8*-0.000000))*1086207690555740934434768219503193388055843006874929831776237406894434885304320.000000)+(32877030873223725684777081878839513516416318148615551295034824661840878311560517740748708026849945307454636032.000000+(375364561352478548296334004701211321677733379235987065505647608762783683483041075161643322462972653076480.000000*(x9*x2))))+(((9003021145360966281965788174137676080847533289385180004352.000000*(x11aqx2))+-15508677799733022973748758932557627149121930314309570045935616.000000)*5333124620800365513196741477095000667971244785664.000000)))*-437241803477310737355118503701109003607856405046489540331440207845776530295482712176557191267922590976569196507739259290941099116691852361728.000000))+((((((90533045.926359+(-14451769488.981356*(x4aqx8)))*(((0.000000*x10)+-0.000000)*x6))*144333904236918224827037011573168189205920747672207444511871701525095542501621132147899403322026667430583183951299854197846851848165654528.000000)+((((639996839804423734954924944695791803086116428061133323808937607487619591796354194769427828628776982612942678258595247124809666002944.000000*(0.000000aqx8))+((14916001820518456051709285905828135507678637745930169130709547902481773131400874653360909337200851024552038348944252055060480.000000*0.000000)+-1059527094181836573024868348721780931532556334900637382605233843803662215503193834257933591265477767273296910146043338427440240753532469248.000000))+-1059504146193892385561351738767424822077520356585625839788073447720014446775786956550749253699125291583694143116717025886039737299973963776.000000)+(-19152008394484629319658500539789480660372976426992518823936.000000*((-7539734392466809445349577770670761376468368875142576339023037546527021139492864.000000+(x11*5464915188392285289513172928139233472381812962056390025079313561037045760.000000))aq(117808593.941555+(-26335.788513*x2))))))*-0.000000)+((((((0.000000*x10)+-0.000000)*x6)*-133079866191675130331744883002755204854889739514507607400834604872579904395693507231603699798949642877122137563332608.000000)+(((((0.000000-x10)-(0.000000aqx5))aq(-173.931354+(x4*1.860626)))*-622230787976461844780854734975282967441018847765265720958380183184653651559421024337456436931985408.000000)+174747633583779076742727793281141227310876468246225999089401763990147826077917852804322045806376667578368.000000))+((((3483533186504.230469+((x2aqx6)*22.749416))+(-3483533186504.230957+(-22.749416*(x2aqx6))))*254697676838920558185633842180112010140911091557371087616382861846201997224690944066749712493940886732800.000000)+174884152781306907292983702531437772033625858872247402627750644006978965646839974516699197979140953210880.000000)))))))
sbp,228_elusage,ok,2,55,0.25219,14.087565,391,2008.27,,-11482.086600+-1.281230*(((-0.024792*(((((2431824.077860+(x1*-265715.847894))aq(-2709758.722292+(14298.180025*((x0aqx1)*(x1+x0)))))*-53.874461)+-4614.760303)+(((-0.018638*((-44.910000+x0)*(x0+-115.681000)))+((-0.000703*((((x0+0.000000)*(0.000000-0.000000))aq((x1+38.287000)-(x0*x1)))-((-1572329.404274+(0.000000aq174.775000))+((0.000000+0.000000)+(x1+0.000000)))))+(46.890732+(0.019597*(((x0*x1)+(0.000000aqx1))aq((x1-x0)+(273.434000aqx1)))))))*((0.002367*((2837.022431+(((0.000000+0.000000)aq(-20.757000+x0))*290.529731))+(x0aqx1)))+-54.967247))))+(((((1311.391462+(((-54129771036867.617188+((x1*x1)*984644583805.821411))aq((-18171527683.424580+(515525440.020787*x0))-(x0*x1)))*0.000027))+((((((x1aqx0)aq(x0*-56.128000))*-345343.712253)+5.529578)aq(-332230753550125694976.000000+(13072996648150823656751104.000000*((x1aqx0)aq(x0*-56.128000)))))*19906192907111882752.000000))+(((((-4582835051813996068864.000000+((x1aqx1)*-6296023216963019776.000000))aq((-108210219364788208.000000+214967695819073024.000000)+(8012368606924724240384.000000+559035702687518080.000000)))*(0.444079+(0.000646*((0.000000+x1)aq(x1*x1)))))+326.816018)+(((2431824.077860+(x1*-265715.847894))aq(-2709758.722292+(14298.180025*((x0aqx1)*55.024699))))*0.061386)))+(((0.001369*((2431824.077860+(x1*-265715.847894))aq(840.440612+(((x1aqx0)*681160.755340)+-17187.029497))))+190.078680)+(-803.457593*((-0.000000*((7711595294923732992.000000*x0)+(-423787220251940552704.000000+(5727553007950226.000000*(x0*-1346.403130)))))+(-72055554403406.250000+(-1578075104.969697*(-15865.809307+(-20735.513154*0.234848))))))))+(((((((161794188169493610496.000000+((x0aqx0)*-161736110867772047360.000000))*((-539494522.060449aqx1)*((930908.427873*x0)+-45500873.250218)))+-54875288757.483910)aq(-2709758.722292+(14298.180025*((x0aqx1)*((x1*4.091786)+-1.186901)))))*(((((-1687816.285492+-66545581238972376.000000)aq((x1*-9092345740070946.000000)+55960071531704552.000000))*0.000000)+0.000000)+(((7711595294923732992.000000*x0)+((5727553007950226.000000*(x0*-1346.403130))+(-19138.673285+(321.160308*x0))))*0.000000)))*-0.000000)+(((0.119583*((2431824.077860+(((x0*x1)*-50619.462917)+18538221.890889))aq(-2709758.722292+(14298.180025*((x0aqx1)*55.024699)))))+(-1962.175058+(((9175.367588*((x1aqx0)aq(x0*-56.128000)))+-0.843478)+((((0.000000*x1)+(x0aqx1))aq((x1-x0)+(273.434000aqx1)))*-0.545055))))+(-1961.722601+(-0.356854*((((-7153389561938857.000000aq(270.077000*x1))*3213060127202478.000000)+524621509660466365890138472448.000000)aq(((x0*x1)*-31242333367678440516572151808.000000)+15264546981732952349370335887360.000000)))))))))
sbp,229_pwLinear,ok,10,200,0.774434,1.769009,349,2079.12,,74.454959+-0.046991*((((((((((x5+-2.124000)+(x6*x0))+(((-38.217349+(x9*1.352498))+x1)-(x3*x5)))*((((x5*x9)+(x3aqx1))*3.413771)+-60.125232))*(0.986310+((x0*(43.592749+(70.122457*(-0.738000aqx1))))*(0.005227+(-0.004972*((x6+x2)aq(x1-x4)))))))*0.003702)+6.084358)*((((x4+(-1.393000+x1))-((((2.697000*x0)-(x6-x1))*0.471553)+(0.070987+(0.556205*((x0*x1)-(x5aqx4))))))*-2.942306)+(((x0*((0.835765*(x2-x5))+0.249106))*1.547563)+((0.804122+(-0.305017*((1.795774*((x1+0.000000)-19.012466))+((4.332023*(x4*x0))+1.334190))))+(4.117435+(0.434648*(((x2*-3.512988)+-9.631782)-((1.257348*(x6*x0))+0.051333))))))))+((131244714750.231140+(1.209734*(((((((x3*-1.345173)+26.070616)+(-33.391644aqx1))*-0.874493)+-142716695481.544128)+(-131375.295552*((((x6*x0)*-0.000041)+0.000007)*((0.539607+(-1.076373*x1))-x5))))*(0.760181+(((((14535931894.455994*x9)+2323294208.576105)+(1.205661*(21231639773.145927*x5)))*((0.000000*(x2*x2))+-0.000000))*-0.000000)))))+((((-0.000001*(((-32.869932*x0)+-3.396787)*(((1.171325+(x2*-6.438914))+-2.756516)*((-1.173390+(-1.076373*x1))-x5))))+(((((39.900465*(x6+x5))+-2.405037)*(x2-x5))*0.000007)+0.037666))*(0.037499+(0.000000*((((14535931894.455994*x9)+(-2323294208.576108+(0.000000*x9)))+(1.205661*(21231639773.145927*x5)))*((((0.000000+-2.124000)+(x6*x0))+((0.000000+x1)--2.488377))*(-11.682963+((-5.632438+x2)*-1.996266)))))))*(((((-32.869932*x0)+(-35457.686332+((-90.394610+(x7*-0.185262))*-392.663444)))*(((6.415139*x2)+(-0.601434+(-6.415101*(x2-0.093750))))*((((x6aqx4)+(x1+x5))*-386191290311.255432)+-34887204210.938828)))*0.000003)+(483164.923000+(((-154865626800138.500000+(((x3*-0.000000)+11.682963)*13255680272096.830078))*((-1088503495.716408+(x9*-4867266028.332283))*(-11.682963+((-5.632438+x2)*-1.996266))))*0.000000)))))))
sbp,230_machine_cpu,ok,6,200,0.92932,51.488397,427,2013.32,,13731027.815798+0.012080*(((((-303036.014792+(((((((x2+x5)+(x5aqx3))*((x5*x3)+(x1+x1)))*0.419547)*24.654818)+((-10.343848*(((x2+x5)+(x5aqx3))*((x5*x3)+(x1+x1))))+0.000000))*-2331891928.771949))+((((x1-296647.423000)+((-0.003383*(((x3+x5)-(x4aqx0))*((x1-x2)-(3620.393000aqx2))))+(178.931964+(2592890515137.260254*((x3aqx2)aq(285599.854000*x0))))))*((((((x1*11663684994689146.000000)+4985519251776129204224.000000)*((x5*x2)+(x3*x2)))*0.000000)+0.000000)+41722.383065))*0.000011))+((((0.046205*(((1310.876662*(-484276.081284+(x3-0.000000)))+-317042588.219773)+((((x3*x3)-(x1*x5))*-1.025709)+3547.031333)))+658.743349)+(-0.327490*((-7026.071413+((((x2+x5)+-12485.701315)*((x5*x3)+(x1+x1)))*-0.000039))-((x4+x2)+(-2938.801835+((0.793013+(-0.000000*x2))*((x5aqx0)aq(x0+x2))))))))*0.267021))+((-0.157235*((-7026.071413+((((x2+x5)+(x5aqx3))*((x5*x3)+(x1+x1)))*-0.000039))-((((0.000000*(((x3aqx0)*(x5*-210210.038000))*((x2-151827.668000)+(-126057.965000-x4))))+-361.430942)+x2)+(((((x5aqx2)*(x4aqx0))*((x3*128072.512000)aq(x4+x5)))*44.986634)+((((x4+x2)aq(x5-x3))*-0.751474)+((-0.010082*((x3*128072.512000)aq(x4+x5)))+2717.651703))))))+((((((((-10.817082*x0)+2776.187974)+((x5*143.672625)+-7289.087822))*-0.154700)+-374823078.846569)+(-0.020694*((((-41667.044363*x5)+358732.745929)aq((-0.493084*x2)+11848.614815))*(((x3+x5)*0.464493)+-24.049630))))+(((-972.817963+(((-2.619201*(753876885.954158aqx4))+(1184139951.428035+(x1*-125056.012206)))*-0.000001))+(-0.000000*((((242368946.540013*x1)+-167596455352.934937)aqx4)-(80326385002.678711+((x0*-486618235.614512)+-117005561078311104.000000)))))+((((x3aqx4)-(x2+((-0.999851*x2)+4.575103)))*((((0.000000aqx4)*-0.000000)+-1.893854)-((-2.619201*(753876885.954158aqx4))+((x4*-43070913.160197)+1154543556.969566))))*0.000000)))+((((-0.000000*(((-1593730182919.814209*x4)+7767140057061.653320)aq((x4*x3)*(x2-x1))))+(-690295922.784835+(((10423241438.953363+(-1011284.749555*x2))aqx4)*0.000000)))*1.358555)+((0.111005*((((x3aqx2)aq(285599.854000*x0))*5059893180287.077148)+(((x1aqx2)*-5420.161195)+1337.498909)))+((-552827788747014464.000000*(((-18.581250*x5)+(0.000000+(18.581250*x5)))aq((-0.493084*x2)+11848.614815)))+562982084.078986)))))))
sbp,294_satellite_image,ok,36,200,-64.219223,6.972433,429,2030.58,,-4.008047+-0.000012*(((((0.002403*(((-4077.089014*(((x8+x35)aq(x22-x24))aq(((242.600484*x9)+-17043.510122)-(x32+x12))))+257.619944)*(x35+(313.943070+((174.735000aqx18)*-86.393250)))))+((((151096226.695618+((-0.135296*((-33.464596+x35)aq(x22-x24)))*69020100.742533))+(((((-33.464596+x35)aq(x22-x24))*-0.076376)+1.235804)*1.032904))*0.000000)+((0.000000*(((-51018188366052.835938+((x34-x26)*-19785867747573.269531))aq(x22-x24))aq(((x9*-238.904058)+(-13767.873455+(455.501951*x9)))-(x32+x12))))+((-122.030774*(((x8+x35)aq(x22-x24))aq(((x11*2850.372364)+-193602.266257)-(x32+x12))))+((-0.914978+(((x8+x35)aq(x22-80.883600))*-0.147859))+((((x22*1.755695)+-177.720273)*((x11*-135733660.964563)+10280951250.635710))*0.000000))))))*2356.168659)+((((((((x8+x35)aq((x27*1377.008243)+-90800.741692))aq(((-241.827989*x9)+17223.059310)-(14354.707722+((-19771656169338607501312.000000*x9)*0.000000))))*26738879.979570)+-216182.545174)+((((74452730059700288.000000+(-15042297271791826.000000*((x8+0.000000)aq(x22-80.883600))))aq(((-249.752399*x9)+18296.664435)-(x32+x12)))*(0.000000+(-0.000000*((0.000000+x33)aq(x8-56.118750)))))*6.163559))+(0.000002*(((((16265.212228*(x20-x1))+351892.208273)*(((x15+-55287.535138)aq(x8-x2))*317.124751))+((255523369776.232025*((x20-x1)*0.059226))+338566502967.986511))aq(x8-x2))))+((-1529728.178994*(((((550180.911174*((0.000000+x33)aq(x8-x2)))+-1543034.435344)*(((-1891649608896467722292953088.000000+29469344974973.300781)aq((15262557302.922615*x32)+-1019481984613.043945))*(((x13-x3)*0.000000)+-0.000000)))*41063665903912.281250)+(((-0.051069+((-0.050455+(0.000761*x22))*0.000508))+((-0.055840*((x8+0.000000)aq(x22-0.000000)))+0.084833))+(((((0.000000aqx6)-(x2-x22))*((x18*x0)aq(x3*x4)))*(((x29*x6)aq(x9-x0))*((x23+x26)aq(x1-x31))))*-0.000000))))+((-366168.167776+(-3359050284971.904785*(((-4231878.948057+((x8-x2)*-79885.814150))+(-11014327071401022426268483617356674240442561025750072113404896608256.000000+((x9-x0)*666573609590918242617598612599298715332827759731630817726299111424.000000)))*(((-0.000000*(x8-x2))+-0.000000)*(((x13-x3)*0.000000)+-0.000000)))))+(((((((-2.311810*x26)+804.463422)+((174.735000aqx18)*-86.393250))*0.000283)+0.199908)+(((-4644210393205.668945+((x11*-135733660.964563)*-621.401802))aq((-15289.377767+(x9*225.653177))-(x32+x12)))*-0.000000))*((0.000022*((-4252956524015.541016+((x31*0.000000)*6612653061782167552.000000))aq((x27*1377.008243)+-90800.741692)))+(-1154943.792228+(821814065582.389893*((-1891649608896467722292953088.000000+29469344974973.300781)aq((x26*-91413289070089819769579257662013440.000000)+10273436213606538362294747938731065344.000000)))))))))))
sbp,344_mv,ok,10,200,0.996584,0.500652,407,2009.0,,7373.393355+-0.000000*((((((15649423.295243*(6675409554454.112305+((-1256365635.477986+(2290.038160*((0.000000-x5)*(x3aqx7))))*5313.363123)))+15799004981533.500000)+2644514799999556517888.000000)*(((-0.914166+((((-632.365592*((x7-x5)*(x3aqx7)))+7699.370590)aq(((-4662.274000*x7)-(x8*x7))-((x0aqx6)aq(x9-x6))))*0.000146))+((-1.791886*(((-1.075474*((x3-x5)+(x5*x7)))+2068.711547)+((0.845238*(x3+x0))+(2068.277054+((x3*x0)*-0.058682)))))+(((2069.674664+(((0.000000+x0)aq(x5+x1))*((-4.128149*x0)+7.228269)))*-0.258405)+-1580.955450)))*(((-315.483554*((1.421501+(-64.896403*(x7*x3)))*x0))+576775936.234164)+((-0.602973*(x3*((((x0-0.000000)aq(x3*186.037000))*10459042.215125)+-21524.920619)))+((-4.669278*((572.913912aq(x5+0.000000))*(((x5*x3)*-10.307084)+-144.440120)))+(576610197.761182+(-48.165101*((-4416.834175+(x3*-697.330169))*x7))))))))+((-17788053342406811898971552486264980635648.000000*(((-0.009072*(((-632.365592*(0.671464+(-4.216669*x3)))+7699.370590)aq(((-4662.274000*x7)-(x8*x7))-(((x5*53749475.202661)+-277456709.544628)aq(x9-x6)))))+(((((x5*x3)*-10.307084)+(58.685595+((x5*-62.055623)+0.108541)))*-0.000004)+(((0.000000+(-0.000000*(x7*x0)))*1127895770864151680.000000)+((-0.000000*((-272002913.833772aqx6)aq(x9-x6)))+(-2512734996.781362+((x5+x0)*0.000023))))))*(((((572.913912aq(x5+0.000000))*(6429154701453.917969+((x3-x5)*3844407931742.146484)))*(-0.000000+(x4*0.000000)))*0.000000)+((((((x5*x3)*-10.307084)+((-62.053955*x5)+58.811042))*(((x7*x3)*80545440024688561487872.000000)+21781233295696941023232.000000))*0.000000)+((0.000000*((x5*x3)*((x3*60.654124)+415.891882)))+(((x2aqx3)*0.000000)+0.000000))))))+((((((5896801533.009858*((-3808483542841.101562+(x5*-3595983522121.600098))aq(x5+0.000000)))+((((x3aqx6)*-1418.658401)*-7363488310614061056.000000)+-10789526043353999627780096.000000))+(0.000000*((9153020749476986809301885517824.000000+(x0*-6916384999072576368891702280192.000000))*((x7-0.000000)*(x3aqx7)))))+((((572.913912aq(x5+0.000000))*(6429154701453.917969+((x3-x5)*3844407931742.146484)))*(((x7*x0)*-0.000000)+0.000000))*4481527670570621218062336.000000))*-34492177.240097)+((((-2165786.219114+(381644.089441*((x0-0.000000)-(x3*x0))))*x0)*-31994433103433689989120.000000)+((0.000000*(((572.913912aq(x5+0.000000))*(6429154701453.917969+((x3-x5)*3844407931742.146484)))*((((-678594308516790675462047137792.000000*x0)+169996760279759923115483725824.000000)*0.000000)+-0.000000)))+-4074447755330225094159599723428694326247424.000000))))))
sbp,4544_GeographicalOriginalofMusic,ok,117,200,0.608476,0.523018,375,2027.24,,-398372.584152+-0.003373*(((((((0.109391*((((x74-x44)*2.608956)+-0.395693)-(((4.722996*x73)+-10.250638)+(-3.204230*(1012503.120478+22.569027)))))+-18.825321)+((((((951.744592-x44)*2.608956)+-0.395693)-(1.009186+(-3.204230*(1642.850131+(x41+x101)))))-(0.023409+(((x14aqx99)*(x17*x92))*-3.194653)))*0.313764))+((((767.442491+(-6849.480292*((x99+x101)aq(x47+x83))))-((((x14+x41)*2021.780238)+(234.865918+((x26-x42)*2725.794172)))-((x37-x60)aq(x83-x76))))*-0.000288)+((((((4.107335*(x72aqx40))+((-7.388345*x90)+-55.315195))+((-1.576421+12653.128229)+((x41-x38)*-4.954226)))-(-0.246220+(2.040508*((x96-0.000000)+(0.000000aqx112)))))*-0.130011)+((((-0.003881+(-0.584543*(x70aqx71)))*(((0.000000*x53)+(x70aqx71))aq((x110+x110)+(x7-x5))))*-4.076350)+(((-1.481179*(9.309274aqx93))*0.214527)+((-0.136446+(x98*0.650064))+((-0.461601*(x53+x90))+-0.000230)))))))*-63.983132)+((-0.563288*((((0.068661*((-166.722629+(-1366.611863*(x66*x4)))aq((x110+x110)+(x7-x5))))+113.276262)+((((((x69*x53)+(x70aqx71))aq((x110+x110)+(x7-x5)))*75.753289)+27.332208)+((((-0.008592*(x14+0.000000))*-0.615694)+9196255.822439)+((((x14aqx99)*(x17*x92))*(-12012.512838+(-35743.151013*x32)))*0.001948))))+((1.014094*((0.001461*(((x99+0.000000)-(x44+0.000000))*((x5*-16857.777443)+-11615.357106)))+(((35.173839*(x45*x76))+((30.622571*x5)+158121984.878386))+(21.932359*(x14+x41)))))+((((x74-x44)*((x90*2796.106807)+378.713924))*0.013465)+((-0.029823*((378.982456+(-691.943710*x93))*(x73aqx86)))+(-60898885.132547+((1.087292aqx93)*150.783923)))))))+((((14.008611+(-0.000000*(((-1003.324158*x16)+347.324705)*((x90*3654389240.540686)+-42874199.141054))))*((((455.370044+(x70*-0.711802))*(1420.545918+(x41+x101)))*0.005200)+-3350.441056))*-0.208808)+(-34136262.479227+(((-376.275887*(((-4541526.844374+(-4498863.631778*x66))+(-1366.611863*(x66*x4)))aq((x110+x110)+(x7-x5))))+-861597230.607464)*-0.000000))))))
sbp,485_analcatdata_vehicle,ok,4,48,0.947734,71.340477,567,2012.91,,-1873.702089+0.000000*((((259116.370068+(-0.259942*((-14.126918+(((((x3--24.235000)+(x0*x1))aq((x2-x2)aq(x0-x0)))aq((-389.464664+(2.741428*x3))+(761.885521*(x3aqx3))))*130.703235))*(((x0-(-4729.132957+((x2aqx3)*21624.367484)))-((((x0*x0)+(x2aqx1))*-8.797427)+(-9774.964965+((x2*x1)*11479.135363))))+(-18089.062093+((((x2-x2)-(x2+-5.044000))aq((x0-x2)+(x1+x0)))*6057.815026))))))*((-460.924106+(-27.372624*((-32.910062+(-4.734954*(((x0+x0)+-6.688710)+((x2-0.000000)aq(x1+x1)))))+(((((x2+x2)*(x0-x2))*((x0+x0)+(x1*x3)))*-0.771629)+1.275813))))*((((-6.434000*-2.722000)aq(((1.414167*(x2aqx1))+0.000042)aqx1))+((x1+x3)*(x2+x2)))*((-13.360614+(0.160668*((((2075.081892*x2)+-1917.485438)aq((x2-x2)aq(x0-x0)))aq((-52.313194+(0.000000*x1))*((x3-0.000000)+(-4.252000+x3))))))+((((((x3-0.000000)+(x0*x1))aq((x2-x2)aq(x0-x0)))aq((-389.464664+(2.741428*x3))+(761.885521*(x3aqx3))))*937.687961)+-22.845469)))))+(((((((((-169.207440+(25.039444*x3))+((x3*771090663.389681)+-1785618261.255289))aq((-52.313194+(0.000000*x1))*((x3-0.000000)+(-4.252000+x3))))*((1622.152668*(x0*x2))+-739.711110))*-0.239318)+((((((8427690555503508083926106112.000000*0.000000)+-9882982098043203510224289792.000000)*(-2.315789+(-4.252000+0.000000)))*0.000000)+11284172273.620871)+(-3.325899*(((-110.424865+(x2*208.001554))aq(37.379502+(-16.537950*x2)))*(67037757.869971+(-377223401.448610*(x2-x1)))))))*((-0.000000*((((-52.313194+(82447949172333.781250+18224284128065.656250))*((0.000000-0.000000)+(-4.252000+x3)))*0.000000)*((283706.393323*((x1*x2)aq(x0*-9.651000)))+20592.817188)))+((-0.000000*(((-469.048858*(x0*x2))+(290141386989.486694+(x3*-145177116039.646484)))aq((-52.313194+(0.000000*x1))*((x3-0.000000)+(-4.252000+x3)))))+1.031849)))*1.134772)+(((((((2475913205045702.000000+(6805047686345307.000000*(x3aqx3)))aq((-52.313194+(0.000000*x1))*((0.000000-0.000000)+(-4.252000+x3))))*116.995689)+(-157853800950432.000000+((((x3*-33813760086181200.000000)+24303701342053696.000000)*(x3aqx3))*0.412944)))*(((((-109417881.973391+(x0*4428608.285461))+109417880.415300)+(((x2+x2)*(x0-x2))*-101789746.506256))aq((((x3*33925741929149174755601319723008.000000)+-29158461686306819888211411599360.000000)+(0.000000*x1))*((0.000000-0.000000)+(-4.252000+x3))))*(((((0.000000-x2)-(x2+-5.044000))aq((x0-x2)+(x1+x0)))*-0.000000)+0.000000)))*-134869073328469003967775862189520295045365760.000000)+(((((-20167540.445596+(7224756.924000*((x2aqx3)+(x3aqx3))))aq((594996.060814+((x0+x2)*-309874.039613))+(761.885521*((x3*-41584.453899)+165090.930004))))*114005029.620561)+(169369728660.506500+(-8864.570715*((((0.000000-x2)-(x2+-5.044000))aq((x0-x2)+(x1+x0)))*(-67740.373204+((x0*x1)*-126700.219930))))))+((-5365175.029057+(-2362322541.098294*(((0.925335*(x1-x0))+0.200511)*(x0*x2))))+((23092034751293.917969*(((0.000000*(x3-614475380535592.500000))+10577685.002759)*((1622.152668*(x0*x2))+-739.711110)))+((((x0aqx3)*551476371.860842)+((-600179703.109916*(x0*x2))+-94166918.812707))+(474953952.844451*(((x2-x1)aq(x0*x1))*((x1-x0)-(x1-x1))))))))))))
sbp,503_wind,ok,14,200,-1.240656,6.863079,421,2034.46,,22428277434.463184+0.000000*((((-96375500009.238586+(((-1718399314126756118528.000000+(((0.107143*-65.953580)+-2.104532)*((5182297.151994+(-0.240987*(x11+-7.962557)))+(5182306.319431+((x11+-7.962557)*-0.240987)))))*(((0.000000*(((x11*-2336984234185058098360614912.000000)+38878133909490114185847111680.000000)aq((-98930158791961383796736.000000*x11)+1478873127639506097274880.000000)))+0.000000)+(-0.000000+(9562549891468.027344*-0.000000))))*-2.341941))*(((-45.293119+(0.311537*((-49.038793+(0.656925*((x9+x13)aq(x4aqx9))))+(47.714673+(-0.599529*((0.000000aqx9)*(x9-x12)))))))+(((((20.230758+((x12+0.000000)*0.374509))*-29.627953)+2001.099427)-(((x13*x7)aq(x4aqx7))+((x11-x8)+(-151.443366+(194.086503*(x11aqx7))))))*-0.019665))*((-0.048781*((((((x13aqx4)*-71265.129890)+(151458.238450+(x5*-5155.291991)))*0.000046)+-0.424244)+((4.196514+((-8.950842+x12)*-0.633546))+((((0.000000-0.000000)-(x6+x6))aq((x10aqx2)-(x6+x4)))*-5.159797))))+((-0.895322*(-0.007300*((-185790582.002061aq(x1+x1))*(-0.011201+(0.011204+(0.000027*x1))))))+((-0.000014*((((x2*x3)aq(x1+x1))aq((259.758000*x4)+(-1751.885756+x12)))*(-14083.810705+((x10aqx2)*144589.449504))))+(((((x5*-862888652102.318604)+9562532056366.279297)aq((259.758000*x4)+-2637.122829))*-0.000000)+((0.087947*(x11aqx10))+(((x1aqx7)*-0.062960)+11.534778))))))))+(((-7242860527429876711424.000000+(((0.000125*(((8438115465.379114+(x4*-838143539.801826))aq(x1+x1))aq((2843.955698*(x13aqx4))+-3257.518875)))+(((4711.101119*((0.062984*x11)+-4390104378.985453))+-1548983767665.411377)+((((x5*0.000000)+-334154339369383376736747520.000000)aq((-98930158791961383796736.000000*x11)+1478873127639506097274880.000000))*0.462751)))*263935434.740873))+(((-0.000000*(((((0.000106*x11)+-2276.471116)*2276.465625)+(5182306.319431+((x11+-7.962557)*-0.240987)))*((-197354618937183338400218873856.000000+((21269278361.824974aqx10)*4243620252522.649414))+-13710233646356143995355136.000000)))+((0.000000*((((-892215031395.063232*x2)+7468148141543.234375)aq((259.758000*x4)+-2637.122829))*((1.264455*(x9aqx6))+-1.738084)))+213371.731009))*-61462285837032160.000000))+((195801468.657263*((((3.242488*((-2653.666992aqx6)+-602703609946.892456))+-1964375638797.956543)+((-5540.769453*(((-892215031395.063232*x2)+-1447893189307.807861)aq((x2*11253487737085.042969)+-96883229816635.218750)))+3918635101093.189453))+((((438716.916833+(-32965.042790*x5))aq((259.758000*x4)+-2637.122829))*(1.738094+(-1.264457*(x9aqx6))))*-4.624397)))+((-54631297595160280.000000*(((((x2*x3)aq(x1+x1))aq(((-34.041787aqx6)*-1144831685465348591012806656.000000)+-5382417325124406262118744064.000000))*-6161833220318870528.000000)+-213246.455144))+((21008.060274*(47.714673+(((x12*-253697.727524)+-5424320.636218)*((x4aqx9)*(x9-x12)))))+-10757611831637319876608.000000))))))
sbp,505_tecator,ok,124,200,0.995906,0.688292,481,2005.54,,-1054.395131+0.000000*((((((16302.214702+(-142618.349709+((((x111*744903181.346119)+-27792542.817024)*((x33-x47)-(x111aqx45)))*0.000008)))+((((-19087572.495829+(100840.339196*((x73aq0.000000)*(0.000000+x122))))-7.945050)*((((0.074408+(0.110771*x109))-(x111aqx45))*-0.000243)+(-32911.554668+((1276948.393058-(x111aqx45))*0.025774))))*(-0.061694+(-0.001490*(((22401.069371-(x86aqx1))*((x111*45.429595)+-1.899203))aq(((x63aqx37)+(x14aq-295.547000))*(-4932678.204648+(1579355.365813*x59))))))))+534899624.156289)*((244.478268+(-0.381839*(x123-(((((x9-x122)-(x96-x68))aq((x39aqx29)+(x25+x123)))*4.925710)+(17.576235+(((x47-x16)+(x64+x108))*((0.033580*x113)+-0.280802)))))))*((x59-x15)+((((x73aqx55)*(x27+x122))*-0.142508)+((0.006300*(((-8011.933624+(x123*392.293907))*((x33-x47)-(x111aqx45)))aq(((x63aqx37)+(x14aq-295.547000))*((x35*x52)*(x59-x115)))))+((((0.000000-x70)aq(x65+x112))*-0.246475)+((((x82-x35)--0.039039)*-0.480606)+(((x111*x39)*-0.007207)+((0.025925*x109)+217.003826)))))))))+((1.136345*(((-0.070805*((((-50.304893*x115)+0.586629)*((x33-x47)-(x111aqx45)))aq(((x63aqx37)+(x14aq-295.547000))*((x35*x52)*(x59-x115)))))+(((((3.509583+x92)-7.945050)*((x33-x47)-(x111aqx45)))*0.117278)+((-0.000387*(((1.448871-x16)+(x64+x108))*(-0.294608+(x109*-66.734431))))+((0.013443*((x82-0.000000)-(x109*x25)))+((0.024759*x107)+0.528387)))))*(((((((x103*0.000001)+-0.000001)*((x108*-325034.864205)+-154.473865))*2089.816815)+(57.096832+(-3370.028068*(x108aqx93))))*9446708.703976)+(-191007107951.741028+(((((x73aqx55)*(0.000000+x122))*((x122*-0.264983)+33.578597))*(-1886519.995798+(-971297.510053*(x33-x47))))*(-206.569827+(33.619121+(-36.966170*(x86aqx1)))))))))+(((((((((x107*-1.718297)+-3.096071)aqx80)*(1.424315+((x47-x16)*-4.958507)))*4816.448053)+((((x66+3497710.690248)-((x113*-1.021080)+6.489944))*29886.823559)+752336.546743))+(((27.596300*((-29.369482+(-221.368744*x103))*x110))+-113.614456)+(-104536498337.114700+(((x47-0.000000)+(x64+x108))*9468.579704))))*364894.752669)+((88.401677*((6245032599353678.000000+(-6586118346060.659180*(948.228681+((x42aqx92)*-0.017653))))*((((x66+x92)-((-2.296834*x114)+7.993089))*(((x111*-0.192009)+-0.238803)+((0.202769*x107)+0.158580)))aq(((x63aqx37)+(x14aq-295.547000))*((x35*x52)*(x59-x115))))))+(169630212782.091888+(16.120434*((17367420709.006889+(173677531871.452209*(x75-x63)))aq(((x63aqx37)+(x14aq-295.547000))*((x35*x52)*(x59-x115)))))))))))
sbp,519_vinnie,error,,,,,,,TypeError: predict error: wrong data type,
sbp,522_pm10,ok,7,200,0.017024,0.836175,433,2034.01,,10809.144541+-0.000000*((((((((((x1-x4)-(1377.893000-x0))*((x1aqx2)+(-2469.049000aqx3)))-(((((x4aqx3)*0.141274)*16680.439460)+-5899131.567664)+((((x0*1636.897000)+(x6*x3))aq((x2*x5)aq(2417.915000aqx5)))*((3.052067*(1436.703964aqx0))+189.707013))))*0.000383)+(-1027.497486+((37693.617661+(-0.192106*(((-8748.470608*x6)+171817.366640)aq(-392.958566+(6.748032*x6)))))+(((1309.916136+((x2aqx1)*53.007923))-(((x5*x2)aq(x6-x0))*((-77.969826*x4)+11839.243202)))*0.106376))))-(((((((-30720.230638*(0.000000-0.000000))+-85439428.660344)+(20486386.447546*(x6-x0)))aq((-0.929449+(-0.034805*(x6-x4)))*x5))*0.000001)+(((((25.604882+(0.000000*1.296969))+(-0.026955*(0.000000aqx0)))+238.063432)*(-60.439709+(-0.129090*((x1aqx2)-(x0*x0)))))+-15399.045594))+(((((-183.877823+((x3aqx1)*-38.915337))+(((0.000000+-2154.623000)aq(x3aqx1))*0.091184))*16.778900)+((-130180.217094+(((x5--1752.407000)-(x5aqx3))*74.169719))+((((x5-x5)-(x1aqx5))*((x6*x3)*(x3*x2)))*0.037339)))*(((((24.954339*(x2aqx3))+3.133124)+(((x2aqx0)aq(x3-x1))*-459.451851))*-0.001254)+((0.000000*(((x4*0.000000)+-151547739779702272.000000)aq(-2538911643455.244629+(32572213589.168640*x4))))+((0.000060*((-32877.052675*x2)aq(x6-0.000000)))+(1.419168+((x4aqx1)*-0.000380))))))))*24560297.007326)+((10789302649.998007*(((-9.689021+(0.000013*(((x3*-0.000000)+0.000001)*((-306255028.397013*(x3aqx2))+-638110172.642895))))*((((-9.161145*((-32877.052675*x2)aq(x6-0.000000)))+79302846.677438)+(0.000053*(((x6*536057917.395826)+-227902907518.703369)aq(-326.914000*x5))))+(-9.789649*(((x0*1636.897000)+(x6*x3))aq(667.964871+((x3-x1)*-89.768865))))))*((((85029931.120648+((-4.155752+(0.000000*0.001045))*(x6-x0)))aq((((0.000001*x5)+-0.989932)+((x5*-3460936056327.283203)+30576464294534.710938))*x5))*-0.000211)+((0.000000*(((x5*x2)aq(x6-x0))*((-77.969826*x4)+-16344.378206)))+(0.000014+((-18933504454.540176aq(x6-0.000000))*-0.000000))))))+((1.326229*((271761634.224261+(((16350094558347490478402150070307550571416990713209032221346859319296.000000+(-719068523190560987646804457678008620275074136985776638946975940608.000000*(x6aqx5)))aq(-2538911643455.244629+((3879443336000480354701874036637618405376.000000*x6)+-474695963039537502227385881747726654242816.000000)))*-0.000000))+(-0.000000*((4074654978932.184082*(((x6*-1229041486231459332096.000000)+170878925842397597270016.000000)aq(-2538911643455.244629+(32572213589.168640*x4))))+9294297864226031685074944.000000))))+((((-79302185.027705+(79300045.700986+((x2*x5)*-80.019285)))+(-9.537221*((x6*-217.045000)aq(2766.915657+(x5*-141.174297)))))*-778373.491496)+525323590784559.187500)))))
sbp,523_analcatdata_neavote,ok,2,100,0.943189,0.844878,229,2031.02,,9.745238+0.104944*(((((((-0.001448*(((17.232000-x1)+(x0+33.475000))-(224.171731+(4.104010*((x0-x1)-(x1aq-19.208000))))))+-0.000001)aq(((x0aqx1)+(-40.351000+x0))aq(((((x1+x1)*(x0*6.614000))aq((x0*-16.324000)*(x0aqx1)))*0.051075)+(15.463107+(-0.179042*(((-31.941000aq31.041000)-(x0+x0))+((x0*x0)-(x1aqx1))))))))*(6368.042203+(((((x1-x0)+(x0*-27.721000))aq((x1*x0)*(x0aqx1)))*((((x0aqx1)-(x0aqx0))*-587.104353)+-218.324880))*0.004470)))*-0.721559)+(((((-0.121377+(((x0+x0)+(x1aqx0))*-0.094551))+-0.000001)aq(((x0aqx1)+(-40.351000+x0))aq(((((x1+x1)*(x0*6.614000))aq((x0*-16.324000)*(x0aqx1)))*0.051075)+(15.463107+(-0.179042*(((-31.941000aq31.041000)-(x0+x0))+((x0*x0)-(x1aqx1))))))))*-0.167309)+(-0.307634+(1.000900*(((((-0.000332*((x0*x0)-(-44.797000*x1)))+0.148775)*((221382891359190.593750+(28513445599729.753906*(x0-x1)))+(-5443605.731617*((x0+x0)+(x1aqx0)))))*0.000000)+((1.008613*((((-18.925574-x0)+(x0*-27.721000))aq((x1*x0)*(x0aqx1)))*(-0.000005+(-0.000000+(x1*0.000000)))))+341.738186)))))))
sbp,527_analcatdata_election2000,ok,14,67,0.999996,233.125362,365,2009.85,,-129714142.012553+45.950360*(((-0.011767*(((0.000001*((((((0.000000aqx4)+(0.000000-x5))+((x9-x7)-(x7+x0)))*-1367658.643541)+-267748464643.193604)+((-1739955544.859185+((x5+x2)*1298582.133338))-(x5--1352493.518000))))+((((-136.602851+((17536.254599-x1)*-1.393456))-x1)*3.769182)+2778678.456171))+(-120177028.644152+(((((0.018473*((x7*x4)+(x7-0.000000)))+-161526125.142147)+(189.893589*((x3-x5)*((-0.000000*x0)+0.007006))))*(0.748159+(-0.000000*((11819933477602876.000000+(x9*-0.747159))*(2195339.482504*(x12aqx6))))))*(((((0.001544*(x10aqx1))+((-0.000004*x0)+2.014235))*(((813032.838000aqx11)*0.000355)+((x3*-0.000052)+1.995941)))*0.000001)+(((((0.000000-x12)+(x3+0.000000))aq(13090591711833.900391aq(x0-x9)))*-0.000000)+((-0.000000*(x8aqx5))+1.009967)))))))+((((4.985055*(((((387.401255aqx6)*((8304839255036.803711*x7)+1654196924162.125000))*0.000000)+(37.153873+((-410920355545.033081aqx0)*0.000001)))+(((3.542191+((x3*-5.960759)+118.675261))aq(((x9*x3)*0.000004)+93.151755))*31.544291)))+(1000900623.130854+(-1.074107*((14262.612777*((x3*-531627969047.936707)+(-181.140625+(x3*531627969047.936646))))+((((x8*-2.022993)+3045376.509773)*-1.133686)+((0.216948*(x3-x5))+(937880372.837666+(-1.157193*x7))))))))*0.001348)+((-1262757.756099+(0.071922*((-0.000591*((((-1790659.252863*x3)+30012708.245379)+((-6978602.808781*x3)+-408178663.177965))aq(((x9*x3)*0.000004)+(-12944705.880631+(214951.143159*x3)))))+17556280.452689)))+((((((((x8-x1)*-1.442102)+-321.899662)-x1)*1.819347)+-1777250.996937)+((-2.020754*((((-1.439235*x3)+3686178.153290)+((x0-x9)*-0.688605))-(9173973.974103+((x0-x9)*-0.679749))))+(((-20281789.138909+(x6*3.569153))+((-0.113648*(x3-x5))+11028972.506993))+(((x3*-531627969047.936707)+((x3*531627969047.936707)+-0.015625))*-27300.274577))))*((-0.000000*(((((0.000000aqx4)+(1317437.596000-0.000000))+((x9-x7)-(x7+x0)))*(0.000000+(-0.000000*(x9+x12))))*43912053728.082802))+(-0.001072+(676581.812448*(((-57620887.067703+(0.000000*3349919.747179))+(37597534.065419+(-4111082.156462*x4)))aq(((1145714748105851904.000000*x7)+4559624243245600768.000000)+93.151755))))))))))
sbp,529_pollen,ok,4,200,0.485105,2.452695,475,2009.73,,21056.822995+-0.000007*(((((((((((2.709392*(0.000000+-16.212000))aq((x1aqx0)--9.889867))*0.000128)+0.000718)+((((-32.420000+x3)*(x0+-16.212000))aq((-95469492670000336.000000*(x0aqx3))+((10427666799683708.000000*x0)+-9510023547547042.000000)))*4940889304.217458))*-8586.568595)+-16128.508726)+(((((((-32.420000+x3)*(x0+-16.212000))aq((-95469492670000336.000000*(x0aqx3))+83193961086802288.000000))*5384731161.288256)+-0.000110)+(-0.000000*(((-32.420000+x3)*(x0+((x1*-1160995851.937105)+-1814149506.576696)))aq(((x0aqx3)*-1697051614.282025)+1022065488.992829))))*-11215.776230))*(((((((-512618.424615*((x1aqx1)aq(x3*111.168000)))+((-0.223712*(x0aqx3))+2832.519354))*(((-32.420000+x3)*(x0+-16.212000))aq((x1aqx0)-(16.276000+x2))))*-0.000000)+1.122916)*(x1-(70.789000-((-1.998822*((x0+x0)+(54.811000+x3)))+(-9950.526616+(-0.167428*((x2-x3)+(x1aqx0))))))))*((((((0.049745*((x2aqx1)*(-64.190387aqx2)))+-0.498421)+(0.008809*((-329.215977aqx0)+(x3*x0))))+((((-4790491.781719aq(x2*-50.053000))*0.002275)*0.002229)+(0.339803+(((0.000000+x2)*(0.000000+x3))*-0.005216))))*0.000228)+(((((-32.420000+x3)*(x0+-16.212000))aq((264897460134234560.000000+(x0*-20357804422892908.000000))-(16.276000+x2)))*-56897118888.070068)+((0.000000*((8870508.844482+(-587743.988958*(x2*x3)))aq((-3.684022+(x1*0.502063))*111.168000)))+((0.000000*((2811.521131*(x3aqx0))+((x3*-401.849549)+-307.889231)))+1.781273))))))+((24483375.783647*(((((((2741943973179806.500000+(182609165019338.437500*x1))+x3)*(x0+((x1*-1160995851.937105)+-1814149506.576696)))aq(((1702700370.872974*(x0aqx3))+37174080.953177)+1022065488.992829))*-0.000000)+(((((-32.420000+x3)*(x0+-16.212000))aq(((x1-x0)*140800141265788.687500)+1865811620510381.000000))*679573646.017612)+((-0.000000*(((x3*-409338289217452584252084627188922034553944029728848491409719978854519834411008.000000)+1803767304430947991736978464887517042942969603958606447485392874252713947299840.000000)aq(108415.574915+(25863.946742*x1))))+3.503665)))*((0.310563+(0.000000*((((x3aqx2)*-28.703727)+-32.879563)*(-42834.131071+((x0*x0)*615.511421)))))+((0.000000*((-1237451289672163328.000000+((x3*x0)*750367932936661504.000000))aq(x3*(-12.882835+(8.276797*x3)))))+((-0.502091*(x1aq((-2713.134619*x1)+34044.686044)))+3.193656)))))+((0.547221*((20203805792592489657401344.000000*(((((2677289606198188310528.000000*0.000000)+-204925250000215492001792.000000)+x3)*(((x3*x1)*788795462259.847778)+-202751852428.815430))aq((8649416882031719015486053605055981823245511094472699543552.000000+((9.368624*x3)*-156318879941491912542537102724274515609060706004018135040.000000))+1022065488.992829)))+(2357910250.768843+(2009325280426709221376.000000*((((x0*0.000000)+-0.000000)*(x0+-16.212000))aq((x1aqx0)-((x1*196556924296.214935)+-1006609690787.212769)))))))+((((((2741943973179806.500000+(182609165019338.437500*x1))+x3)*(x0+((x1*-1160995851.937105)+-1814149506.576696)))aq(((253739563546526533109127116226560.000000*(x0aqx3))+37174080.953177)+(1618481116086272000.000000+(110465044079974777396815177187328.000000+(x1*38847493728914709677560203051008.000000)))))*165654583663.159912)+(1290314047.743525+(168.087756*(((-0.005249*(x3*x1))+-1017.236806)*((2741943973179806.500000+(182609165019338.437500*x1))+((x1*-182609165019338.468750)+-2741943973179806.500000))))))))))
sbp,537_houses,ok,8,200,0.813463,43068.736841,357,2011.19,,6444105749176789.000000+-0.146204*((((((x0+(((((x1-x2)-(x2-x6))aq((x2-x3)+(x7-x1)))*-0.073273)+(((((x7-x2)*(x5+x1))aq((x7-x5)*(x4-x5)))*-0.519402)+(((x0aqx1)*-3.393109)+35253.785873))))*879583.051431)+((((0.097465*((-145.235705+(-5139.044049*(x0aqx3)))+((x6*x3)aq(x6-x3))))+((((-3.043621*(x0+x7))+-364.234719)*((x4aqx3)aq(x0*x0)))+5.820368))*42192.106858)+((((((-168982.002910*(x6aqx7))+52241.687899)*(x0aqx5))+(((x0*x0)*0.073616)+196174.228849))*-291295.356721)+(((((122.250874*(0.000000+x7))+(-46274639702.273705+(909585543.863487*x1)))*((x4aqx3)aq(x0*x0)))*-0.000015)+(-215475592.492552+(((3041734.284167+(x7*24884.327948))*((x7*16830370.330717)+2057270359.327914))*-0.000452))))))*-0.372573)+((-10463766.566845*((-1.935011*(((x4aqx3)aq(x0*x0))*(-0.005814+(-0.000000*((-20353.033000*x0)*(x1-x7))))))+((((10.868244+((x6+x7)*0.068011))+(((x4aqx3)aq(36607820389.257576+(x1*-747281443.019212)))*-57043.004307))+(-0.000075*(x4aq((0.000371*(4757021.549922aqx0))+-232.619130))))+((0.241985*((x4aqx3)aq(-1310.779283+(-52.821544*(x7aqx0)))))+((((-3885653421941.851562aqx4)*0.000000)+-2106125483.684807)+(((x4aqx3)aq(5543249767802950.000000+(-1069206235395611.875000*x0)))*127164265819.418594))))))+((-18198482.481167*((0.045302*((x4aqx3)aq((11309.961205+(-11723.223890*(x0aqx0)))*x0)))+(((0.000000*((-16045474139070109696.000000+(424615045642876864.000000*x6))aq((x6*87605068.812623)+-3311279496.873579)))+-1210980384.622445)+((((x4*48.303623)+-0.383124)aq((-79233576.243423*x6)+2997723866.725645))*-0.034958))))+(((13.617279*(((9380355783453978624.000000*x0)+-13631702214132062208.000000)+(19125057898176610304.000000+(-341651.729104*(16078817158173.531250+(x0*27455900217574.410156))))))+-130113.614030)+((((-266601127677973195915264.000000+(27065430090184860368896.000000*((x6+x7)*-0.116771)))*((-236900866684634.750000+(34500142855636.175781*x0))*((-20353.033000*x0)*(x1-0.000000))))*0.000000)+((0.000004*(((0.000159+(x7*-122.250873))+(-46274639702.273705+(909585543.863487*x1)))*(((x1*0.127515)+-3.433930)aq(x0*x0))))+-87712.730916)))))))
sbp,542_pollution,ok,15,60,0.692239,46.475866,517,2007.06,,-1949201131.175813+0.000374*((((1562.227682+(((17921992.775012+(((-1100276.522716*((x8aqx8)*-0.000026))+-76.442337)+(-35843985.550159+((x8aqx8)*-0.000012))))+-48754392.644400)*(((((0.000399+((x8aqx8)*-0.000375))+(((0.000000aqx10)-(0.000000aqx3))*-0.000018))*0.028268)+0.000001)+((-511178.344586+((0.000000+(0.000000*(-73.156126-x3)))*((0.002000+(x8*-0.000137))aq(210448021176189795986046976.000000+(x8*-7235442796788166768459776.000000)))))*-0.000000))))*((((-0.000353*(((((x5*x9)*(x14+x9))aq((x13+x13)aq(x10+x12)))*8.332096)+((((x12*x5)aq(x2*x11))*-840482.830521)+93688.292138)))+100.405246)+(0.681314*(((((74.805857+(x1*1.209497))+((0.000000-x6)*(x11aqx12)))*0.435891)+(197.365857+(((x14-x6)aq(x8aqx3))*5.424459)))+(-2.248097*((x14aqx11)-(x8+x4))))))+(-2061.185615+((((-2475723.260619+(-0.010609*(140945557.024561*(x8aqx8))))+(((10053795849180.285156+(-1204980037.114159*x7))aq(67904408.704738+(-9557.838488*x7)))*1.306904))+(((-18070.889471*(x6-652.846874))+(1082333.513705+(267872.291143*(x8aqx10))))+(-19.101422*(((0.000000+0.000000)+(x11*x7))aq((x3-22983.478000)*(x1-x13))))))*((0.000000*((2181.347859+(50.631966*(x0-0.000000)))+(((x13-x5)*(x10*x8))*(-0.720561+(x6*0.008612)))))+((((6712218.774832+(x9*-128106.828665))aq(98740.092225+(-1947.864466*x9)))*0.000000)+(0.000264+((56044891761.293053aq(x3-x8))*0.000000))))))))+((1.123757*(((((-0.098074*(((x5*x9)*(x14+x9))aq((x9*522.868181)+-19426.269159)))+0.582546)+(0.000000*((10053795849180.285156+((-8801769481939597000750374996107546198699956265338483691749376.000000*x7)+2223067720140756782188827101772882438093212080442629770660806656.000000))aq(789806956664594.750000+(10154971829608.349609*(x8-x6))))))+((0.000000*(((397839.572125*(0.000000*x8))+33694438.008507)aq(((x5*2.648284)+-20.116229)-x8)))+(-268.477090+(-0.000032*((-1190837435.769113+(192364133.307400*x3))aq((x3*2294.810496)+-16153.629995))))))*((((((x5+x4)*-0.719174)+23.369750)*((((-970.181000aqx8)*-47.760986)+((305.964894*x1)+-6368.436391))aq(98740.092225+((143830.577882*x3)+-1231768.476966))))*-77.016178)+((-17.300693*(((x5*x9)*(x14+x9))aq((-100097.350011+(0.000000*x9))+((143830.577882*x3)+-1231768.476966))))+2211.032755))))+((2259907194641.956055+((0.002937*((309788603052250373602410496.000000+(((x8*x13)*(x7-x6))*-936786998563923820544.000000))aq(-77495436115484344320.000000+(206810690956250.062500*((x8*x13)*(x7-x6))))))+342987067251.759644))+((1483.530890*(((-0.000000*(((x13-54.937500)*263289169.397153)*(255.919690+(x13*-1.627617))))+(877262603.620914+(-0.004729*((x13*x8)-(x9+x3)))))+(((x8aqx8)*((-14383.847263*(x8aqx8))+23584.163645))*0.069312)))+((((766434964.817297+((x8-x1)*0.000001))+(-0.107676*(((x5*x9)*(x14+x9))aq((x9*522.868181)+-23931.160248))))*849.024505)+((-0.747424*((460965777642393664.000000+(-7681392538834745.000000*(x6-x3)))aq(789806956664594.750000+(10154971829608.349609*(0.000000-x6)))))+(((((x1*-1.216161)+-1032.125403)+((0.000000-x6)*4.097597))*-282.801000)+(650724661796.668945+(0.004618*((x3-22983.478000)*(x1-x13))))))))))))
sbp,547_no2,ok,7,200,0.588224,0.434919,525,2008.41,,1127296.877815+-0.000000*((((153308378515.569885+((((-0.953010+((((x1*1668.151000)aq(x5+x5))*-0.005379)*1.000050))*((((x4*x1)-(x3-x4))aq((x6-x5)aq(x5+-1040.167000)))aq(((-510828.386448+(x4*9581.261391))+(x4*x5))aq((x1+x0)-(x1+x5)))))*(-1.640125+((((909792.126716+(-14468.402509*x4))aq((x4aqx0)-(x2+x4)))*(((x0aqx0)*(x6aqx3))aq((x0*x4)aq(x2*x4))))*-0.000005)))*6703992299.952656))*((((1219.454453*((((-1248.025000-x5)-(191.445000-x0))aq((x4aqx0)-(x2+x4)))*((-888.028023*(x6aqx3))aq((x0*x4)aq(x2*x4)))))+1324633532.672758)+(484954822906.135010+(((x0*315.406000)+(403.072818+(((x3-x2)aq(x6--1930.265000))*297540.430357)))*-62783997.368295)))aq(((0.000044*((-220.213433+(0.711733*((x6*x5)aq(x1-x5))))+(((x3aqx0)aq(x1+x5))*9090.375781)))+(1.023833+(((((x4*x1)-(x3-x4))aq((x6-x5)aq(x5+-1040.167000)))aq(((x1+x2)+(x4*x5))aq((x1+x0)-(x1+x5))))*-0.012858)))+1.003732)))+((1476809169422811804991488.000000*(((10.010344*((((-0.000001*(x4*x6))+0.021398)aq((x6-x5)aq(x5+-1040.167000)))aq(((-510828.386448+(x4*9581.261391))+(x4*x5))aq((x1+x0)-(x1+x5)))))+34.706307)*((((((-155.088098+(x1*-149.756769))-(x3-x4))aq(((x1*31820228625.618153)+251356016720.243011)aq(x5+-1040.167000)))*-0.000128)+((-0.000000*((x0+x3)*(x2-x0)))+5.891204))*((2.945603+((((x1*1668.151000)aq(x5+x5))*(1.972424+(x0*-0.268528)))*-0.000000))+(((x1+(4695446230.228750+(-650.988567*x2)))+((1.152037*(x4*x5))+-269.928190))*((0.000000*(x6*x5))+(((x3--701389431.257206)*0.000000)+-0.000000)))))))+((0.000000*((((((-0.000000*(x3+x4))+0.000000)aq(((x3aqx6)*171040324335392757487571223598596096.000000)+(-306817005471975315759621145100288.000000+(x3*-1242384764484210083144540163670016.000000))))*-28517003825806426215979043696907517407283559437138471648560676864.000000)+-1095543944295572.000000)*((((((x2aqx2)*0.000009)*-34876398455142996672106631110362747907393137410048.000000)+279635392516397934618059848470656951074684928.000000)aq(((813950.515217*x4)+((61258147508802142208.000000*x4)+908053561494486384640.000000))aq(x5+-1040.167000)))aq(((-510828.386448+(x4*9581.261391))+((2606249565.603770*(x0-x2))+-3580921499.888884))aq((x1+x0)-(x1+x5))))))+(((((((909792.126716+-909792.126716)aq((x4aqx0)-(x2+0.000000)))*(((x0*-25938040345332.832031)+164662355996682.093750)aq((x0*x4)aq(x2*x4))))*-14007299746451968.000000)+(((((x6aqx1)*871120413403233024.000000)+27625136617616611965266821120.000000)+(-742066146885025715813170549102739456.000000*((x0*-0.000000)+0.000000)))+((((x0aqx0)*(x6aqx3))aq((x6*777272436246330880.000000)+-54990530735179563008.000000))*28299406071766301010859835105789083648.000000)))*0.923173)+((((278.186284*((x4*x1)-(342.414451+(130.928096*x1))))+1119309186615.143311)*(((((x2aqx2)*0.000009)*-34876398455142996672106631110362747907393137410048.000000)+279635392516397934618059848470656951074684928.000000)aq((310002725160555278706964868269883785216.000000*(x1-x5))+6402716351700426052971808233563587870720.000000)))+(((((1441114222445506085629632380705194304469991424.000000+(x2*-351780213027339577388114072212637148336095232.000000))+0.021398)aq((-11655145522877.851562+(542156455366.533936*x4))aq(x5+-1040.167000)))*0.000000)+(1042798337696592273321492480.000000+(((4574575152716458563130976271854271047786324557824.000000+(0.000000*x6))aq((x0*-3245909001543941095424.000000)+25184191922602560716800.000000))*0.000000)))))))))
sbp,556_analcatdata_apnea2,ok,3,200,0.82037,1545.384582,339,2105.2,,1377.852271+-0.000000*((((0.000000*(((((2365404827000148.000000*(((x1*10.815093)+-18.179744)aq((x1*x1)-(5.620000+x1))))+-1769328817020895.000000)*(((((x0*9403423989.017344)+-11360867969.005663)aq(x2-x2))aq((x1*x1)-(-1623.527678+(-2063.694035*x0))))*((-295131.852846*((39.957000+x2)aq(x0-x1)))+7853133.821702)))+51.377657)*((-170.999713+(7.047340*(-8.109474*(((x0+-23.970000)aq(x2-x2))aq((x1*x1)-(5.620000+x1))))))aq((x0-x1)*(10.958000--3.321000)))))+-682434798029.175781)+(((((((2365404827000148.000000*(((x1*10.815093)+-18.179744)aq((x1*x1)-(5.620000+x1))))+-1769328817020895.000000)*(((((39.957000+x2)aq(x0-x1))*295131.852846)+-7853133.821702)*((-295131.852846*((39.957000+x2)aq(x0-x1)))+7853133.821702)))+51.377657)*((-170.999713+(7.047340*(-8.109474*(((2.989012*x0)+-71.783017)aq((x1*x1)-(5.620000+x1))))))aq((((((x0+24602.259914)aq(x2-x2))aq((x1*x1)-(5.620000+x1)))aq(((x0--13.118000)*(x0aqx0))aq((x2*x0)-(x0*x1))))*29991497.549219)+-46525897048.623825)))*-0.000000)+(((0.000000*(((32815601153831231488.000000*((-68590924742034312.000000+-322502613807874840840693100044862672425900310528.000000)aq((17.145000+x2)*(x0+x1))))+-3388809851314057126957026990096384.000000)aq((((-31668311937553.503906+(5084520293178.815430*x2))*(-0.000057-(26.237000aq0.000000)))*-507853276.606656)+(-8312260301515994497555625749761753088.000000+((0.861823+(x2*-0.000000))*9644975014437546528544931808282673152.000000)))))+(((((13822185400732965230457669172105635203625072862429184.000000+(-18329753817954918210668912380921503182765889503100928.000000*(x1aqx1)))aq(8518.054288+((x0aqx0)*-8977.455143)))*(-0.000000+(0.000000*((x1aqx1)aq(x0*13.836000)))))*54.280683)+14809384671343.162109))+(((((((-37280254984950047105663825939013025200007544832.000000*(x0*x0))+196805259512403031660746375745465772073707110400.000000)*(((x0*173369321705825040482629604643351931664258301952.000000)+-669963222061759172528231434656415554148486873088.000000)aq(42.122033+(x1*20.930202))))+-128179911123554560638976.000000)aq(((((x2+x2)-(x2aqx0))*((x1-x1)-(26.237000aqx1)))*-507853276.606656)+-26401760523.091843))*0.000000)+(7143017590882.945312+((((((-3175408.299008*x2)+29750991.024490)aq(180830723.226422-x2))aq((x1*x1)-(5.620000+x1)))*(-7809343.822770+(9061425.330489*((0.000000+x2)-(x2aqx0)))))*3747782.004961)))))))
