algorithm,dataset,status,n_features,n_rows,r2,rmse,complexity,seconds,error,expression
sbp,1027_ESL,ok,4,200,0.770134,0.667788,417,2004.65,,-583.085504+0.000000*((((322619919.269912+(((0.000000*((13632847320449984.000000+((-0.000775*(x2*x2))*-12993462449518364672.000000))aq(-2791.366124+(1136.750666*x2))))+(((-0.001294*((171755.057411+25.179000)aq(307.700548+(x2*-46.776886))))+175870.889958)+(3.822755*(((x0+0.000000)*(x0aqx1))+((33.507000+x1)-(x0+x0))))))*-1621.141420))*(((43.577502+(((x3aq24.262000)*(0.477546+(((x3-x0)-(x1+x2))*-0.043527)))*1.409357))*((((-553.610440+(-91.488964*((x2-x3)*(x2-x3))))*(((x2-x0)*(x3-x1))aq((x1*x2)-(x1+x1))))*-0.000020)+((((-0.228611+((x0aqx0)*0.204082))aq((x0aqx1)*(x0+x3)))*3.003759)+43.628694)))*((((6.048461+((((-3.683000-x0)aq(x3*x3))aq((13.924000*x3)-(x2aqx3)))*1173.979682))*(x1-x3))*0.111907)+13080.073363)))+(((((((-1549.890416*(359960.761461-(0.000000-x1)))+71.410597)aq(-2791.366124+((((x3-x2)*-814303738978.387817)+1660035940463.925049)*(0.000005+(0.000018*(x3-x2))))))*1235651005.554243)+141343045709.575134)+((((1.471653*((((x0aqx3)*104529.299722)+((-14102.754288*x0)+-25271.827227))*(((x0aq-0.785000)*(x1-x3))*((x1*x0)aq(x3*x3)))))+-1133109.765954)aq(-2791.366124+(((x0*99.668132)+-284.170450)*x2)))*(-57805819.713227+((((0.000000*((x0aq-0.785000)*(x1-x3)))+-0.000000)aq(-2791.366124+(((x1*x2)*377899841.739031)+-5587466564.323046)))*-1732156770863332121056525680640.000000))))+((((127631019957.569504+(-0.000000*((((0.000000*x2)*-390821078156324013833453568.000000)+(96357294063653810235916097357205183922176000.000000+(x1*0.000000)))aq(((-23599713073933540.000000*x3)+135070172180635200.000000)+(86.404396*x2)))))+(27103457063245051697667980971212800.000000*(((((13.924000*x3)-(x2aqx3))*0.000000)+-0.000000)aq((((x0aq-0.785000)*(x1-x3))*422331181000047.687500)+1862374891921375.750000))))+(-96621465403169.546875+(-53321923986238696.000000*(((((x2-x0)*(x3-x1))*-0.000105)+0.000113)*(((-4228893839853.267578+8457787679794.224609)+(4229040770366.502441+(x2*-50563014.441043)))aq(5242756867439330.000000+(-4820856587960016.000000*(x2aqx3))))))))+((-0.000176*((346116185084734848.000000+((x1aqx0)*(-502978545076645312.000000+(x1*21195141032593800.000000))))aq(-2791.366124+((-609.915566+(x3*180.832630))*x2))))+(((((((13.924000*x3)-(x2aqx3))*0.000000)+-0.000000)aq((((x0aq-0.785000)*(x1-x3))*422331181000047.687500)+(-182668451412380.875000+(-1767835410319322.250000*(x1-x3)))))*-6330315909946492485954044566700032.000000)+(-96545206118.362305+(((((x0aqx3)*104529.299722)+((-2226823.760097*x3)+10124456.340185))*((-0.003735*(-47573.175094aqx1))+-40.069065))*-2626.885348))))))))
sbp,1028_SWD,ok,10,200,-0.115311,0.727376,447,2004.95,,264.639997+0.196133*(((0.467604*((5.593567*((-0.023388*((((x2+x6)-(17.542000aqx3))*((x7*x5)-(6.392000-x9)))-(((x2*x7)-(-6.541000*x8))*((x6aqx8)+(x1+x4)))))+((0.049183*((((x6-x6)+(x3aqx8))*((x6+0.000000)+(0.000000+x6)))*(((x6aqx3)+(x9*x2))aq((x8aq0.744000)+(x7aqx8)))))+(-0.415714+(((x3-x1)*(x1-x0))*0.241168)))))+((((-0.003884+(0.000603*(((x4*-7.278765)+-1.535857)*(x6*x4))))*((x9+x4)+(x6+x2)))*0.123725)+((-3.143266*(((-2.504799+((x9aqx6)*3.811069))aqx6)aq(x2*x2)))+(((((x9aqx7)aq(x5-x2))*2.483162)+-3.139427)+(0.142920*((((x6-x6)+(x3aqx8))*((x6+0.000000)+(0.000000+x6)))*(((x1aqx5)*-2.052243)+0.781458))))))))+((((3.241528+(-0.000000*(((-3689454942.158245+((x0*x4)*1289059517.163446))+-138117.452988)aq(6631.771813+(-1161.039269*(x8+x6))))))+(((-63.524462+(-1.070796*(x2*((2.589022*x2)+-13.873752))))+(0.000072*((((x0*x4)*-30091.040606)+123593.840861)aq(((x6-x9)aq(x2-x2))*((x0aqx4)+(1.795000+x2))))))*0.198189))+(((0.140725+(((((0.000000*x8)+48.615107)*((x6+0.000000)+(0.000000+x6)))*(((x6aqx3)+(x9*x2))aq((x8aq0.744000)+(x7aqx8))))*0.002091))-((((24.419526+((x3+x1)*-4.982995))*(((x1aqx2)aqx5)*((x3-x7)*x3)))*-2408.083613)+((((x0*x4)-(7315.225411-x7))*5785.747264)+((((x1aqx2)aqx5)*-29795.727349)+-28275.285496))))*-0.000032))+((0.973509*((((24.419526+((x3+x1)*-4.982995))*((-525.585347+(122.729294*(6.392000-x9)))*((x3-x7)*x3)))*-0.000950)+(59511.198051+(2774.914920*(-21.441177+(((-540.827531aqx4)aq(x9*x7))*0.000006))))))+((((((((x0*x4)*-1342737438.054588)+4605674113.090097)aq(-627.413100+((x1aqx2)*1262.909251)))*-0.000000)+0.047347)+(185052.594969*((58279.941993+(-9472.176435*(x4*x7)))aq((((x5aqx6)*97922669778.375824)+-55142137829.701126)-((829600944.032107+(50.619091*0.000000))*(x3+x4))))))+(((((-0.120055+((x2*x3)*0.037866))*(28.578891+((x4aqx1)*-34.266771)))*(-0.003133+(-0.000000*(-4220.513121*(x1*x3)))))*-112.701276)+((0.000006*((((x0*x4)*-30091.040606)+123593.840861)aq(((x6-x9)aq(x2-x2))*((x0aqx4)+(1.795000+x2)))))+0.110189)))))))
sbp,1029_LEV,ok,4,200,0.565031,0.625677,421,2018.8,,-3.229750+0.079563*(((-0.011224*((((x0+x1)+(x1+x3))*-286.693729)+((((((((0.000000-x2)*(x1*x1))*0.041769)+(20.563410+(0.287686*(x1*x2))))+(-0.561405*(((x0aqx1)*(x3*x2))*((x2*x3)-(x1-x3)))))*-14.498000)*-0.358679)+((256.116261*(((x0aqx3)*(x3aqx0))-((x1aqx3)aq(x1-x2))))+(((((12.015000-x2)*(x1*x1))aq((-1.948000-x3)+(x2*x2)))*5.804854)+(1754.099853+(16.452646*((x0*x3)-(x2+x0)))))))))+((((1.084618+(4.123199*(((x0*x2)+(85.305026+(-98.642584*(x2aqx3))))aq((14.599000aqx3)-(x0+x0)))))*(-0.001715*((((((x2+x0)-(11.668000aqx3))-((x0-x2)*(x3+x1)))*(((x0*x3)+(x2+x1))aq((x1*x2)-(x3+x0))))-((((16.426000-8.329000)aq(x1-x2))+((x3+x3)*(x2+x2)))-(((x3aqx3)+(x0*x1))+((x2*-11.824000)aq(x2aq-10.104000)))))*(((((-13.674000*x2)*(x0aqx3))*((-13.770000-x1)aq(x3+x0)))aq(((0.690000aqx2)-(x2aqx3))-((x0*x1)-(x2-x2))))-((((x3*x3)*(x2*x0))-((x3aqx3)*(x0*x2)))*(((x1+-13.119000)aq(x0--8.981000))*((x2aqx3)*(x1-x3))))))))*0.002073)+((0.000725*(((0.009544*(((-160229.830967*(x0*x1))+350929.023219)aq((-1.948000-x3)+(x2*x2))))+668.399691)+(-143.127912*(((((x2+x0)-6.461977)-((x0-x2)*(x3+x1)))*(((x0*x3)+(x2+x1))aq((x1*x2)-(x3+x0))))-((((x0*x1)*2.338712)+-20.516901)-(((x3aqx3)+(x0*x1))+((x2*-8.814952)+3.811133)))))))+((4.067769*(((((15622.564218+(-5266.100726*x0))aq((-1.948000-x3)+(x2*x2)))*-0.019454)+-3658.255420)*((((0.168953+(x0*-0.735341))*(x0aqx3))*0.000029)+-0.005027)))+(((-1.189234+(((x0*x3)*(x1-x3))*0.054285))+(-0.129912*(((1.305473*(14.599000aqx3))+6.604497)aq(x1-x2))))+(-14.900739+((((15622.564218+(-5266.100726*x0))aq((-1.948000-0.000000)+(x2*x2)))*((0.019302+(-0.019477*x2))+(-0.013058+(x2*0.016446))))*-0.066108))))))))
sbp,1030_ERA,ok,4,200,0.145505,1.715576,545,2006.93,,10944.222459+0.000078*((((((((0.003683*(((x1+1.964000)aq(x3-x3))aq(-886.625098+(738.625168*(x0aqx3)))))+((((180483.672395+(-0.136376*1323490.839133))aq((x1*x1)-(-61.381000+97.891519)))*0.000430)+0.000044))+(((x1+1.964000)aq(955.081109+((x2-x1)*-184.608685)))*-0.020278))*-6993.511664)+283.219207)*((((((x0*x1)-(47.732912+(((7.509000aqx3)aq(x2-x1))*17.387427)))*((17.515106*((x1+1.964000)aq(-789.694596+(200.760234*x1))))+0.135991))*1.796392)+((47.062699*(((180483.672395+(-0.136376*(x1+1323426.269289)))aq((x1*x1)-(-61.381000+97.891519)))aq(((x0-14.003000)*(x0aqx1))aq((x2*x1)-(x0*x1)))))+214.862121))+((x0-((-112.195101+((((x2*x2)-(x1*x3))*((x0aqx3)*(x0aq16.317000)))*0.066702))+(0.372612*((((x0*x2)-(-56.886000aqx2))aq((x0-x0)-(66.252000*x1)))+(((0.000000-x3)+(-45.115000+0.000000))-((x2*x0)+(x1*x1)))))))*(4.552138+((((((x3aqx1)aq(3.640000*x1))*18.548968)+-72.817959)+((((x3-x1)*(x3*x3))*-0.004704)+-42.133697))*((-0.000263*(((x0*x2)-(-56.886000aqx2))aq(642.811020-(66.252000*x1))))+((-0.000022*((x1aqx1)*98.080036))+0.032222)))))))+((61.066671*((-45914.804142*((0.003683*(((322677.792587+1.964000)aq(x3-x3))aq(-886.625098+(738.625168*(0.000000aqx3)))))+((0.000292+((x3aqx0)*-0.000467))+((((x3--23.392000)*(0.000000+x0))aq((0.000000+x0)-(x3+x1)))*-0.000013))))+((-0.000001*(((28501434.498220+((x1aqx0)*-24852755.261435))aq(((x1-x0)-(x3*x1))*((x2*x2)-(6.030000*x0))))*(36.811330+(((x0*x2)-(-56.886000aqx2))*-0.592340))))+(((70.576490+(((x3--23.392000)*(0.000000+x0))*-0.257343))+(((x1aqx0)*-18.745515)+-1684289.876426))+((((24.389594*x0)+-123.024697)aq(x2-x1))*0.420003)))))+((1.404141*((((x1+(((x1+1323426.269289)*-28.718278)+38006464.105830))aq(-145.972553+((x2*x3)*15.426873)))*-221.192517)+((-1549013053684618558484766775050240.000000*((((x0aqx0)+(x1aqx3))*((3685565599242140523716462310850560.000000*x1)+-33925066423927815030410846052286464.000000))aq((-4.388517-(x3*x1))*((1091525577452314298043508551351762174132290581769307162044006400.000000*x3)+-11899561883172666185004963315240566254780216187902023820216631296.000000))))+(((9.621471*((x1*x1)+(x2*x3)))+830.400711)+((((x3*-6.928665)+-70.296319)+((63.842000+x3)*(x3aqx3)))*-45.210796)))))+((-0.624707*(((-134831.165959*((x0-14.003000)*(x0aqx1)))+(-4882.486925+(133406.271064*((x0-14.003000)*(x0aqx1)))))aq(((x0-14.003000)*(x0aqx1))aq((x2*x1)-(x0*x1)))))+((((((-349.017243aqx0)+(x1aqx3))*((103.165404*x3)+-113.746392))aq(((x1-x0)-(x3*x1))*((x2*x2)-(6.030000*x0))))*10.429300)+((((28501434.498220+((x1aqx0)*-24852755.261435))aq(-20648.820031+((x1aqx0)*29984.757287)))*0.026848)+((-304.878498*(((x0-14.003000)*(x0aqx1))aq((x2*x1)-(x0*x1))))+((((x0aqx3)*(x0aq16.317000))*-116.827958)+-34292681.411297)))))))))
sbp,1089_USCrime,ok,13,47,0.599435,22.026078,431,2004.69,,5339001851124.666016+-0.000000*(((((((114098931.232404+(-423.146915*(((-3750.353965+(128.952626*x8))+x10)-(x0*x8))))*((2099.641982*((x1aqx2)*(((x1aqx2)*-1.203806)+286.220452)))+(((((x6aqx9)-(0.000000aqx1))*7641.346410)+-472650.766601)+((-14270.107633+(0.020139*831462.731300))*((2455.472875+(x8*0.499877))aq(2047.931634+(-7.469744*x9)))))))*-0.000000)+376898.867343)*(((x4+((((x3*x12)-(x0*x1))*0.008156)+((((x1-x3)aq(x9-x8))*10.417151)+153.970967)))*117.312908)+((((((35747632435732356.000000+((x10-x7)*40040926510801.937500))-x0)+(x11-x9))*(0.000067+(0.000000*(((x10-0.000000)+(0.000000+0.000000))-((x7*x7)aq(x3-x5))))))*-0.000000)+(((53782.425409+((((x0+x7)*(0.000000--71054.425938))aq((x7+x10)-(x0*x8)))*0.002243))+(-0.058430*(((1.611956*(x2*x10))+-918.361560)*((149.155231*x2)+1026.463102))))+(((x10*x2)-(566.067205+(0.620160*((149.155231*x2)+1026.463102))))*(((((0.000000aqx12)-(x10*-4210.381000))aq(495175.594815+(x8*860.560948)))*-7.578583)+-157.145446))))))+(((((7775473414.108754*((-18.503784*(((x1-x3)aq(x9-x8))*(12.399303+(5.989552*x9))))+-7661884.774010))+(59574781362276016.000000+((((x1-x3)aq(x9-x8))*(12.399303+(5.989552*x9)))*143875682325.591461)))*-50490810.482159)+((92800670554488979456.000000+(-0.000002*((((1452411682305826.250000*(x5aqx4))+-1568252155065766.500000)+(-1249899071017.280273*((x10*x5)aq(0.000000-x0))))+(0.000023*(((-1441420177895954688.000000*x6)+797560240617456140288.000000)aq(x5-x3))))))+((((549755813888.000000*(99025.001122+(303346.769222*-2.000000)))+-54439570086868032.000000)+(431224547.422761*(((-87.791892+x7)*(-695376.488091+(x9*1834.887477)))aq(2047.931634+(-7.469744*x9)))))*-0.000003)))+(((((((-4554764035314130354176.000000+((x10-x7)*-5149766231657430016.000000))aq((x12*2.636424)+-1066.731271))*-0.000000)+-0.000000)*((3256065326180696704134944915456.000000*(((x6*874877368.165371)+(-0.000061+-483286987241.405945))aq((1559330723184369330154373120.000000*(x1-x3))+-27787873608890050933979873280.000000)))+(((((x2*x6)*321622019443.666748)+80132234346884579381477376.000000)+((-10843105694879588352.000000aq(123.222542-x0))*-0.000091))+(-223935502981.076111*(((x1-x3)aq(x9-x8))*(30.564092+(5.989552*x9)))))))*14116577218317908565958762881284875443178437087330304.000000)+(((((((1452411682305826.250000*(x5aqx4))+(-1524130048838806.000000+(0.000000*x8)))+((-1452411682305826.500000*(x5aqx4))+1524130048838806.250000))*2693327842.742857)+(((((0.000000+x7)*(x10-0.000000))aq(108224316.478665+(x12*-175390.917517)))*-60270539.979707)+401476124733944168448.000000))*0.899159)+(367093572802556395520.000000+((-0.000000*((((x12+0.000000)*-49425677007157176702718245843278381423379087360.000000)+29615899105590349575990053153065035128559743533056.000000)aq(((-2316141164942727182110687232.000000*x1)+266964136895673150362552893440.000000)+-27787873608890050933979873280.000000)))+112955259.416096)))))))
sbp,1096_FacultySalaries,ok,4,50,0.919903,1.214909,481,2008.24,,-1173.243469+-0.000000*(((((((0.007096*((((-728672697866436.125000*x0)+7040360081122.171875)+(-3.148089+(2.205043*x1)))*(((0.000000-x1)*(x3+-52.353000))aq((x1-x1)-(-142.609000+x2)))))*0.000055)+-28602639556.925171)+(((((((0.000603+(-0.000520*x0))aq((x1-x1)-(98.091257+x2)))*-8238366686150825.000000)+-432827774970849.437500)+144275924923019.187500)+((0.000000*(((-1042524756369953739066653397090825042346901504.000000*(x3aq0.000000))+588788928844563235554974414590610746028064768.000000)aq((0.000000-x1)-(-142.609000+x2))))+((0.000000*(((-1144507962144987480369860671511378696994958606336.000000*x0)+1256724590886443248525380041304075530649777209344.000000)aq((x1-x1)-(98.091257+x2))))+((0.604015*((x0*101967379026.999985)+21864420944394956.000000))+-13062229142112164.000000))))+2932804198700185.000000))*((((-13.725738*(((x3aqx2)+(x2aqx1))*((146.578066*((x3aqx2)+(x2aqx1)))+(-562.564030+(-0.334041*(x1aqx2))))))+-6019.048639)+x3)*((-0.000279*(((x2aqx3)*82059.284587)+(6549583470579102.000000+((x3aqx2)*193749.955807))))+((0.821516*((((x3-x1)*(576664.154836+(-7051.821547*x2)))aq(6549583470832334.000000+(-6549922794054658.000000*(x2aqx2))))*((743.717329*((x2aqx1)*(x3+-273.285000)))+216610.786016)))+((0.007096*((((0.000000*x0)-(x3+x2))+(-3.148089+(2.205043*x1)))*(((0.000000-x1)*(x3+-52.353000))aq((x1-x1)-(-142.609000+x2)))))+(-349185157539.153076+((-22576563063765152.000000+(-22.038457*(x1*x0)))*-0.000096)))))))+(((-0.000000*(((((x3aqx2)+(x2aqx1))*((146.578066*((x3aqx2)+(x2aqx1)))+(-562.564030+(-0.334041*(x1aqx2)))))*(-504940946959350308200839850878356435624927135086035350998767705313886863360.000000+((((x3aqx2)+(x2aqx1))*((-0.131642*x3)+431.764104))*602831065395870717420629107773209874606980055843382008434694123465736192.000000)))+((539.912746*((((x3aqx2)+(x2aqx1))*((-0.131642*x3)+431.764104))*602831065395870717420629107773209874606980055843382008434694123465736192.000000))+-272624356621587017217575510215176762864877726242135190272802896408571681964032.000000)))+-280847003595132096.000000)+((((-215743038466645146441089024.000000*(((x3-((x3*1.000017)+-0.000784))*((20077833884828417654784.000000*(0.000000-20077823251252340850688.000000))+-4.135816))aq(((1835656143606461381916758430258579375597465632768000.000000*(x0aqx2))+18201837097840133630650861308742303704567502602240.000000)+((125245238681396920834734793894148325720502364617786802494966649791184896.000000+(x3*-2571833601224970024154921249642947839587717234517153134759601107894272.000000))+(786879.627048*(0.000000aqx3))))))+((-0.021046*((((0.000000*x0)-(x3+x2))+(-3.148089+(2.205043*x1)))*(((0.000000-x1)*(x3+-52.353000))aq((x1-x1)-(-142.609000+x2)))))+(-11.542133+(-0.000000*(((x0*-34280060540.188572)+-998412007793.638306)*((x3aqx2)+(x2aqx1)))))))*-1170648140395312384.000000)+((((((3287060770447797189132176438560065079738368.000000+((x1aqx3)*-2946135167945562580731979697313786909163520.000000))*(-7218560086679861045082332332032.000000aq(x1-x3)))+-378887892057557.750000)aq(6549583470832334.000000+(((x2aqx2)*-613740731.967589)+-6549582857140461.000000)))*-0.000000)+((((0.000000*(((x2aq0.000000)aq(x1-51.807671))*((-111543036417799706986326920693841963648503644388699095302514485888305818159135488491897557276909323157504.000000*x1)+5761475812701036170950120437176516946541808141180057457973705325187264164101997354433932890767857595449344.000000)))+25851511979187424.000000)+(-94267576375123443712.000000*(((823798424649099768758272.000000+(-9651913908902692913152.000000*x2))*(576664.154836+(-7051.821547*x2)))aq(((x3aqx3)*-464077332658037358434817063614676992.000000)+464022175467069970353235229944053760.000000))))+(-25440215154051702403404332608722277108504651104256.000000*(((-0.000000*(47428220821339838236605660821797211316171129318309734632902377296270272233472.000000aq(x1-x3)))+(3731018976000029601584446938316772213925044983585840107094016.000000+((x1-x3)*-225920127070095868643137733784718233998829277428399527165952.000000)))aq(6549583470832334.000000+(((x2aqx2)*-613740731.967589)+(-25297197767235446880824455081705105848393032308294254438263991151543759621655107605146380533760.000000+(537422330884189227046111388845507651719841248247792006275784181694232700682246595655648673792.000000*x1))))))))))))
sbp,1191_BNG_pbc,ok,18,200,0.294871,864.545538,481,2009.29,,-29930060.530745+-40.028093*(((((((((x14*(((x13aqx7)+x17)-((x9*x5)*(x4*x9))))*-0.000000)+154.385911)+((((3950256.246311+x8)+(x15aqx8))*(1.897706+((x0+x10)*0.000125)))*0.000021))+((((((x6+x3)*(x3-x5))aq((x10aqx6)+(x3+x8)))*-0.000238)+((0.000004*((x5-x8)*(x15aqx9)))+((0.000001*((x14aqx3)aq(x9-x15)))+-0.000318)))*(72.975394+(((((x12aqx14)*54231.651857)+2473999.723233)*(((x12aqx17)+(x0*x15))*((-897.484000*x16)*(x8aqx14))))*0.000000))))*((0.000000*((2512586435060.531250+(-413872147326113.875000*((x17aqx8)*(x5*x4))))aq(((x13-x16)*((x12*-1.012591)+208.460868))-((((0.000000*x12)+7624.063208)+x1)aq(x8+x9)))))+((((((x8-x15)-(1028534981614057825090142208.000000+(0.000000*x1)))-((x0*x15)*(x16*x9)))aq(((x5+x9)*(x7+x10))-(((x14*x17)*-268429940246237577216.000000)+16598196622215065108480.000000)))*0.000000)+(-1806.150266+(((((x5+x0)*-70351466.210284)+82423997.400867)*((-793929.340857*(x7*x16))+9191963.151922))*0.000000)))))*0.793079)+((((((((73154382447692361977530128160294724173824.000000+(-548315667980871931438566019228655157248.000000*(x0*x15)))+-173463397500394965827584.000000)aq(((118443977150756181508096.000000+(-112468822859625578496.000000*x12))+((x12*111307911618076983296.000000)+-130567764957833673572352.000000))-(((x14*x17)*-268429940246237577216.000000)+16598196622215065108480.000000)))*0.000000)+-1759.784842)*((-0.000001*((((49001495427913095212607881143279157248.000000*(x7*x1))+-42542779316131084089930976532312883200.000000)-((x0*x15)*(x16*x9)))aq(((-11906362814661051754370681536512.000000+(x17*33449103972958066558701796327424.000000))*(x7+x10))-(-11124963321925699369503561003040768.000000+((x5*x17)*3934238163324076334966818039922688.000000)))))+((((-746121.712799+((x16-x14)*-5585.337440))*((545.679749--266188.496493)-((x0*x15)*(x16*x9))))*0.000000)+((((-271.258258+(x1*0.000157))+(0.020490*(x7*x1)))*0.585221)+-934.090611))))*-0.158913)+((-0.874142+(((((15.126880*((-897.484000*x16)*(x8aqx14)))+(12591.127057+(-71563.887521*x3)))+((((x5+x0)*(x16-x14))*-144.573728)*1.332630))*(((((x8-0.000000)-(0.000000aqx8))-((x0*x15)*(x16*x9)))aq(((x5+x9)*(x7+x10))-((x9-x14)-(x10+x13))))*((((x3*x13)*(x15*x17))aq((x2aqx8)-(x14*x11)))+(((x5-x8)+(x0*x1))-((0.000000-x6)-(x17aqx2))))))*-0.000000))+(((-0.027536*(((-57910428115184038977732608.000000+((x14*x17)*1709717917006940663185408.000000))+((-1718756212653819693105152.000000*(x14*x17))+58232661898472423040221184.000000))aq((((x14*x17)*74372302042610958336.000000)+((x12*111307911618076983296.000000)+-130567764957833673572352.000000))-(((x14*x17)*-268429940246237577216.000000)+16598196622215065108480.000000))))+(((-0.000000*((-11906362814661051754370681536512.000000+(x17*33449103972958066558701796327424.000000))*(-14600694404455028.000000+(x9*49820571389116.343750))))+0.519880)+(0.000000*((((x12aqx17)+-1191.428463)*((x9*-0.000000)+0.000000))*(-350266081972613746387845120.000000+(x11*5641563718340721478991872.000000))))))*-1.129867)))))
sbp,1193_BNG_lowbwt,ok,9,200,0.629584,491.535129,463,2011.55,,-807382.877660+-690.206684*(((((((x8+x3)aq(x5-x1))-((((-1196.395000*x0)+(-420.817577+((131.189456+3.137067)*((x8+0.000000)aq(x3*474.835000)))))*-0.000862)+(-1217.767996+(((((x4+x3)*(x7*x1))-((x4-x3)+(x6+x4)))*(((x4-x6)aq(x1+-197.212000))+((x7*x3)aq(x6-x4))))*-0.001780))))*-0.965157)+((((-0.204066+(((((1145.046000*x1)*(x6+x1))*((x6+8506209.757296)aq(x1*x1)))aq((-31344838048.950256+(-1415117126.129896*x6))-((755.372000+x3)aq(x0aqx3))))*(0.949571+(-0.000578*((x8*x5)*(x8*x4))))))*-194.555038)+18.067473)+(-0.000001*(((((x4aqx5)-(x7aqx0))aq((x3aqx4)-(x1*x5)))+((((2.689223+(-2.026746*x2))-x8)+(x5*x8))*((x2+x6)*(x2-x6))))aq((((((1145.046000*x1)*(x6+x1))*((x6+x2)aq(x1*x1)))aq(((x6+x4)+(x8-x4))-((755.372000+x3)aq(x0aqx3))))*0.301613)+-44.277010)))))+(((((-159812.899128*((-1196.395000*x0)+(-420.817577+(134.143754*((x8+0.000000)aq(x3*474.835000))))))+((-374773.867689*((((x4+x3)*(x7*x1))-((x4-x3)+(x6+x4)))*(((x4-x6)aq(x1+-197.212000))+((x7*x3)aq(x6-x4)))))+-100100607.635636))*((((((-1.005687*-2.279400)+0.006667)-(x1*((x5*-0.945169)+0.355713)))*-0.000000)+0.000000)+((-598.518856*((x2+((x2*-1.000000)+-0.000000))*((78.867285+(-1.606450*x2))-x6)))+0.000001)))*-0.004567)+((0.000000*(((738759796186821165056.000000+(2163619101760301039616.000000*(((0.000000aqx5)-(x7aqx0))aq((x3aqx4)-(x1*x5)))))+((((x7aqx0)*9727946794221686784.000000)+-5809528276114530304.000000)*(42740248227831502309242984570210083235556598499365179567173915377664.000000+(((0.000000+x5)aq(x3*474.835000))*-2095386157388852309152794418735616321865358165791277762598001526702080.000000))))aq((((((1145.046000*x1)*(x6+x1))*((x2*36977.527441)+-4107933.457978))aq(((0.000000+x4)+(x8-x4))-(-698281331.771195aq(x0aqx3))))*0.301613)+-44.277010)))+((0.558198*((((x4aqx5)-(x7aqx0))aq((x3aqx4)-(x1*x5)))+((((2.689223+(-2.026746*x2))-x8)+(x5*x8))*((((x4aqx5)-(x7aqx0))*0.002001)+((0.000370*(x3aqx4))+-0.000492)))))+(((((-0.644107+(-0.822157+(0.580715*x7)))aq((x3aqx4)-(x1*x5)))*-0.214209)+-0.077545)+((-1.032346+(0.456053*(x1*((x1*-0.004053)+0.197178))))+((((-866.129000aqx3)*-9687750616900494444803718706791811041929700479397810354924877756483654175288396164890624.000000)+(-8310989687130429443362008688561887953648305944393830589787575455312789298613160765510647808.000000+(2293396587715498263964913097503539871982233971373515712457886868399752883397933752016437248.000000*x3)))*((0.000000*((-0.055714*x1)+1.284077))+(-0.000000+(0.000000*(x4aqx5))))))))))))
sbp,1196_BNG_pharynx,ok,10,200,0.011998,308.577298,359,2105.0,,1175.247791+0.698850*(((1.319457*(((-0.000000*((((((x9*-5.719837)+-87891116157614196522854991790080.000000)*((17.969907*x5)+-19.180754))*(-12878694901185256101213372416.000000+(1650586719047173608239529984.000000*115.293565)))+1461888774938323266997403516928.000000)*((19776788845503372.000000+((-2321033231671563.000000*(x6*x6))+-14689515387826298.000000))*((((x6*x9)*-3061001189291336.000000)+422077099774230.625000)+(1491849166896442.750000*((x2*x1)*(x8-x2)))))))+-277.047104)+((((((x9aqx2)*(x9aqx7))*-8.663956)+(0.316016+(-1.153186*((x2*x1)*(x8-x2)))))*-102.788663)+((14.848346*((((x0-x7)aq(x6*x9))aq((x7+x2)-(x9+x9)))*(((x0-x9)+(x2*x5))aq((x1-x9)aq(x7*12.964000)))))+((0.000085*((((x4*271.898000)*x9)*(x4aqx3))*((x5+(x6*x6))*x5)))+-207.057284)))))+((1.086505*((-4.476672*(((-0.067083+(1.000538*(-1.933338*(x0*x2))))*((((x0-x7)aq(x6*x9))aq((x7+x2)-(x9+x9)))*(((x0-x9)+(x2*x5))aq((x1-x9)aq(x7*12.964000)))))+(0.521338+(((x0*x2)*14.735090)*1.000000))))+(((-35.663132*(((x9*-5.719837)+0.186129)*((x2*x1)*(x8-x2))))+-119.634254)+(-0.000185*((((x2aqx0)*-815547.836723)+556202.965661)+((x6*x6)*192172.496142))))))+((((-212.506487+(-61.584938*((-1.831539+(-2.350996*x6))aq(x6-x2))))+(0.000361*(((42735.431611*(x7*x8))+-41049.036154)*((((x0-x7)aq(x6*x9))aq((x7+x2)-(x9+x9)))*(((x0-x9)+(x2*x5))aq((x1-x9)aq(x7*12.964000)))))))*0.779996)+(((((-995.728809*((x7*x8)*75.424818))+118863.896765)*(((42735.431611*(x7*x8))+-41049.036154)*((((x0-x7)aq(x6*x9))aq((x7+x2)-(x9+x9)))*(((x0-x9)+(x2*x5))aq((x1-x9)aq(x7*12.964000))))))*-0.000000)+(((-120.557009*x5)+-30.099151)+(-102.611996+(14.482353*((((x7*-6.212451)+3.906241)+0.186129)*((x2*x1)*(x8-x2)))))))))))
sbp,1199_BNG_echoMonths,ok,9,200,-2.052661,26.393305,559,2006.03,,-13608269.522277+0.000218*((((((((((((x8+374.557000)*(x0+365.321000))+(-274777.284498+(x7*x7)))-((-137811.420957+(x4+0.000000))+((0.000000-x7)-23632.561909)))*-23.545036)+3236329.358540)-(1038.956214+(-15.704474*((x8-x6)*(x4-x6)))))*-0.000109)+(((-0.430678+(0.000000*((((x8-x0)*-1154.430052)+981.994381)*((337.539276aq(x6-x4))*((x6-x5)-(x0+x0))))))+(0.000126*(((((x2*x0)-(x6+x4))+((x2aqx5)*(x7*x5)))*(((x6-x3)*(x7+291.166000))aq((x2-x3)-(x8+x5))))aq((((x7-0.000000)+(x0-x5))+((x2+x2)aq(x8*x0)))-(((x4*x6)*-4.519028)+640.747465)))))+((-0.074320+(-0.001668*(((x1aqx5)+(-15.401250+x8))*(((x0+x8)*31.584532)+-39.779830))))+(362970760645857280.000000*(((((x2*x0)*0.000000)+-0.000000)*((0.004981+(0.000000*x7))+291.166000))aq(((896705.001960*(x2*x0))+1334216.198519)-((1333576.822255+(x2*298758.193341))+(3132956981279.702148+(x6*-291021277174.260681)))))))))*-59250.111815)+((-1844.313000*(((0.000000*(((((x2*x0)-(x6+0.000000))+((x2aqx5)*(x7*x5)))*(((x6aqx5)*-102492080.259091)+9843406.783069))aq((((x7--129.715340)+(x0-x5))+((x2+x2)aq(x8*x0)))-(((x4*x6)*-4.519028)+640.747465))))+((((((x0*77.596960)+3.602370)*((x6-x5)-(x0+x0)))*-0.012615)+-36241.181218)+(3836.465860*((((5093.227618*x4)+-91144.298099)-(-139404.912556+(7755.153204*x4)))aq((10954626328.396341+(x1*-190996303.698971))+((86.311557*x6)+-699.212399))))))+((-0.000005*(((57206.415511+((x0*x4)*-28783.326529))*(((x6-x3)*(0.000000+291.166000))aq((x2-x3)-(x8+x5))))aq((((0.000000-x6)+(x0-x5))+(286.277469aq(x8*x0)))-(((x4aqx2)-(x5*x2))*((x0*-69.129387)+29.998361)))))+((((19531891.692047+(-21442767.902913*(x4aqx6)))*((3.817454+(-0.185332*x6))aq(-253.082872+(x6*29.978748))))*0.000004)+((-0.099922*(((x4aqx4)*-301.862524)+(340263001.899532+-340593915.966454)))+((((x2-x3)--83695401.062888)*-7.491909)+593155022.552225))))))+((((((-2.230451+(-4.909203*(x0-x3)))+(0.000000*(((63557965851249164827327297748992.000000-x3)*-155546797685735.625000)aq(-8978441580352.160156+(x1*158724609975.413788)))))*-1771.172790)+-9953.517127)+(-0.000000*(((((-2539391931745802882836008335440871424.000000+(266139896561913786825457506386444288.000000*x4))*0.000000)+-0.000000)*((-18361754473139433111552.000000*((x2-x3)-(0.000000+x5)))+-83005109107855967911936.000000))aq(((1058806901.168758+-2671796927.373115)-((x5*-45938034130.741318)+91168691297.530426))-(((16371096692.768515*x0)+-36222026573.854324)+(3132956981279.702148+(x6*-291021277174.260681)))))))+(((((((0.401278*(x8-x0))+0.058248)*((375394121546.954468+(x8*1104232659607.697266))aq(-253.082872+(x6*29.978748))))aq((((x7-x6)+(x0-x5))+(286.277469aq(x8*x0)))-(((x4aqx2)-(x5*x2))*((x8*x1)+(x4-x5)))))*-0.000000)+(((((0.401278*(x8-x0))+0.058248)*(((-346407274.424897-x3)*(x7+291.166000))aq(-253.082872+(x6*29.978748))))*-0.000000)+-1783.107291))*(((((0.000002+((x2*x0)*-0.000003))*(((x6aqx5)*59785460064059282948096.000000)+-196035243324971291770880.000000))aq(-1199740181930347735138801954956249795168087008181393845215297536.000000+((x7*x7)*758676837295962219745818967931414399734719312539976126190059520.000000)))*1533499581962525432531519899638859682730213376.000000)+-1592.167041))))))
sbp,1201_BNG_breastTumor,ok,9,200,-0.402967,13.873108,421,2011.12,,-2830.843984+2.897699*((((((((x7+x8)aq(x4+x6))*7491.221004)+((-90.644945*((((177.346571+(x8*-58.491877))-((-65.600331*x8)+176.450928))-(((x5*61.848000)-(-307.769000*x8))*((x2aqx1)*(x1*x4))))*((((x5aqx6)+(x5aqx5))-((x2aqx2)+(x4-x7)))aq(((-221.012000*x6)-(x7*x7))-((x0aqx5)aq(x8-x5))))))+(4505725.116043+(((5053.358673+(-0.395556*(x7+x8)))+(7.953615*((x7+x8)aq(x4+x6))))*-891.616546))))*0.000345)+((((((x3*x6)aq(x6aqx7))aq((x1+x0)*(x3+x8)))aq(((x2+x3)+(x2*x2))-((x8-x4)+(x1+x8))))*1225.497825)+(((((-0.951067*(x3aqx2))+0.361528)*(((x1aqx1)+(x3+x7))aq((x8-x2)+(x4-x6))))*9.152764)+-0.673786)))-((-0.014370*((((-104.518233*(x1aqx5))+70.807452)+(174.578457*((-0.810360+((x3*x6)*0.537836))+(((x3*x8)aq(x2-x6))*-2.696337))))-(((-141.032815+(34.910645*(((x7*0.819664)+-3.664823)*((x1*x4)aq(x6*x4)))))+(0.038617*(((x3+x0)*(x4+x4))*((x7*x6)*(x4*x2)))))+(((x4aqx4)+(x8-x4))*-60.041362))))+(((((5.019831*((0.920833+((x4*x4)*-0.645872))*((x8+x3)aq(x2+x4))))+1742.151894)*(-63.455358+(-0.137324*((0.668893+(-0.227609*(x4*x4)))*(((x1*x4)*0.879247)+-0.334278)))))*0.008905)+((((((-0.770424*(x1aqx6))+0.077087)*((0.668893+(-0.227609*(x4*x4)))*((1.232996*(x1*x4))+((22853898137464.269531*x4)+-20556630840421.515625))))*0.000000)+((((-5242.116297*((x3aqx8)aq(95.542000*x1)))+((3214.482392*(x3aqx1))+(-317.067619+(x1*-575.429348))))*0.000879)+(-14518.924737+(2.873182*(5053.358673+(-0.395556*(x7+x8)))))))+(((11477920.184591*((-0.636660+(0.724698*x6))aq((354027183.490842*x0)+-17421618522.142933)))+((0.481367+(0.757921*((x3*x6)aq(x6aqx7))))+(((-0.636660+(0.724698*x6))aq((354027183.490842*x0)+-14985127997.465652))*-578856105.739792)))+((((((x6*-3517386145.054821)+4417515469.556705)aq((354027183.490842*x0)+-16427015560.477375))*-0.053321)+-0.060600)+((((-4555.908824*(x8aqx4))+527.926485)aq(((-221.012000*x6)-(x7*x7))-(742.550864+(-974.142506*x2))))*0.061915))))))))
sbp,1203_BNG_pwLinear,ok,10,200,0.021922,4.153646,437,2013.81,,-53.069564+2.587177*(((-0.838814*(x0-((((x4aqx1)-(x2*x0))*0.796606)+((0.167166*(((((x9aqx7)*(0.062000+x4))+((x0aqx5)*(x4aqx2)))+(((x2aqx0)aq(x0-x6))+((x2+x2)-(x0-x1))))+((((0.000000aqx2)+4.730777)aq((x8-x2)+(x5-x7)))aq(((x1-x2)-(-1.026000-x6))+((x1+x2)-(0.872000+x5))))))+(((x1*x0)*-0.418237)+-0.095158)))))+((((((((((x7*-3.348428)+-2.710885)+(-19.751620*(x8*x9)))*(((x4+x8)+(x2*x0))*((x7*x9)-(x7aqx7))))*0.096873)+-2.333407)+((((2.491530*(0.629496*(x5*x9)))+-0.010907)+(0.588846*((2.121610*(x7*x6))+0.140310)))*-1.555686))+(((-0.248422+((((4.156000+x8)aq(x9+x0))aq((x4+x9)*(x8-x6)))*-0.449177))*(0.450786*(((4.156000+x8)aq(x9+x0))aq((x4+x9)*(x8-x6)))))+((-3.830970*((((x7aqx1)*(x0-x5))*0.496314)+(((x3*x5)*0.664951)+((0.712219*x5)+0.615362))))+((-2.670677*(((x0*x5)+(3.926000*x6))*0.193623))+13.178636))))*-0.125908)+(((((-876943.398857*((0.051034+((x3+x8)*-0.646895))aq(((x1-x2)-(-1.026000-x6))+((x1+x2)-(0.872000+x5)))))+-87306.968942)*((((((x9aqx7)*(0.062000+x4))+(3.115953*-0.872566))+(((0.000000aqx0)aq(x0-x6))+((x2+x2)-(x0-0.000000))))+(((x1*x0)*-2.607191)+-0.165963))*(((1.454961+(-19.751620*(x8*x9)))*(((x4+x8)+(x2*x0))*((x7*x9)-(x7aqx7))))+0.155582)))*-0.000000)+(((((-0.100820*(((x8*x9)*(x7*x5))-((x0*x5)+(x8aqx1))))+-11.287804)+(0.011365*(((-1.412998+(x0*0.000000))+(-19.751620*(x8*x9)))*(((x4+x8)+(x2*x0))*((x7*x9)-(x7aqx7))))))+(0.082697*((2.089846*((x8-x3)*(x2aqx8)))+((33.775600+(2.293778*(x2aqx8)))+(1.845685*((0.722984*x3)+124.690004))))))+(((((0.543990*((x8-x3)*(x2aqx8)))+4.222031)*((-0.099492+(-0.741657+(-0.632579*x1)))*(((x8*-0.488888)+-0.139861)*(x7*x6))))*0.154861)+((-0.003139*(((x8*-0.488888)+-0.139861)*(-1045.487703+((4.744000aqx8)*300.708639))))+10.438603)))))))
sbp,1595_poker,ok,10,200,-0.79123,1.913621,413,2010.17,,-4.686126+0.000023*(((0.000995*(((0.000000*(((19933550900824223908801193816621056.000000+(((x7*x3)aq(x8-x0))*-938088246611416119520447348867072.000000))aq(x8-x0))*(6471.354894+(((-157182250189.915222-(x4aq9.055000))aq((x8-x6)*(-44.994000-x4)))*6498.827481))))+1942814.154035)+(((((((-31.682705+x3)aq(x7*x8))-((x2+x9)+(-53.613000+x0)))aq(((x3+-2.306733)*(x5+x4))*((x8*x7)*(x4*x2))))*((((-17667977702138843792748631512055808.000000+(2358891938056711384478791587856384.000000*x1))aq((x8-x6)*(-44.994000-x4)))*0.000000)+-1152281205.039085))*-0.023340)+((((((x0*x2)aq(x6-x3))aq((x5aqx4)aq(x0aqx1)))*((-1000187733.858359*(x2aqx7))+677427855.363923))*-0.007354)+(((0.000000*((4599886206719391744.000000+(-472712633763724544.000000*x1))*(x4-x9)))+4367028.742388)+(((((0.000000*x7)aq(x8aqx3))aq((x5-x2)*(x1*x6)))*215795.621274)+((((x7*0.000000)aq(x8-x0))*-0.000000)+(2831521.293464+(371801.873635*(-43.728000aqx2))))))))))+((-7195640182495219961785483264.000000*(((((193364338203364064.000000*((301064.821425aq(x8aqx3))aq((x5-x2)*(x1*x6))))+1091614937750416916480.000000)+-849497477528918425600.000000)+-2084022809327430008832.000000)*(((((17631294429741249020747369032484118939149199736832.000000aq(x8-x0))*-0.000000)+398488059781031.500000)aq(-678922099204.741821+((36919889014531614574478710337789457442173381523342161855444949423326494720.000000+(-86613847128699367757678868997010699631695488912150054585262040982805807104.000000*(x2aqx7)))*551480.426947)))*(6471.354894+(((((x7*x3)aq(x8-x0))*196940929.979485)+-3656255892.654465)*((((-44.994000-0.000000)*-450647574.847743)+-22308389902.349262)aq((x8-x6)*(-44.994000-x4))))))))+((-0.000001*((((-202.548548*(((25.050549*x2)+-81.301571)*(x4-x9)))+-7132.326632)*0.000000)+(((32258.296491+((355035996717902875923405449489022976.000000*(x2aqx9))*-0.000000))*((((x4*-2776508342863652559227903408063090256214722719077690400309248.000000)*-0.000000)+-2406079.492591)aq(((x9aqx3)-(x2*x7))+((x3*x6)*(x4-x9)))))+((((-9461744856.667587+(x2*2921673195.502889))aq(419162323.704638+(x1*-40615156.139829)))*43856001.910655)+(((-0.000000*(x2aqx9))*-94366600421034934812847354437006861298664405006626403858918428913740808192.000000)+(-228542465404.795074+(-7887338340.621121*(x0aqx4))))))))+((((1253547514791274249271243610275621888110868581818219864225398757481460069982637784605915007927975936.000000+((((306742810538034980192003672156869478357925888.000000*x9)+-1687973374615745417107780323044970365051731968.000000)aq(30297022781404578784839557210655950064205660867116808105253547278336.000000+(-3171523418151200203931795879947851700103401983993275547691318771712.000000*x1)))*-20870971982917750829025352901903563655363590336681814225750655885388161407714936419193688086241697949042280689448691695616.000000))aq((94617483695488601449300953779856819777930044602403680370421799612618444052993867509452450562048.000000+(((x7*x3)aq(x8-x0))*-20260650346427259428118910468699607550671835220724513738338736680200848202906310695852707938304.000000))+((36919889014531614574478710337789457442173381523342161855444949423326494720.000000+(-86613847128699367757678868997010699631695488912150054585262040982805807104.000000*(x2aqx7)))*551480.426947)))*-0.019126)+((1052.896304+(((((x1*403467375709703040.000000)+-2725461772374218240.000000)aq(3108572667860695298735534690533376.000000*(x8-x6)))*(((x2aqx9)*-1040999196085500032.000000)+48423725205249408.000000))*-0.000000))+(((((x4*-2776508342863652559227903408063090256214722719077690400309248.000000)*-0.000000)+-2406079.492591)aq((101.827123-(x2*x7))+((x3*x6)*(x4-x9))))*-0.179612)))))))
sbp,192_vineyard,ok,2,52,-0.662536,5.571845,369,2006.01,,3871807476250826.500000+1.141235*(((0.076596*(((23.785698+(0.847767*((((x0aqx1)*(x1aqx1))+((x0+x0)+(x1-0.000000)))aq(((x1-6.835000)aq(x0-x0))*((x0aqx1)+(39.918000+x0))))))*(x1-((-0.041984*(((x0*x1)aq(x1*x1))*((14.506000-x1)*(x0--52.454000))))+(((((x0aqx0)aq(11.984000-x1))aq((x0*-37.356000)+(47.126000+x0)))*-89.968236)+(2455042451635567.500000+(59844053520757.976562*((17.736000+x0)-(x0+58.760000))))))))+(1619.899173+(0.055975*(((((x0*x0)aq(x1+-10.146000))aq((x1-61.525000)+(x1aqx0)))*2530.023420)+(4706.889563+(-33103.580495+(((x0+x0)aq(x0-x1))*-527.067267))))))))+(((((((((0.008583*(x1+x0))+2033118677020368.500000)*11412379766826274.000000)+(-23202722453183885063041029505024.000000+(((55.878000aqx0)+(x1-x0))*731164180065099.625000)))*0.000000)+-155.049937)+((15941834357654368.000000+(-149267.795186*(((-113.406046*(-30.741916-x0))+53400109839.536873)+(113.406048*((37.844000+470875303.217858)+(16.389000-x0))))))*0.658149))+((-0.000000*((((0.311680aq(11.984000-x1))*-29351136910171176.000000)+-16768847275970408.000000)*((((0.008583*(x1+x0))+2033118677020368.500000)*11412379766826274.000000)+((161365551182190080.000000*(0.235931aq(11.984000-x1)))+-23202722453183979638633204285440.000000))))+(-33.422253+((((7793.940509*((1.066916aqx0)aq(11.984000-x1)))+-516.830859)*(((27.947675*(x1-x0))+-256.449495)aq((x0*x0)-(24.468000+x0))))*0.000183))))+(((((1.451030*((((x0aqx0)aq(11.984000-x1))*-0.571905)+5429276416007408.000000))+(((((x0*2.000000)+-0.000000)+(x1--18063136083388708.000000))*-0.051181)+-6953552924391687.000000))+((1.287167+(((x1+-23.856177)*(x0aqx0))*0.129452))+(-2.247974*(((0.311680aq(11.984000-x1))*-29351136910171176.000000)+((11373293576278258627014418873734879852467530088499963182302305869256091479601758942259466203037696.000000aq(11.984000-x1))*0.000000)))))*1.035691)+((0.995181*(((0.000000+(((x0+x0)aq(x0-x1))*0.000000))*((((17.450674aqx0)aq(11.984000-x1))*109958035914266478656688104669184.000000)+-1509640484696993580832200652369455124687540453376.000000))*(0.243028+(-0.000000*(-1200152028251046144.000000+(-50.531721*(x1-x0)))))))+((0.725000*(((3392646990963215.500000+((x1aqx0)*-0.035195))*2.926829)+-9929698510136240.000000))+(0.175712+((((0.311680aq(11.984000-x1))*-29351136910171176.000000)+((11373293576278258627014418873734879852467530088499963182302305869256091479601758942259466203037696.000000aq(11.984000-x1))*0.000000))*-0.715084))))))))
sbp,197_cpu_act,ok,21,200,0.968628,3.636996,445,2013.97,,-251.062083+0.000000*((((-224025647465.391541+(((112854268232.311768+((-262027614683374304.000000*0.000000)+-11848283910.236801))*((((22212.615622*((x17-0.000000)*(x6+x10)))+112833569078.006866)+(-0.012267*(((x14-0.000000)-(x5aqx13))*((x19*x8)*(x9*x6)))))+(((((x17aqx2)*-13261419471586.896484)+941638961916.479736)*((10267188220980.083984*(x17aqx2))+(-489944951308.347839+(-306101044.382185*x19))))*0.000000)))*-0.000000))*(((-164101441.805190+(((-57.906994+(((x15-x3)aq(x20-x3))*(-291075.910499+(1756.319418*x19))))+x12)*89085.155312))-(756417120.879607+((x2+((((0.000000-x12)aq(x2+x20))*-4.046580)+(-2308.936446+(14.051754*(x10+x16)))))*-359471.684215)))+((((x4+(-57.906994+(((x15-x3)aq(x20-x3))*-3512.988886)))+(98.403993+(((x17-x9)*(x6+x10))*0.037233)))*2128501.234087)+(-2534998237.974962+((((386609969.764926+((x16-x4)*225970.834324))+((x19aqx16)*-311336.940222))*(0.000000+((x1*x14)*0.000000)))*((380035.229798*(-0.297954+((x7aqx2)*0.029899)))+(39561503.137187+(((x19*x8)*(x9*x6))*0.002263))))))))+((-840303004001077504.000000*((((0.000000*(((-2946422914.349256+(x2*1981033.343424))aq(x2+x20))*((-9787508.145263*(x2-x19))+7019005552.888708)))+-56381632253.137787)+(((113930441899.692657+(22888.928606*((x17-0.000000)*(x6+x10))))+(-0.012267*(((x14-0.000000)-(x5aqx13))*((x19*x8)*(x9*x6)))))+(((((x17aqx2)*-13261419471586.896484)+(575095924330.827393+496629415712.457886))*((10267188220980.083984*(x17aqx2))+(-489944951308.347839+(-306101044.382185*x19))))*0.000000)))*((-0.000000*(((0.000000*(-22698.419716aqx2))+0.000000)*(((-0.000000*x5)+0.000000)+(((0.000000*-7036874417766.400391)+-2148261940956424192.000000)+((x9*x6)*-2040046808147288320.000000)))))+(((0.000000*((-218.464822*(x13aqx3))+((0.000011*x7)+-2019.534119)))*1.000708)+((150.197318*(-106.507695+((x14aqx7)*-0.000000)))+(((x4aqx4)*-0.000000)+(15997.170176+(0.000000*(x0-x19)))))))))+(((13188112924799434216395969134592.000000*((0.002371+(((0.000011*x7)+-147885725994.821411)*0.000000))*((x9*1.557503)+-1.497928)))+((-59906016208234553344.000000+(-26232595605072446493598158946304.000000*((((x17aqx2)*-13261419471586.896484)+(575095924330.827393+(x16*4926274323.894375)))*(((-11943293.835000-x12)*0.000000)+0.000000))))+(0.079667*((-386878416224389371082571776.000000*((x4aqx4)*-6327118172.301977))+(-176203299392073637036032.000000+(5981917751599229734558953946703536320413696.000000*((x4aqx4)*-0.000000)))))))+(-128931618233895469812023296.000000+(5134995810233.519531*((((386609969.764926+((x16-x4)*225970.834324))+(((x16-x4)*-225970.834324)+-386609969.764925))*140605411774183.468750)+((((-0.007850*(x19*x8))+4803847417.094917)+(-916.368529*((-0.012680*x8)+-27394207696.914948)))+(-0.000349*(((x14-x14)-(x5aqx13))*(-358774700.660320+(6296652069.012717*x13))))))))))))
sbp,201_pol,ok,48,200,0.615404,23.920339,437,2021.78,,-287.646017+0.000000*((((4382975984262211835881165755875342148612005965420939033685524480.000000+(12498005594523012148123336215751671162612199181185449984.000000*((((((x8+x4)*((-0.000573*x20)+-0.002955))*0.003298)+-161.869650)*((x5+x6)+(-240.925000+x29)))*((((-661.106270+(318.338199*(x4aqx5)))*(((x8+x4)*(0.556238+x4))*((-0.000443*x4)+0.054112)))*-0.773802)+(-1229985.623206+(((645.754000aqx4)+(465.884891+(0.450483*x4)))*2284.791564))))))*(((402919828977385242146101002240.000000*((-319.923742+((((-95.130551-x11)*(x44+x8))*((x6+x5)aq(x2-x36)))*-0.020170))+((2.765596*((645.754000aqx4)+(-135.563105+(0.450483*x4))))+248.188005)))+((101815775893970434189831438336.000000*(((x8*x20)+((60.451140*(x7+x4))+(-6376.097145+-6390.206903)))*(0.049706+(-0.001974*(x18aqx13)))))+(((((x18aqx2)aq(x7aqx40))aq((x42+x11)+(x42-x25)))*-4349309447499936366451289623625728.000000)+-11765357130741467166057582034944.000000)))*((((((x8*x20)+((60.451140*(x7+x4))+((-41.473372*x4)+-6390.206903)))*(0.049706+(-0.001974*(x18aqx13))))*-37169456567657.398438)+3457493385711293.000000)*((((-7575.162794+((x8*x20)*-6.203815))*9920.205398)+-10590060.853696)*((33099.259754+(((-361.207160+(0.959986*x8))+x8)*-139.975379))*((((-0.000060*(0.000000+x4))*0.003298)+-161.869650)*((x5+x6)+(-240.925000+x29))))))))+(((((((((0.000000+(x19*0.000000))*((x5+x6)+(-240.925000+x29)))*-0.000058)+-0.000000)*((-14403.224036+(-0.000017*((196668855.075697*x28)+-491691971.806201)))+((((x20*93.687575)+1.432621)+(-0.996402*(x8*x20)))*-7642.281058)))*35222562466089832688180584540035202057526836469296142034334357229061325080051911169169042758399782801967942813997540056670753100635921874356985586732161272103459089168487842325511278213835364947125114893603569191797740542767807600210051334144000.000000)+45926422286668454974312420171021240053739342993802489533888743862122021281355981365983374882791390634450647190099545543837483008.000000)+(((0.000000+(((x6+x8)*((0.902444*(x6+x8))+-347.632605))*0.000000))*((33099.259754+((x6+x8)*-139.975379))*(((((0.000000+x4)*(x30+x4))*0.003298)+-161.869650)*((x5+x6)+(-240.925000+x29)))))*-5365140682293488362717147955584141062942359433405751799973700464741664352349534958184362186002764005301275282538533549031871670646980618325826516726325575907372439637688400111621982488294352299156911839001707359148369948939649024.000000))+(((((87.584828+((((x5+x6)+(-240.925000+x29))*((68212252666551571191718194811829562093642098026550566846464.000000*x20)+1405940863242166450351364707848290245478821350547562447241216.000000))*0.000000))*((-11.606719+(((-95.075148+x4)*(-0.556288+x4))*-0.009745))*(((0.000000+x4)*(x30+-0.573214))*((-0.000443*x4)+0.054112))))*2351175467727852319833801141560860748484621321485541807837943088754433508245061723073702090846554125702709094511819431608320.000000)+105956434167476377340006300866082953460792913222258932445988864717344975114701957987428955733415801149779034977472101784703991808.000000)+((-13734128041891937292340601109151719923070996685050281494407282688.000000*((((-209.592856+(0.870414*(x5+x6)))*(((x5+x6)+(-240.925000+x29))*((68212252666551571191718194811829562093642098026550566846464.000000*x20)+-71717335008017328639732213979216875612195819007663669248000.000000)))+((127012011521719628421275452464165751812787734804503141023744.000000*((x8*x20)*-6.203815))+(((x22*x26)*368885682053688571837054891711016015746282934172378621055860736.000000)+(-11781443797231903577202943969087107692948815687758953259728896.000000+(x4*0.000000)))))*((-0.006861+((x7aqx4)*0.004572))*((x5+x6)+(-240.925000+x29)))))+(105318847306575139866597330518817220121532679190108239346439163003272372981257148441556438705995363404488991738190992792713428992.000000+(((((x12*-3329.541769)+20872.064605)*(-2825494659529623507304573697311881517769260640568968405275341619248000720737535719616496224838728033257782450878035330596864.000000+(1581490288916316661552771520207513540786166715187689108964967727238983166984594676863032159752530490436441398950943703171072.000000*x20)))*((-0.042523*(x6+x5))+9.423615))*-0.005283)))))))
sbp,210_cloud,ok,5,108,0.903274,0.387324,517,2007.15,,-192.379199+0.000000*((((((((((x3aqx1)aq(-198839405.909563+(402887474.248661*x3)))*((-67108864.000000+((x4aqx4)*651351159733959809564672.000000))+648138062742123758747648.000000))*-0.000000)+((((x3aqx1)aq(-198839405.909563+(402887474.248661*x3)))*4025853466.738815)+338.563428))*(((((x3aqx1)aq(-198839405.909563+(402887474.248661*x3)))*((-651344025036318803230720.000000*(x4aqx4))+648134946043443982368768.000000))*0.000000)+(-116.721917+(323.118172+(-0.000913*(-398837.305152+(-16772.034852*(x0+x3))))))))+581543892974.976685)*((x2+(x3+(((((-16827.309552+33654.627368)+((x3aqx4)*-97436.918134))*(((x3aqx1)aq(-45.998000*x0))*((x3+0.000000)*(-43.513000*x3))))*0.000000)+((0.169590*(((0.000000-0.000000)-(x2+x4))aq((x0-x2)+(x1+x0))))+(40.212491+((x4*x1)*0.076302))))))*((((((x3+x2)aq(-19.437000*x3))*-5.297647)+(((((x3aqx2)aq(x2aqx1))*-0.724372)+-7.834084)+(-5.692415+(69.248961*((-0.001436*x3)+0.071520)))))*10.489579)+((((((x3aqx4)aqx1)*(-19202685.869832+((x4aqx4)*25844967.891820)))*((-0.000000*(x0-x1))+-0.000000))*-9182.814906)+(854.162614+((((404.217158*(x3aqx1))+((x3*-276.751407)+23.497341))*(((-0.522786aqx1)aq(-45.998000*x0))*(776.114664+(-233.308235*x4))))*-0.000211))))))+((1.051122*((((115.532846+(((-1028170.531653*(x2*x2))+((6592999.042511*x2)+46501949.519314))*-0.000000))+(((0.000001+(14102510366.416887*(x4*x1)))*((80934748560710912167120994304.000000*(-0.522786aqx1))+19222312322211623317792620544.000000))*0.000000))+(((((1769931841467941974723306635147830060122112.000000+(-1745599213572702100107405563931353682018304.000000*x3))aq((x4*-2241563004751444476986442262731816960.000000)+5222401328039926965826264192260243456.000000))*-0.000000)+-1608.114369)+(0.000002*(-198631934.736146+(((0.000000-x2)+(x1+x0))*-147928.890576)))))*((((((1769931841467941974723306635147830060122112.000000+(-1745599213572702100107405563931353682018304.000000*x3))aq((x4*-2241563004751444476986442262731816960.000000)+5222401328039926965826264192260243456.000000))*-0.000000)+0.000024)*(((((x2*x2)*141313111870.412109)+2946136731.781494)+(-42374567192448416.000000+(15788589235708764.000000*(x2*x2))))aq(-2157105726315457193590128640.000000+((x4aqx2)*2779059189940940268608946176.000000))))+((((((0.000000+19.833000)aq(-17.903000aq11.934000))*((x0+x3)+(x1*39.537000)))aq(((12.940000+x2)-(x4*x3))*(36.986724*(x4*19.904000))))*-15226480969.234364)+((-2143002.013707*(((-119622807594100491900364698749459496960.000000*x2)+390680747142598930728690444862333386752.000000)aq((x4*-2241563004751444476986442262731816960.000000)+5539190265379085705564824045615054848.000000)))+80895527584031.562500)))))+((0.946642*(((-24728.460667*(((42353.509835*(3534235314330643.500000-x1))+-149687270145312194560.000000)*(((x1*-64707.913987)+22494.673848)aq((x0-x2)+(x1+x0)))))+172765884744115424.000000)+((946332862.593893*(((x1*-64707.913987)+22494.673848)aq((x0-x2)+(x1+x0))))+(((-1489296.124381*((13274932.156813*x2)+2090508660.957067))+3924447550201232.000000)+(187154829582329079566172160.000000*(((0.000001*x1)+-0.000001)aq(-198839405.909563+(402887474.248661*x3))))))))+(((((((x3aqx1)*-565125.042768)+402070.429381)+134523.199182)aq((1034262.269619*((x2*x2)+(2032.087058-0.000000)))+-2102906325.522281))*-20711451129075.402344)+(((((((x2*x4)-(x3-0.000000))*(31261024934493373333504.000000+(-43706999216471363551232.000000*x1)))+2280.746846)aq((-304282606.936426*(-0.585970*(x2aqx1)))+-124835107.498866))*-0.008526)+((-518402257272.405884*((((x4aqx4)*2.449090)+-2.099265)*(((-0.522786aqx1)aq(-45.998000*x0))*(776.114664+(-233.308235*x4)))))+163536608727762560.000000)))))))
sbp,215_2dplanes,ok,10,200,0.851961,1.258146,301,2155.27,,440.146321+1.737391*(((-0.833660*((((1.050006*((x5+x0)+(x1+x0)))+((((x0*x2)+(x4+x6))*0.810035)+(0.207775+(-1.353533*((x4*x0)aq(x4+x1))))))*-1.012711)+((-0.562241+((((2.110224*(x0*x1))+-0.249654)+(-0.582126+(((x4+x2)aq(x6-x5))*3.286411)))*-0.222265))+((((((x0*x5)*1.739980)+-1.201978)+(x4+x6))*0.399830)+((0.364996*(x0*((1.088462*x6)+-0.543213)))+0.112620)))))+((((0.238997*(((-0.890068+(((x7-x5)aq(x4+x3))*0.666805))*0.926311)+((x3*0.567801)+((0.245428*((x8*x6)+6.227413))+-0.092381))))+(((((x0*((x3*6.902427)+-5.377810))+-0.167405)aq((x6+x2)aq(x1-x4)))*0.012186)+((((x0*x2)+((0.803187*x9)+-0.884255))*-0.061946)+((0.024036*(((0.000000*x2)+(0.000000+x6))*(0.897698+(3.992588*x6))))+((-0.006824*((4.638018*x8)+-3.007570))+-127.531397)))))*1.994988)+((((((((0.507477*x4)+-0.169850)*(x0*x2))*0.005772)+0.002138)aq((178.636286+(((x2+x7)*(x1aqx5))*312.682142))aq(x9-x8)))*6792.938058)+(((((0.215657*((-1.340578+(-1.937047*x9))*((-0.011305*x2)+(0.000000+x6))))+-2.193325)*(((-0.343951+((x4+x2)*0.649157))*(((x2*-0.763556)+-0.035671)+((x0*x1)*-0.701846)))+((((-0.588851*0.000000)+-2.505163)+((x5*x7)*-0.331802))+0.563890)))*-0.094939)+(0.078863+((((-22567788675433083437056.000000*((0.000000*x9)+-0.016020))+((2305831216447129.000000*x9)+(-625904470210981920768.000000+(-1566128571857941037056.000000*-0.168807))))*((((0.000001*x0)+0.000000)+(x6*3126.384340))*(((x0*x5)*-875936232381.945557)+-67255872189.719986)))*-0.000000)))))))
sbp,218_house_8L,ok,8,200,0.376732,38095.198835,433,2033.21,,-7705707596213846.000000+-1644832.152627*(((-0.009347*((-0.000003*((((((x5-x4)aq(x7*x7))*((x4*-251305.777000)-(x3aqx2)))+(((x2*x1)aq(x0+-270417.058000))*((x0*x7)+(x4*x2))))+(-1415596.574572+(-6.037330*((-101687.483000-x5)aq(x0*x1)))))+((0.753057*(((x2aqx7)aq(x4+x1))*(((x2aqx7)*-17489474.233065)+11201286.473914)))+(-2140147.962493+((((x1aqx3)aq(x3*366243.145000))*((278746.423000*x5)+(x2-x2)))*-24904249.535604)))))+((0.016520+(((x0--246971.314000)aq((-2544.733810+(51002.976023*(x7*x7)))-x3))*0.000404))+((((x0--246971.314000)aq(x4-x3))aq(x0*(-298.168035+(((0.000000+x6)aq(x0-x7))*112095.861129))))*0.061554))))+((429900949743080064.000000*(((((((-4.011437+(x6*0.729120))*((x6*-0.009471)+0.056049))*0.000000)+-0.000000)+((((x0--246971.314000)aq(x4-x3))aq(((x6*x3)*-35539.617657)+173326.385827))*0.000000))+((((((x1aqx3)aq(x3*366243.145000))*((278746.423000*x5)+(x2-x2)))*56062422.113222)+((-273862522.808802*((x1aqx7)*(x1*x7)))+(-59182.157502+(95170.144109+(-411571.142117*x5)))))*-0.000000))+((-0.000000*((x0--246971.314000)aq((((x6+x7)*-34442201.955754)+274885098.025220)-x3)))+(((0.000000*((-846238712297367902617600.000000+(1041376428015294389157888.000000*x3))aq((x5*7403680248032734114634142842880.000000)+-370064637382771354830649688064.000000)))+((((0.000000*x6)+-5.287808)*-0.000000)+-0.000000))+(((((-0.000000*-1409554.148941)+-0.001040)-(x7+x0))*((x1+x2)-(2468237.760564+(-4264157.524442*x3))))*-0.000000)))))+(((((0.011682*((((x3*0.092974)+-0.086318)aq(-80157.279281+(15171.989160*x6)))*(15605.612058+(-30991.290641*(x1+x2)))))+-4685136911.428882)+(-0.000000*((((x2*17675936487870634801413715400008459539409814057677051920384.000000)+-8438547103272122920177000936975533360662839002045458939904.000000)aq(x4-x3))aq((((-0.000000*x2)+-5.287808)*30613961052818472988706759312979877190966547955198035646590815094844300460032.000000)+161880753038030269964105694721372831680665558879278080170423814451884856442880.000000))))+(141016078004730.156250*((-0.000000+(-0.000000*((-3631895594085320762120669133869821600989184.000000+(607577436302356853472015576577554562154496.000000*x6))aq((x5*7403680248032734114634142842880.000000)+-370064637382771354830649688064.000000))))aq(x0*(-298.168035+(((0.000000+x6)aq(x0-x7))*(71765.993547+(x0*46.497622))))))))+((((-41938059162587400.000000*((-431419.692521+((x3*0.006371)+431419.687505))aq(-29941855239291744.000000+((x1*x5)*56857006744374083584.000000))))+0.746293)+((((((x1*-2435020631717864464874486104064.000000)+-124920719744638283723984338944.000000)*-1030829214171836.875000)+-68181209309310.812500)aq((((x1+x2)-(0.000000+x3))*-8415438466275.138672)+285412744550.684814))*-0.000000))+((((((x6*0.000700)+((-0.000700*x6)+0.000000))*((1958267039324088310359635525632.000000*x2)+-883154524473777895701877882880.000000))*0.000000)+0.000324)+(-755449669215721984.000000*((-3664285689.073557+(-5566677847.238616*((x1+0.000000)-(0.000000+x3))))aq(((-138807911847274864.000000+(x1*21533039013231398912.000000))*-8415438466275.138672)+285412744550.684814)))))))))
sbp,225_puma8NH,ok,8,200,0.533319,3.894428,401,2009.13,,1615.833509+-0.001040*((((-1251.403232+(((((10616623.911408+(((-0.000000*x1)+-0.005741)*1849160553.267125))-(((0.837499*0.739626)+((x1*0.323355)+0.022816))aqx1))*((-27245146.800034+(32317298.679303*(1.686090+(-1.000006*x0))))+((x7*x7)*0.043373)))*(-0.000056+(((((216.627295*x2)+-12.487793)aq((x1+x1)-x6))*(((x5+x2)*-0.053387)+0.040188))*-0.000009)))*-0.000071))*((((((x2aq((x1+x1)-x6))+(0.731805+(((0.000000-x7)*(x1aqx1))*-1.072943)))*1.218905)+-1455.811117)+(((((((x1*-1.321770)+-2.216380)aqx4)-((x1*-151.543647)aqx1))*(-0.026339+((x7*x7)*0.524971)))*((0.015898*(((216.627295*x2)+-158.673493)aq((x1+x1)-x6)))+0.360460))*0.064558))+(((-0.147274+((((x1aqx4)-((x1*-151.543647)aqx1))*(-254.033223+(102.381367*(x2*x2))))*-0.000118))+(-0.142836+(((x2aq((x1+x1)-x6))+((-0.733901*(x1*x1))+0.941220))*1.477144)))+((0.525826*(((4.248813*(x1aqx2))+-0.212197)-x1))+(((-1.950352*(((x1aqx4)+(x6+x7))aq((x6aqx7)+(x3+x1))))*0.659954)+((0.003966*((-79.395198+(126.572601*x4))aq((x1+x1)-x6)))+((-0.906843*(x2*x6))+0.394603)))))))+((-499894.822015*((-0.495926+(((((-55.688137+(0.000000*x6))-((x1*-151.543647)aqx1))*((-27245146.800034+(32317298.679303*x0))+((-32317298.668616*x0)+27245146.799664)))*(27199957375947628389804802048.000000+((35990.450340aqx5)*(-1092673140153070269759488.000000+(x0*-32277729164840019165184.000000)))))*-0.000000))*(((((((x1aqx4)*66445519782.375252)+-18963145422.851257)*(-1949638558.060282+(-556671.252268*(-4340.798575aqx0))))*0.000000)+((0.000000*(((x2*x6)*42572.533262)*((2.857124*x7)+-0.143035)))+-0.495942))+(-1.204662*(((x4*x3)*(-1949638558.060282+(-556671.252268*(-4340.798575aqx0))))*((6332.278382+(32402.078637*(x2*x6)))+(-6332.278382+(-32402.078637*(x2*x6)))))))))+(-147350.048468+(((((((x0*x6)*-1.000000)*(10.586322+(-8.454124*(x5+x2))))*-0.000000)+(0.000000+(0.000000*(((-352379.086944*x2)+621551.976789)aq(18523.904784+(-10673.673061*x2))))))+((0.000000+(-0.000000*((3770571.006688+(x4*4604855.306012))*(x2aqx5))))+(((((x6*-1.000000)*x6)*-0.000000)+-0.000000)+(-0.000000*(-0.154803+(0.357665*(x6+x7)))))))*27481729895.471298)))))
sbp,227_cpu_small,ok,12,200,0.883923,6.995894,455,2029.61,,23.980898+0.000000*(((((((-0.000000*((((0.000000*1301119535581789.500000)+-1236.987687)+(4.444305*((0.000000+0.000000)+(x11aqx2))))*(-0.000378+(((69769915275.862274aqx6)+(x9*0.000000))*0.000000))))+((0.000000*((-35063.566086+(x6*16934.522470))+((x6aqx8)*-577772491.052097)))+(((((1833775233703211264.000000aqx2)aq(x2aqx3))*-0.000000)+-0.000000)+(-0.000000+((x2aqx3)*-0.000000)))))*94609971065477894714163200.000000)+-5641.146985)*(((((((x5aqx6)*-108.315660)+((0.162390*(x2-x1))+-349.874357))*6.999938)+873.883946)+(-2764.813006+((((-0.765356+(-0.000000*(-408108921.121417aqx2)))*0.765356)+((0.937751*(0.000002*(x6+x2)))+((-0.000015*(x2aqx5))+0.619126)))*0.000066)))+((-95.183193*(((-0.616007+(((x5+x2)aq(x2+x11))*-39.106165))-x5)*16.556424))+(((x10-((-1.148498*(x1-x10))+(((x7aqx4)*-0.070548)+((x8*-0.000832)+17.848807))))*3.192615)+((0.999703*((((0.000000aqx6)+(x9*x7))aq((x4+x8)*(x1aqx10)))*-0.001675))+((-0.000652*(((x5*17122908497.947802)+-7698776332.598347)aq((x7-x11)+(x5*x7))))+((((x1*x2)*(x1*x1))*0.000000)+((0.000673*(x11+x5))+(3194.477198+(0.000268*x11))))))))))+((-53.014345*((((((((x11aqx2)aq(x2aqx3))aq((x11aq6200082.930000)*(x6*-6440536.889000)))*((-11842891033874.652344*(x6aqx8))+170536934.934562))*10413721495447864868864.000000)+63200123106913503843448782848.000000)+((((((x7aqx4)*0.024688)+-261.519956)+((-0.024677*(x7aqx4))+261.355525))*((0.000013*((x7aqx4)*-0.703897))+0.022293))*-966628572438149047321444220928.000000))*((-0.000000*((((-1236.987747+(-0.000035*x5))+-1236.987687)+(4.444305*(534.577940+(x11aqx2))))*(-0.000378+(((69769915275.862274aqx6)+(x9*x7))*0.000000))))+((0.000000*((-35063.566086+(x6*16934.522470))+((x6aqx8)*-577772491.052097)))+(-0.000000+(((2424038757034425152526115362172720804965326782115583703864229205334303758111885989608517999167497004122112.000000*x8)+(100124392308792660112266642476697755372001774485468098591267575366666549645967525782326347825152.000000+(x8*-2424038757034425152526115362172720804965326782115583703864229205334303758111885989608517999167497004122112.000000)))*0.000000))))))+(((0.051825*((-22038509444.013855*((1833775233703211264.000000aqx2)aq(x2aqx3)))+((22038509444.013855*((1833775233703211264.000000aqx2)aq(x2aqx3)))+-536870912.000000)))+844431080.424946)+((((((x4*4.045737)+-54557.649539)+((((2424038757034425152526115362172720804965326782115583703864229205334303758111885989608517999167497004122112.000000*x8)+-286381514045188185129202407217382136147859093294151277075145539292224485138035110088310168791622033539948609536.000000)*(0.000000+(x8*-0.000000)))*1.394375))+(((-59634367981622880.000000+(x5*118817351114844672.000000))aq((x7-0.000000)+(x5*-316894.983888)))*-0.000000))*((((((x11aq0.000000)aq(x2aqx3))*98948.928088)+((28505695276.916847+(x11*-14002.535053))+((x2aqx3)*796967150.801675)))*0.000000)+0.009575))*(((((((x2aqx5)*81156912894419646337476846094550912236257280.000000)+-61483437258665075471757207144599640639920930816.000000)+((-0.024677*(x7aqx4))+261.355525))*((0.000013*(0.703897*-0.703897))+(((-451900775878.356812aqx8)*0.000009)+((0.035446*0.000000)+72.413009))))*0.000000)+-1432911.324426))))))
sbp,228_elusage,ok,2,55,0.163717,14.927787,627,2005.83,,-1805841.816546+-0.000000*(((((((-29.224783*(((((-7024654579.728158-x0)*0.000000)+0.355422)*(((x0-32153323196616808.000000)*-0.000000)+-2083490.636397))*(-3811642055591743.000000+(9212691.117276*((x0+-109.909091)*(x0-0.000000))))))+((((((-185424047235.082581+x0)*259971619719851.218750)+48204989880251145273737216.000000)aq(((x0*x0)*3148.120760)+(2795506.563259+-12966898.756041)))*(5155882398414390.000000+(-0.000000*((126818057592554240.000000-x0)*772198.685744))))+858277168.087790))*((0.592798*((301123960127999319816011776.000000+((2298389119387491.500000aqx1)*-542869155243.065002))aq((((2298389119387491.500000aqx1)*2949.755241)+-51381331021163593728.000000)+((x0aqx1)*(510430392135403520.000000+(-1107511219214065280.000000*x1))))))+(((((82.734580--12.424000)-(x1*x0))aq(((x0*x0)*3148.120760)+-7086133.622339))*112446027550.786331)+96694899.351964)))+-18298347535989580234752.000000)*(((((((-422923.542498*((80.312000+0.000000)aq(33.292000+x0)))+10275539.196272)+(8292.762782*(((0.000000+0.000000)-(-136.685000*x0))aq((7058.797754*x0)+-387594.246990))))+(((((x0*0.000000)+-8.617937)+(-1.889217*-0.021909))+(((x1*-178.335814)+306.762340)+-2340258.216378))*(((x1--12.424000)-(x1*x0))aq(((x0*x0)*3148.120760)+(2795506.563259+(x0*-190735.205755))))))+((560481.351589*((9.951947+(-0.628926*(x1*x1)))aq(-11470.700660+(7.115100*(x0*x0)))))+(((((0.000000+0.000000)-(-136.685000*x0))aq((7058.797754*x0)+-379748.453086))*-8418.363023)+-413561.880028)))*(((((((x0+0.000000)*(-360.846000-0.000000))aq((x1+38.287000)-(x0*x1)))-(977.106217+(-2998.182702+(236.279498*x1))))*(-0.000007+(-0.000000*((0.000000+-43.903000)aq(270.077000*x1)))))*10.202800)+(((((82.734580--12.424000)-(x1*x0))aq(((x0*x0)*3148.120760)+-7086133.622339))*-171.601841)+(100.759220+((((x0+0.000000)aq(270.077000*x1))*((14397958798845075143885707709796843520.000000*x0)+-472820514331233407013043503721837756416.000000))*-0.000000)))))*((-972214.959702*(((0.000003*(((126818057592554240.000000-x0)*-772198.685677)+97928737393073316691968.000000))+-13017902.947092)+((((x0+x0)-((-367420.220040*x0)+21181688.278266))aq((7058.797754*x0)+-387594.246990))*(16604948017719824.000000+((x0--1038285023905386496.000000)*-0.015993)))))+((0.186799*(((((x0+-109.909091)*(x0-0.000000))*-123936117.832530)+-342078809570.416687)aq((((x0*0.000000)*1.897019)+(-14693.821099+(54.100204*x0)))+((x0aqx1)*(92674.866254aq121.111000)))))+((-0.000000*(((18533500772490420224.000000+(-2017830653934951936.000000*x1))aq((7058.797754*x0)+-379748.453086))*(((x1-143623910879191920.000000)*772377663000533.375000)+110931900635867137966923692638208.000000)))+(((((x1*13578875676748.548828)+-124957382922656.578125)aq(377.694592-(x0*x1)))*0.000008)+(-30907005387970021687296.000000+(-91455970728630636511232.000000+((x1-143623910879191920.000000)*-851968.000000)))))))))+(((((((-2302785945175630.000000+((1272651712856527646543758746236953625423318723343513134870705875928603833400615732908347788528059004124921856.000000*(x0aqx0))+(-1271685173083269384604173155419464646840892975822788332889903689606478829281004240497598835858074185507012608.000000+(x0*-12351907270906279518467972356229755288137142801294027481745309069219180773345649326764172402125631913984.000000))))aq((((x0*0.000000)*1.897019)+(-14693.821099+(54.100204*x0)))+((x0aqx1)*(92674.866254aq84.166679))))*0.000000)+0.000000)*((4016055.004840+(((4484236689644216345004662063104.000000+(-4485393343384295226083049996288.000000*(x0aqx0)))aq(((x0*x0)*3148.120760)+(2795506.563259+-12966898.756041)))*-0.000000))*((((((-7024654579.728158-x0)*0.000000)+0.355422)*(((x0-32153323196616808.000000)*-0.000000)+-2083490.636397))*-4403068251835698.500000)+((0.529890*((-21316731695504813058262998974464.000000+(274814495031703337655437623296.000000*x0))aq((-42224824665639256621590773760.000000*x1)+247591052335919731977050128384.000000)))+((-0.461402*((x1*x1)+(-7024654579.728158-x0)))+-3263743670.519846)))))*266038149402367207298969450993545438676622770176.000000)+((-915848001202139824128.000000*((1397242199.672624*(((134931677466.083572+((x1-x0)*1835333397.918874))+-8359103155.548751)aq((((x0*0.000000)*1.897019)+(-14693.821099+(54.100204*x0)))+((x0aqx1)*(92674.866254aq121.111000)))))+((462307585713105.500000*(((x0+0.000000)*(-360.846000-0.000000))aq(334.027624-(x0*x1))))+55628168808647123533824.000000)))+((-109204300930953883172248435563340495906144256.000000+(((301123960127999319816011776.000000+((2298389119387491.500000aqx1)*-542869155243.065002))aq((((x0*0.000000)*1.897019)+(51051150610218999808.000000+(54.100204*0.000000)))+((x0aqx1)*(510430392135403520.000000+(-1107511219214065280.000000*x1)))))*-1021290501466115335071566135296.000000))+(-109204215416781794462441681500660583211466752.000000+(((((x0+x0)-((-367420.220040*x0)+21181688.278266))aq((7058.797754*x0)+-387594.246990))*(16604948017719824.000000+((x0--1038285023905386496.000000)*((-0.000000*x0)+-0.015993))))*215936667824137846192293562810368.000000)))))))
sbp,229_pwLinear,ok,10,200,0.779409,1.748842,369,2003.96,,-40.566655+0.031144*((((3417.643029+((((((66.501731+(1.653794*x9))*-0.258904)+-5.947065)+((-0.295351*((-5644.148557+(x6*x0))+(-8.104283-(x3*x5))))+-6.682086))+(((((3.881752+(0.000000*-0.017813))+((-3.519368*x9)+-4.652564))*((x1+1.363143)-(0.872000+x5)))*-0.104494)+((0.045347*((-3.281016+(x5*10.172863))*((x1+0.000000)-(0.000000+x5))))+((633.657835+(0.263110*(x4*x0)))+(633.622541+((x6*x0)*-0.166899))))))*-1.167777))*(((((x3+x5)-(x3aqx5))-((x8aq-2.740000)-(x4+x2)))-(((x0*((1.795865*((x1+x2)-(0.872000+x5)))+((-2.504802*(x0*x1))+((-1.879462*x4)+6.780150))))*0.449981)+((((0.549646+(x6*-2.112314))+((-1.879462*x4)+6.780150))*0.282451)+((-0.382601*(((x7*0.473650)+25.051793)+(x8aqx3)))+-2.744242))))*((-0.000878*((((3.881752+(49.107306*-0.017813))+(x1*-9.362911))*((x1+1.363143)-(0.872000+x5)))*(21.533031+(((5.117783-x4)aq(-1.076000+x2))*-6.485807))))+(1.868522+((x0*(((-4.009970+(x1*-9.362911))*((x1+x2)-(0.872000+0.000000)))+(((x1+x5)*-5.186515)+((5.482463*x3)+3.812260))))*0.006113)))))+((5962.404200+(((((-368.690925+(-1519.271101*(-0.349895aq(x2-0.125000))))+-37.516148)*(((((x1+x2)*-5.642942)+-6.095758)+11.956026)*(x4+x6)))+(((((2.526600+(x9*-6.860173))*((5.929902*x9)+2.975687))*38.553638)+5558996.141673)+(((((56.481055-x4)*-750.771108)+-5147227.717047)+181932.789375)+((((x5*16.153407)+-6.736204)*(x3*x0))*63.192366))))*-0.010050))+((((0.000000*((((-48.885015+(0.464622*x6))*-4986173.337796)+-243667435.475293)*((45911.251308+((x2-x0)*89449.101023))*((-1.898518+(5.978517*x9))*((x8*6.395644)+-1.084265)))))+59.563313)+((((((-4.009970+(x1*-9.362911))*(0.370264+(-1.592073*x4)))*((x1*75730.129673)+-125337.629349))+((((x1+0.000000)-2742.311591)*473755.146552)+1299521801.412726))*(4.635954+(-3.207927*((0.280978+(x7*-9.821977))*((x1+x2)-(0.872000+0.000000))))))*0.000000))*7.232725))))
sbp,230_machine_cpu,ok,6,200,0.464484,141.706466,479,2015.21,,-185411.353944+-0.000000*(((((((((((x4*-0.000210)+3.350577)*(-1115803.179464+((x5*x4)*-0.861867)))+930889.685569)+(-25120226090.548512*(((144739.275320+x0)+(126037.454000*x2))aq((6636904806250.814453+(x1*-2372415486.970105))*(x2+x3)))))+(((((392319026295711.750000+(x0*-1437839319216.288818))*((x1*-0.000000)+0.000000))*39520759473.322166)+3416044.678898)+((23783334.130860+(32089.878580*((0.000000-x2)aq(x3+x4))))*0.000019)))*67269.646856)+-87827297004.143814)*((((-636048792.276222+((((-0.000000*(x3aqx2))+0.000000)*((x3aqx2)aq(285599.854000*x0)))*-648825955729705032220672.000000))+(2085.919417*((x1-296647.423000)+((-0.000424*((x3aqx0)*(x5*-210210.038000)))+960.281398))))+(((-7025.765347+((((x2+x5)+(x5aqx3))*((x5*x3)+(x1+x1)))*-0.000039))-((x4+x2)+(-2935.877932+(169240349.499061*(0.000457aq(x0+x2))))))*-701.075090))*(((-1.132492+((((x2+-31879.347862)+(x5aqx3))*((x5*x3)+((x5*-116.083972)+1044.638935)))*0.000000))*-0.014190)+((0.000000*(((-612.370460+(8.734293*x3))aqx5)*(-1903.924958+(751.821473*x3))))+((((-6626.519440+((x5-x1)*-0.420250))*(((x1+0.000000)*(-23.002451+x4))*((x1*-0.000000)+0.000000)))*-4489197568174.793945)+48.845553)))))+((37527571849532203008.000000*((2671.211414+(-1191199.555672*(((((x1+4683.030131)*(-23.002451+x4))*-0.000000)+-0.000189)*((-6626.519440+((0.000000-x1)*-0.420250))*(((x1+0.000000)*(-23.002451+0.000000))*-0.000000)))))+(((((-352564.470947+(92728.739916*(x1aqx0)))*(((x5aqx3)*-1185707009639748242310692864.000000)+256417218034790827762384896.000000))*0.000000)+-3592.023508)+((((((0.000000+0.000000)+(x5aqx3))*((x5*x3)+(x1+x1)))*0.000002)+-876.642336)+((((x5aqx2)*(x4aqx0))*116.700071)+(0.039943+(-0.005892*(x3aqx4))))))))+(((((((-352564.470947+(92728.739916*(x1aqx0)))*(0.000000+((x2aqx5)*-0.000000)))*-196919631883150521473100402473709669981764121001984.000000)+((((4408007140941742592.000000*(x5aqx0))+11981827983968753942528.000000)+((x1*x2)*-31349763466.100471))+(-4338014079736048254976.000000*(((x3aqx2)*-0.161094)+((x3*0.000023)+1.381438)))))*0.522502)+((0.000000*((-352564.470947+(92728.739916*(x1aq0.000000)))*(((x5aqx3)*-1185707009639748242310692864.000000)+256417218034790827762384896.000000)))+-20406479160035434823680.000000))+(((-282761.658058*(((447.991067+((x4aqx4)*-18.721918))+((-0.000000*(6540807525705.121094aqx4))+-850.816171))+(((151857791.270047+(0.000000*x5))aq((x5-0.000000)*(x2+x3)))*-0.000000)))+((((-165230.683454+((x4aqx4)*86.474664))+((x4aqx4)*5737.395924))*1816.071137)+((0.000008*((-612.370460+(8052284580.714491*x3))aqx5))+((-1413521030.318789+((-4876.947576*x3)+35280.210490))+(1353367.130364*(x4aqx0))))))*(10916786008473.367188+((((((0.000000+4683.030131)*(-23.002451+x4))*-0.000000)+-0.000189)*((-6626.519440+((0.000000-x1)*-7.572750))*(((x1+0.000000)*(-23.002451+0.000000))*-0.000000)))*2457250308516004.500000)))))))
sbp,294_satellite_image,ok,36,200,-9.736048,2.82695,341,2005.48,,-0.007085+-0.007840*(((-154103726434644192.000000*(((-0.000000*(((-143.578611+((x8+x35)*0.970601))+(-1701.062635*(((0.000000+x35)aq(x22-x24))aq(-51869.803322+(x14*586.842142)))))+(((x15+x33)aq(x8-x2))*-2.104053)))+0.000000)*(((((x26+x15)+(11.973721+(-1.025103*((x8+x35)aq(x22-x24)))))*-0.000001)+((-0.000006*((1.108000+(0.869027*(x8-x2)))+((194.548816aq(x8-x2))*-2.230671)))+0.000153))*(((0.000006*((x15+x33)aq(x8-((x18*-12.979358)+1145.833168))))+0.000050)+(-0.010452*(((((-2.062281*x23)+162.798620)+(-210.653638+(x23*3.112081)))-(x8+x5))aq(-10889.079056+((x10+x18)*((x23*-0.786763)+170.642742)))))))))+(((((((-249609323804.473969+(((x8+x35)aq(x22-33.117423))*116915687829.856003))aq(-10889.079056+((110.338593+(x17*-0.066470))*103.683876)))*0.000000)+(-0.000000+(0.000000*((2.527828+((x18aqx2)*-2.543491))*((37380365.333441aq(x22-x24))aq(-51869.803322+(x14*521.976493)))))))+((0.000000*((((x18aqx2)*9313888528604133376.000000)+-9511691279603744768.000000)*((-25497357760782917632.000000+(479024994441247.750000*(x30*0.000000)))aq(((-5.232021*x31)+439.139911)-((x18*-12.979358)+1145.833168)))))+(((0.000000*(((x26*-7897174.051018)+773471054.499304)*(69742059023836562750510578588975104.000000+(-716284292186713603893666305277952.000000*x21))))+-0.000000)+((0.000000*((4563876969300.073242+(x0*-54578027580.646599))aq(-51869.803322+(x14*521.976493))))+0.000000))))*-196039160479897152.000000)+((0.999505*((((((-106.228051+(1.258985*x7))aq(-121924.466345+(1604.041318*x15)))*((-1209520660244151402496.000000*(x34-x3))+25688266714308101013504.000000))*0.000000)+6.476549)+((((443458322.829284*x15)*735750817979424506548746633286277473546456010079595324903326357134579891153663950848.000000)+(3705346855594118253554271520278013051304639509300498049262642688253220148477952.000000+(-468314908328855789467982895964403777089103779058432875702775528393115587300292558848.000000*(x15*696699630.865298))))*0.000000)))+((0.061522+((((-0.149225*((x23+x27)-(x22+x17)))+-3.327451)aq(-10889.079056+((110.338593+(x17*-0.066470))*103.683876)))*167.313328))+(((((-0.149225*((x23+x27)-(x22+x17)))+-3.327451)aq(-10889.079056+((110.338593+(x17*-0.066470))*103.683876)))*167.235945)+(-69.427780+((45449879802238068838208311974977089256191688704.000000*((0.000000+x35)aq(x22-0.000000)))*0.000000))))))))
sbp,344_mv,ok,10,200,0.990814,0.820854,381,2012.93,,-602736.355744+0.004735*(((((((221.777206+(-221.773402+(((x2*x5)*(x7*x0))*-0.000982)))aq(13536667.043860+(32.472455*((-7405.508030+(-2614.573168*x0))*(x0*x5)))))*-5349934.017033)+870.636795)*(((((-1.075504*((x3-x5)+(x5*x7)))+2068.711655)+((0.845172*(x3+x0))+2068.265637))*((((221.777206+(-10.053041*(x0*x5)))aq(x5+x1))*0.000017)+(1.839151+(((((0.000000*0.000000)+-3.855279)+x3)aq(x3aqx6))*-0.000294))))*((((((-4245.093721+(7327.428509*(x7*x0)))*((x3-x5)+(x5*x7)))*0.000000)+(-0.063727+(-0.000000*((x1*x9)*(x7-x6)))))*0.063990)+(0.119802+(0.356352*((221.777206+(-10.053041*(x0*x5)))aq(x5+((x5*-1298771.641444)+7790376.334221))))))))+((-0.000000*((((((221.777206+(-10.053041*(x0*x5)))aq(x5+(10786486.290190+(x5*-1335515.162671))))*34973208749913.062500)+-7159757482915402.000000)+(((0.000000*((-19223869756674968.000000*(x7*x2))+74118555245249180991488.000000))+2710.510350)*(((2142.459000-1404.925000)aq(x6-5718.551000))aq(260946.985191+(43.486544*((-5997.332589-x5)+(x5*x7)))))))*(((((x5*(12.024538+(2.079390*x3)))*-0.000005)+((((x5*0.000000)*0.000001)+-0.000057)+(((0.000000+x0)aq(x5+x1))*0.000265)))*0.000890)+(-1.200799+((((x0*x5)*0.000007)+(((x3*x0)*-0.000021)+1441.834467))*(((x3aqx5)*0.000000)+((-0.000000*(-0.477310-x6))+0.001314)))))))+((-0.000000*((-283152.473230+((x5*(12.024538+(2.079390*x3)))*12090.196516))*(((-1434358.407739+((x3aqx3)*-1567037.213233))*(((-281385.645749*x8)+76436188.967687)-x6))+((-4090642178643.411133+(40661131150771.890625*((0.000000+x0)aq(x5+0.000000))))+(29426461745214.328125+(-26887259679486.816406+(-29110889448399.523438*(x7*x0))))))))+(((-71807452.710425*((((x0*x5)*0.000007)+(((x3*x0)*-0.000021)+1441.834467))*((((x5*0.000147)+0.000158)*0.000000)+(((x7*x0)*0.000000)+0.000834))))+85232264.129563)+(647.773887*(((1788.183243+(0.015458*((0.000000+x0)aq(x5+0.000000))))+(((4.403311aq(x5+x1))*((x7*71857052.686927)+965982.323178))*-0.000000))+(((46248.818724+((-1438233986.300651aqx3)*0.000123))*(((x6*540.600038)+-182.452511)*(550.803893aqx5)))*-0.000000))))))))
sbp,4544_GeographicalOriginalofMusic,ok,117,200,0.704375,0.454293,467,2008.83,,7.726978+-0.000888*(((((211.264033+((((-0.024050+((6901.084208aq(x47+x83))*0.000005))*-0.019884)+((-99381144.485407*((0.000000*(x99*-2.080024))+-0.000000))+(-224.374169+((0.000001+(-0.000002*x90))*-460699.370769))))*(-1.033188+(-0.004440*((-99381144.485407*(0.000004+(0.000000*x90)))+(-1.033384+((-0.371470*0.000000)*0.963001)))))))+-196.715012)*((((0.625949*(((((x74-x44)*1.972383)+0.447655)+((-5.653400+(x41+x101))*2.376262))+(-0.252986+((x74*-1.295054)+11.979047))))+0.735946)+((0.000425*((((x14+x41)*2023.553184)+54.904378)-((-4394.112820*((x14aqx99)*(x17*x92)))+376.591807)))+(((-0.532874*((-27.155765+(x39*0.000000))+(x99*-1.207474)))+-14.740578)+((3024.937450*(x42aqx80))*-0.000366))))+((((((((17.790709+x25)-21.276562)*1.129556)+0.280789)+(1.325710*((x98aqx8)+(x41+x101))))+(-19.932447+((((x99+x101)aq(x47+x83))*0.981269)*1.044989)))*0.726073)+(((((-9.138329+((150.288119*x93)*-0.999974))*(9.126179+(150.288119*x93)))*-0.000032)*0.325196)+(((((-4.768306*(x100aqx80))+-0.142411)*(((0.000000*x53)+(x70aqx71))aq((x110+x110)+(x7-x5))))*-0.279719)+(-1.024528+(((0.000003+(x99*-0.000004))*((x90aqx94)*0.000001))+((-38.530677+(-0.479267*x72))+(0.786496*(x104-x54))))))))))+((-146.280071*((((((-0.789780*(-0.000190*(5258.378616*x14)))+0.000000)+(160875.693037+(x93*-3614735.206958)))*(((8964.231765+(-595583.088344*x32))aqx99)*(x17*x92)))*-0.000000)+((((((-106.061600*(x100aqx80))+-0.142411)*(((x103*362.333522)+168.040773)aq((x110+x110)+(x7-x5))))*-0.000084)+(((x42aq((8472980.803914*x42)+5489628.156598))*-87477.995354)+-0.073081))+((((((x90*0.015536)+0.007124)aq((x110+x110)+(x7-x5)))*106.819735)+-1.612552)+((-99381144.485407*((8964.231765+(-595583.088344*x32))aq(809756733559005.500000+(x32*2072972336998721.250000))))+(-1.033384+((-0.371470*x29)*0.963001)))))))+((-56.336459*((((2.685883*((0.973082+(x70aqx71))aq((x110+x110)+(x7-x5))))+-3.966453)+(((-0.403224*(x96*x57))+0.343450)+(-6011994.525612+(2.530601*(2375730.204357-(x44+x103))))))+(-1.853201+(549.607150*(((-0.340378+(-3.463005*x44))+-53.113108)*((1.909277+(x70aqx71))aq(92949.365301+(499709.269816*x72))))))))+((-1056.630860+(((-112132028.754470+(((0.000065*x44)+-13718.519519)*-8173.770233))+(-1.498869+(((-1.000000*x14)*x14)*-0.190384)))*-137.868431))+(-98.588789*((-0.000102*(((-0.059635*x58)+-0.012333)*(((-243529.260528*x47)+-174173.799366)aq((x110+x110)+(x7-x5)))))+(5.713838+(-31602.467831*((0.000001+(x32*-0.000093))*((x102*-0.173074)+0.123768)))))))))))
sbp,485_analcatdata_vehicle,ok,4,48,0.630187,189.894289,389,2007.47,,757527771.424249+0.001371*(((((((0.293448*(((x2+x2)*(x0-x2))*((x0+x0)+(x1*x3))))+((((((0.000000--24.235000)+(x0*x1))aq((x2-x2)aq(x0-x0)))aq((-139.804851+(x2*-721.554913))*((x3-x1)+(-4.252000+x3))))*-4.053912)+0.524206))*-89284.482847)+83040.942083)+(1.014234*(((5046.540367+(-45.162333*(-3.537617*(((x0+x0)+(-13.524821-20.982000))+((x2-0.000000)aq(x1+x1))))))+-226.549645)*((((-6.434000*-2.722000)aq(x2aqx1))+((x1+x3)*(x2+x2)))*(((x0-x2)-((((x0*x0)+(x2aqx1))*-8.797716)+22.520793))+((-16.055000aqx0)-(6.318705+(-0.015669*((x3aqx3)*512.259210)))))))))+((((((((-3154.683025+((x2aqx0)*5361.622408))aq(((-4.241000aqx1)aq(x2-x0))*((x3-0.000000)+(-4.252000+x3))))*0.000224)+(0.315625+(0.036942*(((x2-x1)aq(x1aqx0))-((x2aqx2)*(21.501000aqx0))))))*(((2.691106*(((0.000000*x3)+-6.327291)+((x3aqx3)*-0.000000)))*783530988.793824)+13341504940.598755))+((((-3154.683025+((x2aqx0)*5361.622408))aq(((-4.241000aqx1)aq(x2-x0))*((x3*780686.449361)+-4093713.846413)))*-618.232831)+-11.484279))*23542.642713)+((((((x2*x1)*-24373.574102)+-365559.433841)+(((-118858316.160273+((x0aqx2)*449195072.291845))+(569364093.176282*((x1*x2)aq(x0*-9.651000))))*0.000048))+(-0.000000*(((41845671274.304207*(((x3*310.939605)+-160.162846)*(-17012.017716+(x1*34254.231388))))+-1054709230418453760.000000)aq(-472639.761811+((-92.629685+(x3aqx3))*-5153.742302)))))+((0.858575*((576180.793990+(((x2-x0)aq(x1+x1))*-24230.332694))+(217932.881249*((-3154.683025+((x2aqx0)*5361.622408))aq(((x2*121987.521480)+-150107.629155)*((0.000000-0.000000)+(-4.252000+x3)))))))+((((12753063608251202485297369579520.000000+((x2aqx3)*-59363991525254111855217974706176.000000))aq((-139.804851+-1923703222898614530710950317753894431501534309420925996205107362525141716751208579872780489791154535895400448.000000)*((0.000000-x1)+(0.000000+x3))))*-0.000000)+((((12073948346.831879+((-13550.486219aqx3)*7149709.343258))aq((-62322032099190624.000000aq(x2-x0))*((x3-x1)+(-4.252000+0.000000))))*54423774190.249352)+(((((x3*2099866.726058)+-4862849.260344)*(-17012.017716+(x1*34254.231388)))*-0.000000)+((-1.067140*(-13541.154375aq(x2-x0)))+(-552630963485.800537+(6175.445916*(x2aqx3))))))))))))
sbp,503_wind,ok,14,200,0.683795,2.578002,433,2015.25,,-431.036520+0.005554*(((((0.146855*((((((x9aqx6)+(-11.601208+x0))*(-1.130681+((x12aqx13)*0.091265)))*1.392730)+77.058874)*(204.070194+(-47.281220*((x1aqx1)*((-6.192202*(x1aqx1))+10.495943))))))+104.814883)*(((((x0+x12)+(x8+(48.686503+(((0.000000+x13)+(x12-x4))*0.758587))))*0.337209)+((((((x1aqx1)*(255.820868+(x1*-10.595937)))*-0.085296)+-71.432934)+(0.533637*((((x0aqx0)+(0.000000aqx11))*((0.000000aqx1)-(x10*x3)))aq(((x5-x1)-(x11*x3))*((x8*x6)-(x12*x1))))))+(-0.196427*((((x11aq(-99.751000aqx11))aq(x10*(x4*x0)))*-38987.219870)+(((x12aqx13)*17.897364)+-664.630271)))))+((-0.529250*((67.661284+(((x9aqx6)+(x12+-12.724012))*-1.063099))-(x11-((((x13-x6)aq(x4+x3))*-7.924993)+2.722838))))+((((((x4aqx2)aq(288.626000*x8))+((135.543441+(21.085135*x5))-274.391593))+(((x1*x5)--454.820853)aq((x13aqx2)-(x10aqx12))))*0.006485)+((0.541628*((1376.405313+(-12.510232*(x11*x13)))aq(((x5-x1)-(x11*x3))*((-659.239138*x11)+6921.740171))))+99.536391)))))+(((1.024438*((((23122205.005735+((23099177.150109+-1.001054)*23097415.551664))+(87.399323*(((x1*x5)--454.820853)aq(-137344.215335+(x2*18151.019508)))))+(((((x1*0.000000)--454.820853)aq(47.602957+(-1.639731*x2)))*-0.024950)+(((0.244618*x2)+7.449283)+(-0.000000*(-1839820152.897877+(x4*-60251725.241358))))))*((((-20212220008665928.000000+((x12aqx7)*21164485145190264.000000))*((-1660559991.707863+80349.029806)aq((x4*-515.577650)+5547.174703)))*-0.000000)+68.005164)))+-37169562610533984.000000)+(((((((-156.162537+(x9*12.182305))*((x8*x6)-(x12*x1)))*(((-1067.500267+(78.491426*x4))*(x4-x11))+((-1261.931035+2561.892348)+((-99.751000aqx11)*-79.178556))))*-0.000000)+((6101539.872543*((-0.001963+(-0.000000*(-19159.583815*x10)))aq((5091.416286+(x10*-353.099442))+((14.642879*x5)+-94.333275))))+(410.778975+(0.000000*(((x1*0.000000)-20168884.780805)aq(21.416775+(-1.639731*x2)))))))*(37.608498+(((-20212220008665928.000000+((x12aqx7)*21164485145190264.000000))*((-0.000000+(x2*0.000000))aq((x4*-515.577650)+5547.174703)))*113355352751.706863)))+((1.899130*(((-156.162537+((0.000042*x5)+156.161864))*((x8*x6)-(x12*x1)))*(((-1067.500267+(0.000000*x4))*(x4-x11))+(((-163.934119*x11)+2561.892348)+((-99.751000aqx11)*-79.178556)))))+15277.477607)))))
sbp,505_tecator,ok,124,200,0.995987,0.681889,439,2003.75,,-2030.654991+-0.001155*(((29.703393*((66.530583+((-121.889988+(-0.000032*(((x123*x74)-(x94--119.599948))+((-6.768110*(0.000000-x122))+((x122*-7.288203)+-3773021.740674)))))*(x123-(((((0.000000-x122)-(x96-x68))aq((x39aqx29)+(x25+x123)))*4.926583)+(((x113*0.376165)+-0.963475)+((125.375359+(0.000000+x108))*((0.000000*0.033613)+-0.281037)))))))*(((((x107aqx80)-(x122+x13))*-0.028784)+((((((x66+x92)-(x86aqx1))*(-0.182951-(x111aqx45)))aq(((x63aqx37)+(x14aq-295.547000))*((x35*x52)*(x59-x115))))*0.274633)+11.346193))*((0.001015*((((x123*x74)-(x94--454.324241))+((x23*-18.361076)-(-158.740004+(x102*9.095676))))+(((604.756820-x35)-(x109*x25))+((x79+x25)*(x108aqx93)))))+((((((x123*-0.003300)+0.056545)*((x33-x47)-(x111aqx45)))aq(((x63aqx37)+(x14aq-295.547000))*((x35*x52)*(x59-x115))))*48.129491)+((-46870.714235*(((x63-x55)*-0.000006)+(10.504992+(x109*0.000000))))+((0.120807*((x95-x70)aq(x65+x112)))+(492383.152765+(x118*-0.002302)))))))))+((((((((((x66+x92)-(x86aqx1))*((x33-x47)-(x111aqx45)))aq(((x63aqx37)+(x14aq-295.547000))*((x35*x52)*(x59-x115))))*0.274633)+(((((x66+x92)-(33.640717aqx1))*((x33-x47)-(x111aqx45)))*0.012539)+(-6.198306+(-0.144562*(9.243799-(x86aqx1))))))*(((((10.560716+(x108*15.887319))*((x109*0.000000)+0.026733))*(-584.302132+(597.932308*(x42aqx92))))*0.000015)+(-0.340149+((((4742232422.150401*x109)+1890799352.863242)*((0.245749*x108)+0.000117))*0.000000))))*((((-0.000000*(((x123*-0.003300)+0.056545)*(279121025.538580+(-675044821.710762*x108))))+(-0.170508+(0.055290*(0.003368*(x107+x28)))))*-74225.154528)+11817.843677))*4.594564)+((0.000617*(792295.226461*((((x112+1.429217)*(-1.626253+(1.493760*x110)))*-0.095132)+((-0.081225*(((x123*-0.003300)+0.056545)*(-48.592665+(x108*221.456346))))+(-16.393551+((66.625829aq(x65+x112))*-0.033422))))))+((6004.102203*((((((x123*-0.003300)+0.056545)*((x33-x47)-(x111aqx45)))aq(((x63aqx37)+(x14aq-295.547000))*((x35*x52)*(x59-x115))))*48.129491)+((-46870.714235*(((x63-x55)*-0.000006)+(10.504992+(x109*0.000000))))+(-53692776491.253227+(((-17646272885678.304688-x35)-(x109*x25))*-0.003043)))))+-2334151.083216)))))
sbp,519_vinnie,error,,,,,,,TypeError: predict error: wrong data type,
sbp,522_pm10,ok,7,200,-1.250814,1.265415,437,2016.03,,6.351382+0.000000*((((((2154.118338+(-142.024411*((((x2aqx0)aq(x3-x1))*-19.718197)+((((x5+-2154.623000)aq(x3aqx1))*0.008026)+(23.000862+(0.123509*(x0*x2)))))))+(((((x1-x4)-(1377.893000-x0))*((x1aqx2)+(-2469.049000aqx3)))-(-5634583.892107+((((x0*1636.897000)+(x6*x3))aq((x2*x5)aq(2417.915000aqx5)))*511.926970)))*(((((x5-x5)-(x1aqx5))*((x6*x3)*(x3*x2)))*-0.000000)+0.000381)))-((((((((x4+0.000000)-(x5*x0))+((x6*-217.045000)aq(-326.914000*x5)))-(((0.000000*x2)aq(x6-x0))*(1.421862*(1.972062aqx5))))*-1.471937)+((0.053394*((-836824.501844+(3990.269187*x4))aq(x6+-364.036000)))+394.075291))*2.589860)+((-904.740632+(0.016349*((((x1aqx6)*-6896370791.293083)+289257664.332572)aq(((x3*x2)*-38566.295215)+64312.614978))))+((((((x1aqx6)*9928532597531199559994120528199680.000000)+((x1*-46874807398795593319946221780992.000000)+21554791244029615149044916551680.000000))aq(((x2*x6)*0.256685)+-37.895562))*-0.000000)+(-695.936743+(((867542237.424568+(x0*-68784984.522050))*((6316539.647593aqx6)*(x3*-573.181000)))*0.000000))))))*-19436.903373)+((-20628.114675*((((821.830427+(((-703147152095653.625000+(0.000000*x5))aq(31349691479.372971+(x5*-1042437661.145297)))*-0.000212))+(((((x0*x2)*-208015392.384360)+4930797680.232467)*((10483886021692165718016.000000+(x6*-32306887751745568768.000000))aq(24088319.111907+(x1*5013951.425971))))*0.000000))+(-0.075595*(((((x5*-1409405494144.802979)+19271505278506.789062)+289257664.332572)aq(((x3*x2)*-38566.295215)+64312.614978))*(0.000003+((x3*x2)*-0.000005)))))+(((((((-532.964000aqx4)aq(x6+-44.379722))*((x1*475.871767)+1695.220274))*((-0.000001*(2417.915000aqx5))+0.000343))*1439.796996)+(((((x0*-6379014572929774909258226893312646616546784480545802214157161580199936.000000)+45681700190676706080170556108366032491258504350689473178024634247806976.000000)aq(x3*x5))*-0.000000)+163.887100))+(((((x3*-25585414600.505150)+3723520160.812300)aq(641207084180.842041+(3318610874623.316406*(x3aqx2))))*-2180.219396)+((-0.000000*((45681700190676706080170556108366032491258504350689473178024634247806976.000000+45681700190676706080170556108366032491258504350689473178024634247806976.000000)aq(x3*x5)))+185.216808)))))+(((((-7136683683998779544328333441368064.000000*((-0.664034+(-0.000389*(-2469.049000aqx3)))aq(((1050965293102636946627263822036992.000000*x2)+-2023188799216263172775021964689408.000000)+(x1*5013951.425971))))+2.479648)+(((((x5*-1409405494144.802979)+17337883464319.722656)+289257664.332572)aq((50373078732641697792.000000+(-179278592254087840.000000*x4))+64312.614978))*6662595.157670))*241647.846791)+((1302557340.914474+((((((x2*x6)*(1.972062aqx5))*-0.009888)+-455791.346157)+((((x5*-526001617200846.062500)+-688328016623105920.000000)+(688328016623106048.000000+(x5*526001617200846.437500)))*-32.620120))*2830.390552))+((80.143910*((-62817.002603+(6.744778*((x0*1636.897000)+(x6*x3))))+((((x0*-6379014572929774909258226893312646616546784480545802214157161580199936.000000)+45681700190676706080170556108366032491258504350689473178024634247806976.000000)aq((x0*-96068649163400102275940372057564161600546446557992072017077297076853429741344052690359203813328955986798902749119683483955488592962256896.000000)+760350892785648659236353839061642974046153864845205299890187858492640004217617169766996556621479336832419647207977103413342564966291472384.000000))*(((x5aqx3)*6196215762528928228832933294484036690611336374111956349475282265047040.000000)+-27243858994087121205921067397488078670118891478071584188675739246133248.000000))))+-199725.794402))))))
sbp,523_analcatdata_neavote,ok,2,100,0.943318,0.843757,235,2023.93,,-199.973788+0.008893*(((0.500048*((((((((x1-9.858000)aq(x0-x1))*-0.112797)+2.079435)*((2.620466+(-0.088059*((x1+19.802000)aq(x0+x0))))aqx0))+((0.013126*((-1295.044325+(-0.090555*(x0*x0)))+(((x0*-0.224215)+-15.051838)-(x1*1.535000))))+(-16.953897+(-0.006128*(((0.000000aq31.041000)-(x0+x0))+((x0*x0)-(x1aqx1)))))))*((0.000003*(((((x0-x1)*0.000000)*1894383165497967360.000000)+-57384958.066312)aq((-2668337.687341*(0.000000*(x0-x1)))+-0.000002)))+(((((-569064.451946aq15.763277)-(x0+x0))+((x0*x0)-((x1*-0.013140)+-36027.965105)))*0.058381)+((0.001117*(((x1*42.012520)+-420.274947)aq(x1*x0)))+41466.668309))))*((0.000000*(((((-57.744366*(x1+-39120412.028602))+(-2258983954.160880+(115.606777*x1)))+(x0*-27.721000))aq((x1*x0)*(x0aqx1)))*((275480199.444112+(0.520200*(-529565451.835461+(x1*-1.000873))))+(((32191906.583189+-22.719000)aq(511557553131.545105*x0))*0.000000))))+(-0.023247+(((((x1-x0)+(x0*-27.721000))aq((x1*x0)*(x0aqx1)))*(-32.994707+(32.994415+(0.000610*(x0aqx0)))))*(-0.000000+(-0.000001*(((16.702000-x1)-6.837542)*((x0*0.040518)+-0.047932)))))))))+(7593.456697+((((-2.212802*(x0aqx0))+-2.619890)+(-0.088059*((x1+19.802000)aq(x0+x0))))*0.000052))))
sbp,527_analcatdata_election2000,ok,14,67,0.99999,378.184335,307,2006.36,,1147971432.920614+0.000002*(((((((((((x12-x9)*(x13+x1))*((x3-x11)*(x5aqx5)))*(((x4+x13)aq(x11-x10))aq((x6-x3)+(-334899.556000*x9))))*0.000045)+(((((10178268398722082816.000000*x11)+116482817354015392661504.000000)*(x9-x10))*-0.000000)+-4.408932))*0.280159)+264593.302928)*((-2.294817*((440404.674042+(((576636.077000-x0)+(x9-x2))*-0.767381))+x5))+((((x9-x3)-(x0+((0.986510*((x1+x9)-(x0--102771.361395)))+101358.211349)))*1.750131)+(((((192152080643027.468750*x13)aq(x7*x8))aq((((0.000000+x13)aq(x11-x10))*56437310589280131743744.000000)+-875822355893880149245952.000000))*0.000000)+(-703.691337+(-10.189438+(0.000000*(x2*(15424050814103525376.000000+(x7*-206100552657991456.000000))))))))))+((1.627333*((((((0.000020*((0.000000+x13)*(-1577880.076000aqx10)))+(((x10aqx6)*-0.002254)+-2765295183.196950))*1382677973.167229)+83885518510066.546875)+(22480291329514131319911793207279616.000000*(((-0.000000*(x4aqx13))+0.000000)+(0.000000*(((x1*x13)aq(x7*x8))aq((-1249668.237000aqx6)+(7188.101781*x7)))))))*(((((192152080643027.468750*x13)aq(x7*x8))aq(-56758621935904938262528.000000+(2158690.949071*((192152080643027.468750*x13)aq(x7*x8)))))*0.000000)+0.000087)))+((((-409494037579.714722*(((192152080643027.468750*x13)aq(x7*x8))aq((-10675900.804044*((-79608792250222.437500*x13)aq(x7*x8)))+-65388942635182099267584.000000)))+717721.790352)+(((((-9998064125810.123047*x13)aq(x7*x8))aq(550744907613691071954944.000000+(x7*-6864180763260059910144.000000)))*(-0.000000+((x4-x8)*0.000000)))*5181272874160397221888.000000))+(((-947802291221800609648738304.000000*(((192152080643027.468750*x13)aq(x7*x8))aq((((x3*0.000000)*256652054104138.093750)+-84467803072830807998464.000000)+-87663445269313686077440.000000)))+(-3239914878802936864754892800.000000+(-1567032.516531*((238455292902573129599025152.000000+((x2*x2)*-1190678228498704498688.000000))aq(-991676441160.235596+(68461963.754495*(x9-x10)))))))*(0.000000+(-0.000000+(-0.000000*(((x9aqx13)*44.106287)+(-7523166.033461+((0.014132*x5)+-0.647917)))))))))))
sbp,529_pollen,ok,4,200,0.432912,2.573802,423,2013.41,,-2700.565766+0.000000*((((12758543.920423+(((-2.786970*((-25658.530189+(x2*2838.363302))aq(((x2-60569.794752)*-25464391.781657)+-1542240538828.976562)))+-4.822080)*0.779844))*((341.810733*(x1-(70.789000-((-1.999437*((x0+x3)+(-102.471000+x0)))+(-10264.968407+(-0.167276*((x2-x3)+-133906.160459)))))))+((((((((x0aqx1)+(x3+x0))-((0.000000-x0)+(0.000000aqx2)))*(((x3aqx1)*4.028269)+13.734492))*-1.657635)+((387.420021*((-0.588002*(x1aqx3))+31005.088794))+-12035027.301048))+(-356.914689*((((-124.431628*(x1-x0))+-664066.735348)*((-93192144.425498*(0.000000+0.000000))aq((x1aqx0)-(16.276000+x2))))+((18.124052*((x1aqx1)aq(x3*111.168000)))+(((59.898207aqx3)*-0.079193)+66.111289)))))+((((((x2*x3)aq(x0+141.927000))*359.548341)+-6776046.580494)+(((-5.404204*((x2aqx0)aq(x2+x2)))+(-18116.267599+(-0.007656*(0.000000*x0))))*(((-1377282618.638023aq(x2*-104724.882249))*0.000001)+-374.018944)))+(((x1-((-1.000009*(-5664395068515.102539-x1))+-5664443664627.086914))*-757285.881651)+(((((-32.420000+x3)*(x0+-16.212000))aq((x1aqx0)-(16.276000+x2)))*4.515203)+-80656.873066))))))+((32017270.250381*(((300167698305158.937500*(x1-(28666.649007+(((x1*-0.093995)+2694.510096)*-10.638909))))+(9046783.231654+(((-25658.530189+(x2*2838.363302))aq(((x2-60569.794752)*-25464391.781657)+-1542240538828.976562))*-1048217.196684)))*(((x1-(1468.211938+(((x1*0.218155)+-320.298201)*4.583891)))*-552891863.539548)+((((((x0*x0)*-308.869242)+43836.033221)*(((x3aqx1)*4.028269)+13.734492))*0.000000)+(24.634277+(0.000000*(((x2-x1)aq(x2*-50.053000))*((x3*-946060660942.323608)+65636935.602977))))))))+(((-913896229603377.375000+(25063330439072743161856.000000*(x1-(((11286.999282+(1.367951*x1))*0.731021)+-8251.028822))))+(((-1473936.640515+(341138741.217835*(((0.000000-x1)aq(x2*-50.053000))*(0.036084+(-51.121230*x2)))))*((2793912201826392064.000000+(46131630768858.531250*(x2-60569.794752)))aq(((x2-60569.794752)*-25464391.781657)+-1542240538828.976562)))*0.000001))+(((x1-((-0.834043*(-290230.515652+(1.198979*(241893.362124-x1))))+(-171.407564+(-0.000000*((x2aqx0)aq(x2+x2))))))*((-2456233908.559680*((((x1aqx3)*11656940.080765)+((x1*-3020651.215752)+5599822.220038))aqx0))+(((((x1aqx3)*11656940.080765)+((x1*-3020651.215752)+412527.903387))*1341528102.234953)+(((x1-(0.000000+x1))*-48997142964456126802229354037248.000000)+-1360102798016129370423296.000000))))*(((((x2*x3)aq(x0+141.927000))*(282.058483+(420463.969332*((x1aqx1)aq(x3*111.168000)))))*-0.000003)+-4.083362))))))
sbp,537_houses,ok,8,200,0.84005,39880.864013,427,2017.59,,-111288050.933885+33028.167617*((((((-122.100701+((((((x1*-1244.631010)+36652.826301)-x2)-(x2-x6))aq((x2-x3)+(x7-x1)))*-0.001201))+(((x5*x0)*(-26441.639000aqx4))*-0.000094))+((1145.923296+(-0.000000*((-19531649.530594+(((x7aqx6)-(x6+x7))*240575.861860))*(((-0.000138*x2)aq(x1-x4))*(((182262.993136*x0)+-1373011.425488)+(8391.965202*(x4aqx2)))))))+(((-45.952349*(((x0*-587311.512229)+1266459.385664)aq(((-224992923272.421875*x7)+-27500951112788.257812)+(x7-x1))))+(((((x6*x3)aq(x6-x3))*(0.004024+(0.000000*0.000012)))*0.783695)+((153.818400*((x0*-0.194784)aq(x1-x4)))+1145.673310)))+(((((x0*x2)aq(x1-x4))*((3842581.260526*(x4aqx2))+-1232293.021887))*-0.000000)+(((((x6*515828367280.932617)+-19497156842521.730469)*x2)*-0.000000)+(1146.620718+(-0.000000*((x0*-2458993355.514999)aq(x1-x4)))))))))*1.017883)+((((-0.034274*((((-230144357096850432.000000+(485446255457125376.000000*(0.000000aqx5)))aq((-3918285886142830.500000+3918290520618318.000000)+(-4630515277.986949-x1)))*-0.000000)+((-1010516438.140250*(x5aq((x2*1428445979.246824)+-354263194475.842773)))+-0.939989)))+(99971077.538292+(-0.000000*(((((x2aqx5)*-0.000418)+0.001079)aq(((-224992923272.421875*x7)+-27500951112788.257812)+(-4630515277.986949-x1)))*((((x6*0.000000)aq(x6-x3))*-212063759204619344936960.000000)+(((x3aqx5)*-61926493224191219778715648.000000)+79090790429056652187533312.000000))))))+(((((-19531649.530594+(((x7aqx6)-(x6+x7))*240575.861860))*((-0.000010*((x7aq0.000000)-(x6+0.000000)))+-0.001646))*(0.000025+(-0.000088*(x5aqx4))))+((0.000000*(((x3*82337.687759)aq(x1*x6))aq((x3aqx2)-(x0*x2))))+(((((x2aqx5)*-4.571015)*-0.000000)+-0.000000)+((((x4aqx3)aq(x0*x0))*0.000000)+(((x6+x7)*0.000001)+-7.536213)))))*(13265269.505859+(4.845094*(0.010182+((((349749132439.939758*x6)+-13219135893502.001953)*(-0.000000+(0.000000*x6)))*1.141588))))))+((((((x0*x2)aq(x1-x4))*(-3294.143002+((2268312.030218*(x3aqx4))+-1010488.296756)))*((-62771929150479778447360.000000*((-0.000000*(x3-x5))+3294.143004))+206779711109370440692269056.000000))*0.000000)+((57269695.867879+(-4.317266*(13265269.146643+(-813290703725.359253*(((x0*-10977592923074596.000000)+-7191148652100200.000000)aq(22309786744177060861801467478016.000000+(-451120932330234078722139357184.000000*x1)))))))+(((((x0*x2)aq(((x0*7357457592662203826176.000000)+-13650129644482245689344.000000)-x4))*31416511639312244.000000)+((((6742091025.396614*x2)aq(4255487564634325516288.000000+(x7*34803740891347091456.000000)))*-1549.453169)+0.229098))+(0.000000*(18872732.166278+(-656.915057*(((x0*-587311.512229)+1843427.411813)aq((x2-0.000000)+(x7-x1))))))))))))
sbp,542_pollution,ok,15,60,-4.023407,188.2447,473,2009.54,,-159710286.411682+0.000000*(((((-0.347814*((x8*x5)+((((((x5*x9)*(x14+x9))aq((x13+x13)aq(x10+x12)))*-0.006420)+147.107131)-((0.007689*(((x9+x1)+(x11*x7))aq((x3-22983.478000)*(x1-x13))))+(-262966.594635+((4.288298+(x8*-0.100801))*((x11+x6)aq(x8+x13))))))))+((1.100982*(((-83152.850483+(((x8*x10)*(x13*x10))*0.000031))+((((x3aqx9)aq(x4+x6))aq((x6*x2)-(x7+x5)))*-1800729.514547))+((0.196202*((-1492.217220+(505.277005*x11))aq((x3*x5)-(x12*x0))))+-3.979886)))+(((((((x5*x9)*-1.499270)aq(-2474.822329+(278.906351*x5)))*-2.759937)+(((x5aqx9)*284.948551)+(((x12aqx12)*-62.419672)+((x6*0.700637)+-69.657068))))*1.422320)+(((((-4558142785195419.000000*(49.332508aqx1))+(12861634132046724.000000+(-170572798247246.500000*x1)))aq((x1aqx2)+(x13-x0)))*0.000000)+(((((x8*x10)*(x13*x10))*((-0.258824*x13)+41.603768))*0.000001)+((((x13+0.000000)aq(x10+x12))*6.710882)+((0.339004*(x14+x9))+((19.044750*x4)+-117.714279))))))))*-72148173.821359)+((-366043903.142049*((((35.750078*((-847.251545*(-56919455434191.937500aq(x11-x10)))+(((x9+x1)*638584941676988.750000)+-55261173635268704.000000)))+4387729618799290220544.000000)-((-17189774297177432.000000+(((-1546974863529748992.000000+(49996265753933584.000000*x1))aq((x1*201179043697189549330599803585019572926808064.000000)+-3755873125100091884670387656898157832625455104.000000))*893011331592157971564943212037594322896420864.000000))+(-7384309824155267072.000000*(((x5*x9)*(x14+x9))aq(((x5aqx9)*1586167990.108185)+-347256228.074042)))))*(((((x5*x9)*-1.499270)aq((-0.203519*((x6*x2)-(x7+0.000000)))+634.983375))*0.000000)+((-0.000000*(((24333273564177205679565482403823616.000000+(-723666128302667975302717309452288.000000*x1))+-23937212934274620677137992125513728.000000)aq(-20392104070121306264284702613438464.000000+(749867116606068428648536350916608.000000*x1))))+(0.000000+(0.000000*(((x5*x9)*(x14+x9))aq(-120582862.156025+(17059054.371843*x3)))))))))+((5667924517113642.000000+(((-3683831566998469067463731661327977992404508152565157632267775491929276416.000000*((((x6aqx8)*0.000000)+-0.000000)*(((x8*0.000000)+-0.000000)aq(x3-x8))))+(-320108060.901728+((((x7*-6603744133582471648189066088774893568.000000)+-929612348658262126058839486758912.000000)aq(5798648.527976+(x9*-114189.281302)))*-0.000000)))*0.642293))+(((((0.000000*(((723666128302667975302717309452288.000000*x1)+-23937212934274620677137992125513728.000000)aq(-43013482454523240775680.000000+(x6*563194654959360212992.000000))))+147.275529)+((((-40610866.579887+(x7*19475.847376))*x7)aq((-8961570.490645+(134111.179590*x2))+(0.813384*x2)))*0.000000))+((0.000002*(((-83895835539704082580193932597396504576.000000aq2332912886570347921408.000000)*0.000000)+(((x12aqx13)*-22.528436)+83308.139897)))+((-0.000000*((-1355347655116924387328.000000+(x5*130498867128159748096.000000))*((x5*-26952.047000)aq(x3-x8))))+((-294.688822+((x3aqx9)*0.000355))+-294.688753))))*(293741764818.949219+((-12660170447698.070312+((((x8*x10)*-0.000133)*((-0.258824*x13)+41.603768))*-391278.768874))*(43305.880739+(((-4558142785195419.000000*(49.332508aqx1))+((-170585611217093.437500*x1)+-867017912952452701866688512.000000))*(0.000000+(0.000000*(x12aqx0))))))))))))
sbp,547_no2,ok,7,200,0.12147,0.635521,439,2006.58,,96216.026565+-0.000000*((((-1046409.130290+((-9169.909132+(-0.000000*((686391736266427336189265060808359936.000000+(x0*1055295114756012510809874759680.000000))-(((x0*1055295114760821088574511251456.000000)+686391736266427336189265060808359936.000000)-9679064682594.511719))))*0.000001))*((-1159060.577051+((((x0*315.406000)+(402.978509+(((x3-x2)aq(x6--1930.265000))*297467.143171)))*-0.041030)*-2014.596501))aq((((((x4*x1)-(x3-x4))aq((x6-x5)aq(x5+-1040.167000)))aq(((x1+x2)+(x4*x5))aq((x1+x0)-(x1+x5))))*-0.005188)+((((((x3aqx0)aq(x1+x5))*-111.485528)+((-0.007141*((x6*x5)aq(x1-x5)))+2378.220892))*-0.003408)+((0.000004*((((-1248.025000-x5)-(191.445000-x0))aq((x4aqx0)-(x2+x4)))*(((x0aqx0)*(x6aqx3))aq((x0*x4)aq(x2*x4)))))+(9.089449+((((869858.692195+x2)+(x4*x5))aq((x1+x0)-(x1+x5)))*0.000000)))))))+((((-0.000118*((-561999.966337*((((-1248.025000-0.000000)-(191.445000-x0))aq((x4aqx0)-(x2+x4)))*((34.587278+(-5.441579*x0))aq((x0*x4)aq(x2*x4)))))+((-24644871.091759+(-664844514.416450*((x2aqx4)aq(x5aqx3))))+(-1329761.337344*(((x0aqx0)*(x6aqx3))aq(4451.914398aq(x2*x4)))))))+((((37.675227+((0.000318*(-288045.990251aqx0))*2.629323))*((((x4*x1)-(0.000000-x4))aq((x6-x5)aq(x5+-1040.167000)))aq(((x1+x2)+(x4*x5))aq((0.000000+x0)-(x1+x5)))))*-106.746470)+((0.973689*(((x1+x2)+(-1641.739139*x5))aq((0.000000+x0)-(x1+x5))))+(((((-1248.025000-x5)-(0.000000-x0))aq((-814.011273*x2)+4789.680385))*-359.218182)+232066.244966))))*-1142412.321189)+((1.273710*(((261748898167771168.000000*((3220.522139+(x1*319.368488))aq(1159185880093.284180+(1251058809537.956543*x3))))+-256248743.029217)+((((-1248.025000-(-246707986.357728+(19630.413788*x5)))-((-14953.065510*(x0-x3))+108444.426075))aq((0.018893*((x0aqx0)*-26005963.219702))+487522.927995))*457.402192)))+(((((11122809760705572503552.000000+((-2193512725.611033+x2)*5070775124672.916992))aq(424635114952.599548+((-2193512725.611033+x2)*193.586803)))*-0.157456)+2459443849708397.500000)+((((((12.243750-(191.445000-0.000000))aq((x4aqx0)-12.369401))*(53938054473695.562500+((x4aqx0)*-14344214851776.214844)))*-0.000000)+(-23688217833.474411+(23688287057.302517+(-0.072625*(x0-x3)))))*(((((-1248.025000-x5)-(-24546985165337509888.000000+(1348280584865192704.000000*0.000000)))aq((x4aqx0)-(102550488012009763214167375872.000000+(-1277784108100189558872735744.000000*x4))))*-5008973975260.193359)+((439.050277*((x0*x4)aq((255.880058*x0)+-1453.905943)))+(35529076552.605530+(3678.920443*(x5aqx3)))))))))))
sbp,556_analcatdata_apnea2,ok,3,200,0.835229,1480.031165,385,2010.99,,-123.371344+-0.022669*(((((22.291097+((((-56.759128*(((x0+-23.970000)aq(x2-x2))aq((x1*x1)-(5.620000+x1))))+-166.199703)aq((x0-x1)*(10.958000--3.321000)))*-0.713652))*(((3.753000aq-6.714000)-((56.710214*(((x0+-23.970000)aq(x2-x2))aq((x1*x1)-(5.620000+x1))))+168.280625))aq((x0-x1)*(10.958000--3.321000))))+-1.745477)+(((((((((-9177.007817+(1681.847443*x0))aq((x1*x1)-(5.620000+x1)))aq(((x0--13.118000)*(x0aqx0))aq((x2*x0)-(x0*x1))))*-19.234736)+-7046.723735)aq((x0-x1)*(10.958000--3.321000)))*((((((x0+-23.970000)aq(x2-x2))aq((x1*x1)-(5.620000+x1)))aq(((x0--13.118000)*(x0aqx0))aq((x2*x0)-(x0*x1))))*-0.481930)+-0.567883))*-1.454571)+((((0.000000*(((-0.001545+((x0*x1)*-0.000000))+(((0.000000+x0)aq(x1*x2))*-0.005813))*((((x0*-1850822367658194676114128350740480.000000)+1623180968161890363987291619196928.000000)aq(339866738270180992.000000+(-113776634426020464.000000*x0)))*((87039054.857627*(x1aqx1))+-76796215.785734))))+3654.792518)+(-0.000298*((-252.679690+((((-21425.024285+-143.925470)+(0.000000-x0))aq((17.145000+x2)*(x0+x1)))*-17.016847))*((((8195442798385.891602+(-2436770376522.890137*0.000000))*((39.957000+x2)aq(x0-x1)))+((-4907.323082*(x1aqx0))+40156.871725))aq((((x2-x0)*-843947996318.566406)+4850476329375.766602)-(5.620000+x1))))))+((((((348257851921195070908185635025059840.000000+((x0aqx0)*-321523725938295247593693802882138112.000000))aq((x1*x1)-(5.620000+x1)))aq(((x2*104897477.290518)+-211194716.877712)aq((x2*x0)-(x0*x1))))*(-0.000000+((((x2+0.000000)+(4.053141-x0))aq((17.145000+x2)*(x0+x1)))*-0.000000)))*0.000000)+((196.345930*((((8195442798385.891602+(-2436770376522.890137*x0))*((39.957000+x2)aq(x0-x1)))+((-4907.323082*(0.000000aqx0))+40156.871725))aq((((27.923388aqx0)*2216049541459.087891)+-14665166282385.593750)-(((x2*-853205771293.091309)+6402966091580.390625)+(-1946257376503.148682+(985264358304.877686*x0))))))+(((((3413001799428667867136.000000+(-720456513376593510400.000000*x0))aq((x1*x1)-(5.620000+x1)))aq((92290329393403304798988378822992525896187904.000000+-211194716.877712)aq((x2*x0)-(x0*x1))))*120033894924018097007362048.000000)+(-11918.321130+(-0.092659*(((x1*-887618.773623)+-195978.923945)aq((17.145000+x2)*(x0+x1))))))))))))
sbp,557_analcatdata_apnea1,ok,3,200,0.75243,1767.053016,435,2013.39,,268.678796+0.080269*(((((((0.015648*((23337.948981+(((39.957000+x2)aq(x0-x1))*-1450.886578))aq((x1*x1)-(5.620000+x1))))+28.088216)*(((-129.431962+(-51.424376*(((x0+-23.970000)aq(x2-x2))aq((x1*x1)-(5.620000+x1)))))-(x0+-35.140000))aq((x0-x1)*(10.958000--3.321000))))+((((((((x0+x1)aq(x0*x1))*6100.692448)+-96.726905)-(x0+-35.140000))aq((((x0+x1)aq(x0*x1))*216666.333379)+-46822.538149))*1042780.151530)+(((((((x0+-23.970000)aq(x2-x2))aq((x1*x1)-(5.620000+x1)))aq(((x0--13.118000)*(x0aqx0))aq((x2*x0)-(x0*x1))))*((70292.255026+((x2aqx2)*-67953.174197))+-66.150629))*0.117172)+((-0.000110*((42178564.876005+(-174330753.980809*(x0aqx0)))aq((x1*x1)-(5.620000+x1))))+((-55.715696*((x1*x1)*(x0*x0)))+-33538.960487)))))*-0.435369)+((0.000276*(((-171.731144+(((((0.000000+-23.970000)aq(x2-x2))aq((x1*x1)-(5.620000+x1)))aq(((x0--13.118000)*(x0aqx0))aq((x2*x0)-(x0*x1))))*((-20.964223*((x1*x1)-(5.620000+x1)))+-244.962316)))aq((x0-x1)*(10.958000--3.321000)))*(((((((x2*4435.700208)+-16706.377193)aq(x2-x2))aq(34231427.549085+(-10337218.408400*(x0aqx1))))*28.826417)+(-101092.269665+(-24933105224.174023*((1.943272+-23.970000)aq(x2--6394280.229356)))))+((115851367801.863373*(((-1.943391+-23.970000)aq(x2-x2))aq(((x2aqx2)*-2922053601.499918)+2856286632.829076)))+((((x0+-912941370585.800537)aq(-3576452.739458+(2161404.340995*x2)))*0.133741)+148320.267107)))))+((((((((x0-x2)*-1269630734040354304.000000)+562667351125924864.000000)*(((2608391619990433792.000000*x2)+-12830544596175128576.000000)aq((x0-x1)*(10.958000--3.321000))))*-0.000000)+397.340058)+(((39229823404.248566+((-8548828754078128838099150872110130696493681841537024.000000+((x2*x0)*717463377106333114435343293566360819890425666994176.000000))*(((x2*-3987558545231282848705525905649639948668652289636164644267696137379795383215522379395193114336428032.000000)+22820418141135866830984115145537000583256360874975540322056066672185791350436324692358876131210821632.000000)aq((x0-x1)*(10.958000--3.321000)))))aq(((x2aqx2)*-2922053601.499918)+(2330240118.887176+(92436731.785656*x2))))*0.000000))+((-679.490492+(((5891155629506142.000000+(-6686780782295909.000000*(x0aqx0)))aq(10281036.365739+((x0aqx1)*-3392175.252271)))*-0.000002))+((((((-419090.399374*(x2aqx2))+422865.614835)aq(((x0--13.118000)*(x0aqx0))aq((x2*x0)-(x0*x1))))*-0.055646)+158.721565)+((-4828.532056+(0.000000*((-3189553618204177835906425667135391794310959227350087016798522147070630239618993087315141493673426944.000000*x2)+((3189553618204177835906425667135391794310959227350087016798522147070630239618993087315141493673426944.000000*x2)+5828006676677187212758385720470556719927220517156418563755437229216712855615625494528.000000))))+(-0.000003*(((-46201.738193+(x0*8351.667584))+((535.033418*x2)+7078.912682))*(((x0*-41067.459477)+12120.156793)aq((x1*x1)-(5.620000+x1))))))))))))
sbp,560_bodyfat,ok,14,200,0.852362,2.785961,345,2010.33,,-6886.514459+-223.120076*(((0.000000*(((x0aqx0)*((0.173182*((((982.654000aqx2)aq(x6aqx10))*((-842.215126aqx5)+(x3+x0)))aq(((x2*0.852670)+-99.449489)*((x11+x10)+(x3-x2)))))+-2254.639350))*((0.000000*((((((-2.188237*x5)+243.982720)aq(-8034.353438+(152.344393*x8)))*-22.540128)+(-10.053265+(((0.000000+x9)aq(x3-x5))*9.076414)))*((((4293565049.796652aqx2)aq(x6aqx10))*((-175.020296*-85.761154)+22697.758775))aq(-309405.143814+(227.580958*(x4*x1))))))+((((280658396946416762093568.000000+((-36781598.304320*(-59.775626-x8))*-64966467212890.445312))*(((-190292945461282217769566208.000000*(x7-x8))+(1386227456425696816407773184.000000+(62770342364627312100507648.000000*x7)))aq(33264.900657+(-6441.565093*(x8-x3)))))*0.000000)+-258559.720173))))+(((2028679.683981+(((((24041719315.368259+(-294296300.548708*(x7-0.000000)))aq(((x8*66264842016883042418688.000000)+-3530648311453903208054784.000000)+(-6441.565093*(x8-x3))))*-45372890760855.648438)+(1.894869+((((982.654000aqx2)aq(x6aqx10))*(12.601768+-0.016737))*-0.000419)))*-0.000020))+(-0.000018*(((227456903139.321533+(-0.000043*(((x0*29695.895228)+-31165.798923)*((x0*-3474.801425)+3642.006078))))+((((931695882817145420958957412382193685346365910262821481242361340100608.000000+(x7*-9282571716080498272812832087519561342140067297857618483785391669248.000000))+(9496323533823923459017102230586904561851124849135600009216.000000*(0.000000-x8)))aq(((x8*66264842016883042418688.000000)+-3530648311453903208054784.000000)+(-6441.565093*(53302807993495592960.000000-x3))))*0.000000))+((((((-1.721655*x0)+0.263958)aqx0)*(-1997932.220516+((x0aqx0)*1585046.901612)))*-0.046125)+(((((x6aqx6)*193929.478195)*1.207617)+-87855213564.491348)+((((-7479.208321aqx5)+(x3+0.000000))*0.355140)+(((x0*x9)*-1.720817)+-28158770174.659187)))))))+(((-0.000000*(((931695882817145420958957412382193685346365910262821481242361340100608.000000+(x7*-9282571716080498272812832087519561342140067297857618483785391669248.000000))+(-294296300.548708*((x13*-21512047535973600013150734688814076513157653410749950309672368132070384790545751207058331997899719973011456.000000)+384911206811073961320108035159539521010982055848122582140875161715416538603412351656297156877782304996458496.000000)))aq(((x8*66264842016883042418688.000000)+-3530648311453903208054784.000000)+(-6441.565093*(53302807993495592960.000000-x3)))))+0.000010)+((-0.000007+(0.000013+(((((x7aqx9)*-0.000000)+0.000000)aq(33264.900657+(-6441.565093*(x8-x3))))*-16763354691281248852306596003315712.000000)))+(-0.000010+((((((x13*7922938209090780790784.000000)+-140130251650388107198464.000000)aq(x6aqx10))*((-842.215126aqx5)+(-61.679615+70.157813)))aq((174.993180+((-7781188289536608.000000aqx2)*0.000000))*((x11+x10)+(x3-x2))))*0.000000)))))))
sbp,561_cpu,ok,7,200,0.998821,6.701826,309,2149.3,,-687.559263+0.000000*((((((407095.086202+(((((26282466.988721+(17497.035147*x0))+-8155.916289)+((x3-x2)-((x0*12265.187737)+85947509.465369)))*(0.002086+((2519.308129+(-0.182388*x0))*-0.000000)))*11.469606))+-340457.336925)+3116656241.396986)*((((x6*x2)+((0.000627*((x3+(x4*x4))*x3))+(-59986.561390+(2337.731680*((x4-x6)+(x5-0.000000))))))*0.000057)+(((-0.000000*((-76826751162.409088+(x3*2627438.097523))*(-27964.642000+x3)))+8.203238)+((-0.000000*((((x3--309904.872000)*(x2+x4))+(-1001706649.431300-(-68358.008057--80860.713000)))*(((x4*x4)+-8155.916289)+((x3-x2)-(x3-x4)))))+((((((0.000000-x6)+(x5-0.000000))*-0.027216)+-1.373090)+0.439475)+((0.000000*(((x5aqx1)*597216381.420607)+(9672434.629891+(-8390.245487*x3))))+0.436449))))))+((-10711.591524*(((x6*x2)+((0.000627*((x3+(x4*x4))*((-1.009353*(x2+0.000000))+-2928.944878)))+((2106.550181*((x4-x6)+(-12.520946+39.016913)))+-53990.428356)))*((0.000000*(((-15675467293.175699*x3)+220456915978894.843750)aq(-0.026668+(((x3*x5)+(187390.202000+x5))*1.000000))))+3.346893)))+((((((((0.000000*x4)+0.000000)aqx1)*-12011012128.790257)+1015800.692750)*((((-0.181688*((x5*x2)aq(x0-x3)))+(0.327759+((0.000105*x2)+0.037412)))*-0.144527)+((1015803.676057+(0.001014*(-2885.630852-(x6-0.000000))))+((((x5aqx1)*597216381.420607)+((-13018.577159*x3)+97107781.052495))*-0.000000))))*-81565.905267)+((((0.000065+(-0.000000*((556.027214+(x3*-0.020409))*((x4-x6)+(0.000000-0.000000)))))*((-76826751162.409088+(x3*2627438.097523))*(0.000000+(((0.000000+-77722.617530)*x3)*0.000000))))*1400342869160243456.000000)+(84164479279195136.000000+(((((x2*-311963.486106)+-2282243.355715)+(-1001706649.431300--67585573.532550))*(-0.000000+(0.000000*(x6aqx4))))*44088094550118227968.000000)))))))
